# Blender 4.2.1 LTS
# www.blender.org
mtllib terrain.mtl
o Plane.004
v 12.500000 12.500000 0.333193
v 11.989356 12.498900 0.330862
v 11.478874 12.498036 0.341016
v 10.968558 12.497342 0.340871
v 10.458486 12.496768 0.352601
v 9.948610 12.496254 0.341441
v 9.438686 12.496026 0.338588
v 8.928876 12.495896 0.311029
v 8.418734 12.495622 0.290431
v 7.908906 12.495430 0.255332
v 7.398684 12.495310 0.216194
v 6.888706 12.495430 0.168368
v 6.378326 12.495724 0.095967
v 5.867274 12.496174 0.037403
v 5.355926 12.496566 0.022537
v 4.845044 12.496894 0.043691
v 4.334712 12.497326 0.072577
v 3.824632 12.497856 0.090911
v 3.314766 12.498228 0.117527
v 2.805246 12.498414 0.115745
v 2.295140 12.498808 0.100729
v 1.785064 12.499152 0.100911
v 1.274974 12.499540 0.100195
v 0.764818 12.499680 0.103024
v 0.254776 12.499856 0.123095
v -0.254776 12.500144 0.123095
v -0.764818 12.500320 0.103024
v -1.274974 12.500460 0.100195
v -1.785064 12.500848 0.100911
v -2.295140 12.501192 0.100729
v -2.805246 12.501586 0.115745
v -3.314766 12.501772 0.117527
v -3.824632 12.502144 0.090911
v -4.334712 12.502674 0.072577
v -4.845044 12.503106 0.043691
v -5.355926 12.503434 0.022537
v -5.867276 12.503826 0.037403
v -6.378326 12.504276 0.095967
v -6.888704 12.504570 0.168368
v -7.398684 12.504690 0.216194
v -7.908906 12.504570 0.255332
v -8.418734 12.504378 0.290431
v -8.928876 12.504104 0.311029
v -9.438686 12.503974 0.338588
v -9.948610 12.503746 0.341441
v -10.458484 12.503232 0.352601
v -10.968556 12.502658 0.340871
v -11.478874 12.501964 0.341016
v -11.989356 12.501100 0.330862
v -12.500000 12.500000 0.333193
v 12.499474 11.990358 0.331598
v 11.988920 11.989242 0.359101
v 11.478584 11.988226 0.377045
v 10.968378 11.987322 0.391643
v 10.458428 11.986708 0.405718
v 9.948704 11.986374 0.407068
v 9.438986 11.986206 0.386201
v 8.928990 11.985976 0.346812
v 8.418766 11.985838 0.328631
v 7.908962 11.985676 0.302863
v 7.398830 11.985704 0.255095
v 6.888742 11.985654 0.213035
v 6.378560 11.985722 0.140059
v 5.867444 11.985910 0.065324
v 5.356012 11.986150 0.045910
v 4.845178 11.986512 0.059520
v 4.334858 11.986954 0.078664
v 3.824836 11.987438 0.088850
v 3.314834 11.988104 0.101300
v 2.805170 11.988530 0.106775
v 2.295208 11.988942 0.093990
v 1.785076 11.989440 0.088901
v 1.274852 11.989666 0.085457
v 0.764652 11.989934 0.101193
v 0.254778 11.990328 0.118111
v -0.254942 11.990534 0.112135
v -0.765042 11.990600 0.099956
v -1.275086 11.990778 0.102782
v -1.785072 11.990992 0.100329
v -2.295050 11.991448 0.098636
v -2.805276 11.991850 0.098784
v -3.314986 11.992012 0.122841
v -3.824434 11.992308 0.095275
v -4.334684 11.992630 0.060137
v -4.845032 11.992786 0.031699
v -5.355934 11.993050 0.015721
v -5.867000 11.993404 0.030584
v -6.378006 11.994044 0.079142
v -6.888386 11.994546 0.136982
v -7.398658 11.994680 0.174533
v -7.908894 11.994672 0.223421
v -8.418848 11.994354 0.260142
v -8.928808 11.994062 0.292322
v -9.438642 11.993826 0.316241
v -9.948594 11.993384 0.326521
v -10.458562 11.993014 0.334890
v -10.968618 11.992456 0.328925
v -11.478994 11.991968 0.319207
v -11.989672 11.991280 0.315228
v -12.500526 11.990358 0.331598
v 12.499156 11.480624 0.337519
v 11.988520 11.479846 0.379697
v 11.478184 11.478886 0.423953
v 10.968178 11.477968 0.457214
v 10.458538 11.477304 0.473218
v 9.949028 11.476946 0.451789
v 9.439078 11.476678 0.422931
v 8.929154 11.476368 0.397470
v 8.419078 11.476362 0.362632
v 7.909110 11.476360 0.325673
v 7.398952 11.476202 0.275772
v 6.888802 11.476160 0.229690
v 6.378492 11.475976 0.156951
v 5.867390 11.475812 0.096938
v 5.356078 11.475966 0.079803
v 4.845262 11.476224 0.098758
v 4.335078 11.476696 0.111928
v 3.825026 11.477266 0.114471
v 3.315082 11.477694 0.107147
v 2.805246 11.478332 0.100817
v 2.295360 11.478882 0.077990
v 1.784996 11.479292 0.063382
v 1.274770 11.479726 0.075441
v 0.764740 11.480268 0.084960
v 0.254736 11.480670 0.086049
v -0.255318 11.480756 0.090696
v -0.765252 11.480776 0.094715
v -1.275266 11.480982 0.097470
v -1.785062 11.481272 0.100784
v -2.295000 11.481632 0.080120
v -2.805350 11.481896 0.082014
v -3.315030 11.482272 0.100756
v -3.824566 11.482392 0.072972
v -4.334916 11.482388 0.046184
v -4.845184 11.482444 0.036266
v -5.355894 11.482668 0.020647
v -5.866678 11.483124 0.039799
v -6.377338 11.483968 0.051755
v -6.888312 11.484560 0.094817
v -7.398586 11.484612 0.150998
v -7.908976 11.484548 0.189155
v -8.419060 11.484270 0.255298
v -8.928638 11.484114 0.285716
v -9.438672 11.483966 0.300115
v -9.948612 11.483648 0.323040
v -10.458588 11.483294 0.329001
v -10.968744 11.482768 0.328564
v -11.479078 11.482086 0.316601
v -11.989908 11.481376 0.310865
v -12.500844 11.480624 0.337519
v 12.499112 10.971092 0.364094
v 11.988426 10.970574 0.404534
v 11.478020 10.969992 0.452009
v 10.967998 10.969274 0.501552
v 10.458536 10.968550 0.531408
v 9.949158 10.967942 0.517487
v 9.439334 10.967510 0.478939
v 8.929390 10.967288 0.443814
v 8.419370 10.967020 0.396212
v 7.909172 10.966720 0.353803
v 7.399084 10.966472 0.302220
v 6.888720 10.966300 0.248301
v 6.378244 10.965966 0.196985
v 5.867356 10.965808 0.149729
v 5.356292 10.966058 0.128088
v 4.845476 10.966556 0.135973
v 4.335394 10.966982 0.134908
v 3.825108 10.967364 0.118518
v 3.315126 10.967710 0.126118
v 2.805448 10.968050 0.100412
v 2.295324 10.968470 0.069246
v 1.785046 10.968956 0.059804
v 1.274972 10.969638 0.056667
v 0.764816 10.970282 0.049429
v 0.254584 10.970712 0.053648
v -0.255604 10.971004 0.065435
v -0.765498 10.971146 0.077763
v -1.275346 10.971352 0.074864
v -1.785200 10.971594 0.070705
v -2.295204 10.971618 0.054581
v -2.805406 10.971828 0.059183
v -3.315160 10.972076 0.068166
v -3.824948 10.972112 0.054118
v -4.335162 10.972130 0.042609
v -4.845348 10.972292 0.038467
v -5.355832 10.972576 0.033556
v -5.866296 10.973184 0.046342
v -6.376856 10.973774 0.041265
v -6.888008 10.974386 0.064122
v -7.398680 10.974718 0.123776
v -7.909000 10.974688 0.184839
v -8.419014 10.974866 0.246095
v -8.928716 10.974572 0.283321
v -9.438612 10.974220 0.300441
v -9.948552 10.974054 0.316166
v -10.458640 10.973632 0.314219
v -10.968980 10.973042 0.322107
v -11.479344 10.972330 0.326643
v -11.990098 10.971626 0.336601
v -12.500888 10.971092 0.364094
v 12.499192 10.462184 0.390976
v 11.988552 10.461808 0.420801
v 11.477990 10.461246 0.471739
v 10.968118 10.460740 0.523124
v 10.458632 10.460390 0.548320
v 9.949178 10.459722 0.534369
v 9.439414 10.459028 0.507629
v 8.929596 10.458496 0.467307
v 8.419466 10.458114 0.421425
v 7.909230 10.457800 0.377630
v 7.398970 10.457290 0.339143
v 6.888778 10.456874 0.281752
v 6.378046 10.456682 0.231709
v 5.867494 10.456530 0.196421
v 5.356610 10.456752 0.153405
v 4.845768 10.457014 0.141194
v 4.335354 10.457182 0.139669
v 3.825270 10.457350 0.133614
v 3.315164 10.457782 0.118686
v 2.805304 10.458004 0.109415
v 2.295324 10.458176 0.079420
v 1.785238 10.458646 0.057481
v 1.275172 10.459330 0.034377
v 0.764984 10.460004 0.015941
v 0.254568 10.460700 0.002653
v -0.255854 10.460936 0.011778
v -0.765874 10.461000 0.031224
v -1.275534 10.461020 0.035492
v -1.785550 10.461200 0.022465
v -2.295620 10.461174 0.037280
v -2.805446 10.461440 0.041453
v -3.315398 10.461774 0.046487
v -3.825328 10.461852 0.045537
v -4.335440 10.461844 0.051333
v -4.845418 10.462082 0.051336
v -5.355664 10.462466 0.045638
v -5.865896 10.463064 0.034377
v -6.376600 10.463736 0.022420
v -6.887696 10.464276 0.040332
v -7.398634 10.464684 0.097172
v -7.908782 10.465020 0.163329
v -8.418858 10.465284 0.200949
v -8.928982 10.465242 0.257569
v -9.438546 10.464982 0.291157
v -9.948666 10.464670 0.294996
v -10.458866 10.464070 0.320274
v -10.969074 10.463708 0.331237
v -11.479568 10.463212 0.349827
v -11.990116 10.462682 0.366222
v -12.500808 10.462184 0.390976
v 12.499228 9.953742 0.392450
v 11.988742 9.953248 0.420780
v 11.478080 9.952900 0.470436
v 10.968422 9.952474 0.519238
v 10.458666 9.951844 0.524401
v 9.949056 9.951048 0.536220
v 9.439476 9.950408 0.512785
v 8.929656 9.949810 0.474728
v 8.419572 9.949224 0.422700
v 7.909266 9.948652 0.374514
v 7.398872 9.948262 0.333462
v 6.888596 9.947682 0.294725
v 6.378110 9.947224 0.245696
v 5.867546 9.947112 0.204732
v 5.356764 9.946922 0.161257
v 4.845898 9.947036 0.145461
v 4.335466 9.947288 0.141387
v 3.825256 9.947474 0.131964
v 3.315218 9.947484 0.120676
v 2.805260 9.947806 0.097139
v 2.295106 9.947988 0.084117
v 1.785352 9.948170 0.065465
v 1.275342 9.948652 0.025862
v 0.765212 9.949282 -0.012401
v 0.254472 9.949712 -0.048733
v -0.256196 9.950034 -0.023342
v -0.766206 9.950334 0.005223
v -1.275982 9.950444 0.021530
v -1.785890 9.950320 0.016508
v -2.295828 9.950696 0.032792
v -2.805542 9.951036 0.034043
v -3.315574 9.951328 0.035394
v -3.825618 9.951628 0.044993
v -4.335576 9.952006 0.065119
v -4.845396 9.952400 0.060254
v -5.355660 9.952768 0.056856
v -5.865728 9.953092 0.053223
v -6.376272 9.953586 0.029855
v -6.887422 9.954268 0.037079
v -7.398344 9.954914 0.089544
v -7.908598 9.955402 0.144357
v -8.418736 9.955514 0.181704
v -8.928882 9.955732 0.223636
v -9.438698 9.955678 0.263158
v -9.948776 9.955416 0.281714
v -10.458956 9.955260 0.313814
v -10.969030 9.954832 0.318618
v -11.479610 9.954526 0.333810
v -11.990106 9.954148 0.357848
v -12.500772 9.953742 0.392450
v 12.499430 9.445370 0.343049
v 11.988726 9.444970 0.388758
v 11.478442 9.444540 0.436047
v 10.968384 9.444098 0.479266
v 10.458698 9.443396 0.512477
v 9.949098 9.442880 0.517555
v 9.439420 9.441994 0.497644
v 8.929552 9.441032 0.462180
v 8.419472 9.440152 0.418971
v 7.909168 9.439414 0.378670
v 7.398824 9.438652 0.337312
v 6.888388 9.438056 0.302447
v 6.378148 9.437650 0.267418
v 5.867568 9.437426 0.220374
v 5.356788 9.437288 0.190537
v 4.846094 9.437220 0.165576
v 4.335558 9.437188 0.147977
v 3.825210 9.437206 0.139227
v 3.315178 9.437428 0.137200
v 2.805248 9.437504 0.114457
v 2.295054 9.437704 0.094098
v 1.785262 9.438002 0.083241
v 1.275486 9.438380 0.036252
v 0.764998 9.438574 -0.014273
v 0.254332 9.438662 -0.033242
v -0.256184 9.439252 -0.026356
v -0.766318 9.439786 -0.013892
v -1.276562 9.439982 0.000948
v -1.786360 9.439874 0.037378
v -2.295792 9.440098 0.036860
v -2.805676 9.440684 0.031281
v -3.315654 9.441224 0.036981
v -3.825606 9.441736 0.045693
v -4.335496 9.442368 0.048030
v -4.845502 9.442750 0.048210
v -5.355524 9.443214 0.042718
v -5.865692 9.443848 0.034416
v -6.376068 9.444356 0.020383
v -6.887058 9.444982 0.020259
v -7.397908 9.445734 0.053777
v -7.908512 9.446240 0.094655
v -8.418778 9.446382 0.150446
v -8.928722 9.446404 0.187358
v -9.438708 9.446546 0.219749
v -9.948690 9.446550 0.236916
v -10.459080 9.446298 0.255161
v -10.969212 9.445832 0.285649
v -11.479484 9.445540 0.299934
v -11.989932 9.445406 0.321115
v -12.500570 9.445370 0.343049
v 12.499668 8.936136 0.268822
v 11.988874 8.936012 0.319631
v 11.478682 8.935906 0.367136
v 10.968480 8.935540 0.413813
v 10.458864 8.935130 0.446165
v 9.949008 8.934388 0.447149
v 9.439048 8.933350 0.453338
v 8.929262 8.932240 0.446204
v 8.419274 8.931270 0.417607
v 7.909018 8.930342 0.384784
v 7.398596 8.929578 0.354292
v 6.888304 8.928782 0.336339
v 6.378304 8.928338 0.291427
v 5.867722 8.928132 0.233057
v 5.356864 8.927912 0.192920
v 4.846026 8.927616 0.175178
v 4.335500 8.927396 0.170386
v 3.825302 8.927264 0.163238
v 3.315380 8.927428 0.139035
v 2.805160 8.927714 0.114873
v 2.295086 8.927846 0.103305
v 1.785308 8.928070 0.074635
v 1.275316 8.928108 0.016947
v 0.764576 8.928096 -0.016043
v 0.254208 8.928242 -0.016239
v -0.256070 8.928664 -0.027539
v -0.766480 8.929090 -0.026822
v -1.276934 8.929328 -0.001911
v -1.786724 8.929622 0.048456
v -2.295908 8.929940 0.061755
v -2.805514 8.930366 0.036503
v -3.315602 8.931026 0.024744
v -3.825450 8.931736 0.028376
v -4.335382 8.932454 0.015304
v -4.845532 8.933112 0.014843
v -5.355520 8.933510 0.010998
v -5.865592 8.933834 -0.003428
v -6.375868 8.934428 -0.024603
v -6.886642 8.935286 -0.038717
v -7.397654 8.936010 -0.023639
v -7.908396 8.936480 0.017046
v -8.418826 8.936866 0.074163
v -8.928730 8.937074 0.129581
v -9.438604 8.937146 0.153160
v -9.948792 8.937066 0.167645
v -10.459280 8.936864 0.201302
v -10.969298 8.936588 0.240452
v -11.479380 8.936376 0.251027
v -11.989650 8.936284 0.263628
v -12.500332 8.936136 0.268822
v 12.499814 8.426502 0.216855
v 11.989336 8.426600 0.252640
v 11.478874 8.426466 0.282125
v 10.968680 8.426176 0.329734
v 10.458884 8.425754 0.357869
v 9.948852 8.425092 0.372984
v 9.438776 8.424388 0.396121
v 8.929018 8.423496 0.406110
v 8.419050 8.422536 0.385440
v 7.908810 8.421636 0.366795
v 7.398438 8.420686 0.345393
v 6.888230 8.420006 0.334871
v 6.378306 8.419300 0.292931
v 5.867782 8.418602 0.228741
v 5.356840 8.418148 0.189546
v 4.846102 8.417934 0.176975
v 4.335458 8.417800 0.166642
v 3.825220 8.417524 0.180001
v 3.315580 8.417432 0.152865
v 2.805306 8.417486 0.107674
v 2.295124 8.417658 0.080393
v 1.785018 8.417576 0.053945
v 1.274938 8.417366 0.022054
v 0.764366 8.417378 -0.004317
v 0.254110 8.417608 -0.002912
v -0.256038 8.417976 -0.019426
v -0.766576 8.418422 -0.021170
v -1.276974 8.418944 0.008785
v -1.786688 8.419606 0.047855
v -2.296060 8.419996 0.053572
v -2.805576 8.420336 0.046499
v -3.315344 8.420990 0.026851
v -3.825304 8.421690 0.012606
v -4.335186 8.422268 -0.011990
v -4.845498 8.422852 -0.030805
v -5.355610 8.423386 -0.027818
v -5.865672 8.423956 -0.029581
v -6.375670 8.424390 -0.046124
v -6.886352 8.424946 -0.086754
v -7.397540 8.425444 -0.080065
v -7.908266 8.426006 -0.041296
v -8.418594 8.426626 0.010221
v -8.928614 8.427234 0.044462
v -9.438788 8.427344 0.079561
v -9.948802 8.427344 0.103530
v -10.459320 8.427458 0.128034
v -10.969518 8.427264 0.175080
v -11.479400 8.426800 0.198886
v -11.989516 8.426634 0.201867
v -12.500186 8.426502 0.216855
v 12.500064 7.916644 0.163700
v 11.989686 7.916736 0.177842
v 11.478898 7.916612 0.217416
v 10.968906 7.916356 0.268906
v 10.458878 7.916084 0.292807
v 9.948884 7.915612 0.318973
v 9.438776 7.915098 0.328235
v 8.928738 7.914330 0.344424
v 8.418802 7.913352 0.343892
v 7.908620 7.912422 0.329824
v 7.398276 7.911622 0.321617
v 6.888226 7.910868 0.308379
v 6.377986 7.910070 0.273728
v 5.867510 7.909070 0.241674
v 5.356890 7.908392 0.208576
v 4.846238 7.908026 0.181654
v 4.335528 7.907768 0.170251
v 3.825350 7.907796 0.174989
v 3.315470 7.907594 0.147621
v 2.805248 7.907236 0.112757
v 2.294992 7.906980 0.085120
v 1.784836 7.906948 0.063210
v 1.274596 7.906888 0.036133
v 0.764256 7.906786 0.021025
v 0.254108 7.907130 0.014649
v -0.255996 7.907508 0.002571
v -0.766474 7.908070 -0.002291
v -1.276686 7.908714 0.018608
v -1.786574 7.909406 0.028203
v -2.296256 7.909794 0.052998
v -2.805378 7.910304 0.043784
v -3.315130 7.911036 0.002729
v -3.825218 7.911716 -0.017096
v -4.335248 7.912216 -0.034742
v -4.845460 7.912668 -0.047730
v -5.355494 7.913256 -0.056572
v -5.865554 7.913812 -0.075938
v -6.375690 7.914490 -0.095444
v -6.886462 7.914828 -0.122236
v -7.397542 7.915152 -0.100719
v -7.907982 7.915690 -0.068579
v -8.418272 7.916402 -0.043032
v -8.928524 7.916784 -0.022341
v -9.438832 7.917156 0.013022
v -9.948840 7.917306 0.039414
v -10.459264 7.917336 0.052249
v -10.969814 7.917244 0.094849
v -11.479604 7.916926 0.145431
v -11.989464 7.916744 0.149843
v -12.499936 7.916644 0.163700
v 12.500226 7.406562 0.128688
v 11.989990 7.406652 0.130169
v 11.479078 7.406676 0.162938
v 10.969074 7.406616 0.215047
v 10.459050 7.406414 0.235515
v 9.948940 7.406102 0.251225
v 9.438664 7.405456 0.265023
v 8.928614 7.404764 0.285494
v 8.418606 7.404118 0.288020
v 7.908410 7.403320 0.285610
v 7.398112 7.402340 0.283839
v 6.888116 7.401502 0.273829
v 6.377686 7.400660 0.245487
v 5.867202 7.399774 0.237980
v 5.356792 7.399034 0.216098
v 4.846212 7.398412 0.203159
v 4.335768 7.398132 0.187220
v 3.825430 7.397832 0.173194
v 3.315280 7.397392 0.148456
v 2.804988 7.396958 0.127705
v 2.294882 7.396690 0.109624
v 1.784726 7.396518 0.078744
v 1.274246 7.396270 0.061169
v 0.764170 7.396174 0.066142
v 0.254326 7.396468 0.043696
v -0.255786 7.397076 0.021692
v -0.766086 7.397848 0.000473
v -1.276502 7.398660 0.010828
v -1.786404 7.399186 0.024277
v -2.296150 7.399946 0.039942
v -2.805336 7.400472 0.033309
v -3.314966 7.400854 -0.012587
v -3.825050 7.401484 -0.053751
v -4.335298 7.402070 -0.074907
v -4.845398 7.402660 -0.088736
v -5.355616 7.403108 -0.097291
v -5.865468 7.403534 -0.107988
v -6.375680 7.403994 -0.150707
v -6.886560 7.404440 -0.168467
v -7.397474 7.405126 -0.144300
v -7.907830 7.405702 -0.108646
v -8.418156 7.406142 -0.090849
v -8.928464 7.406580 -0.062630
v -9.438674 7.406972 -0.046600
v -9.948974 7.407198 -0.024830
v -10.459382 7.407172 -0.009734
v -10.970086 7.407008 0.041722
v -11.479688 7.406888 0.101680
v -11.989548 7.406686 0.104273
v -12.499774 7.406562 0.128688
v 12.500508 6.896842 0.089774
v 11.990148 6.896896 0.083475
v 11.479372 6.896936 0.117207
v 10.969356 6.897044 0.156208
v 10.459186 6.896944 0.167275
v 9.948844 6.896434 0.186043
v 9.438548 6.895824 0.206819
v 8.928464 6.895120 0.228856
v 8.418496 6.894202 0.227431
v 7.908170 6.893348 0.220793
v 7.397870 6.892584 0.237511
v 6.887960 6.891856 0.238735
v 6.377458 6.891082 0.222007
v 5.866976 6.890250 0.227252
v 5.356716 6.889484 0.215091
v 4.846300 6.889068 0.199246
v 4.335834 6.888576 0.176851
v 3.825312 6.888102 0.164758
v 3.314966 6.887460 0.157061
v 2.804796 6.886792 0.149220
v 2.294764 6.886460 0.130789
v 1.784510 6.886148 0.111997
v 1.274162 6.886084 0.105567
v 0.764176 6.886228 0.114636
v 0.254548 6.886482 0.093246
v -0.255498 6.886780 0.055337
v -0.765592 6.887312 0.016648
v -1.276104 6.888186 -0.004333
v -1.786150 6.889066 0.009719
v -2.295794 6.889824 0.004888
v -2.805392 6.890418 -0.012241
v -3.315070 6.890772 -0.042488
v -3.825072 6.891042 -0.078620
v -4.335206 6.891574 -0.106228
v -4.845378 6.892142 -0.132378
v -5.355644 6.892740 -0.144317
v -5.865638 6.893188 -0.155182
v -6.375926 6.893436 -0.177482
v -6.886486 6.893834 -0.186085
v -7.397114 6.894628 -0.185920
v -7.907706 6.895540 -0.164807
v -8.418040 6.896188 -0.142094
v -8.928440 6.896660 -0.124376
v -9.438756 6.896768 -0.104289
v -9.949110 6.896850 -0.092430
v -10.459754 6.896638 -0.062683
v -10.970018 6.896708 -0.006358
v -11.479842 6.896958 0.037866
v -11.989708 6.896680 0.071733
v -12.499492 6.896842 0.089774
v 12.500724 6.386994 0.019370
v 11.990236 6.387002 0.019535
v 11.479760 6.387150 0.042674
v 10.969568 6.387230 0.063450
v 10.459200 6.386944 0.071081
v 9.948638 6.386512 0.099595
v 9.438394 6.385868 0.133274
v 8.928150 6.385150 0.160524
v 8.418066 6.384234 0.189067
v 7.907934 6.383290 0.202803
v 7.397862 6.382504 0.218288
v 6.888010 6.382004 0.204307
v 6.377372 6.381498 0.187557
v 5.866808 6.380892 0.203654
v 5.356620 6.380146 0.206808
v 4.846322 6.379382 0.185029
v 4.335632 6.378652 0.170891
v 3.825224 6.377918 0.167050
v 3.314592 6.377358 0.166695
v 2.804570 6.376702 0.190444
v 2.294748 6.376326 0.167321
v 1.784490 6.376200 0.152491
v 1.274326 6.376170 0.142528
v 0.764502 6.376426 0.139247
v 0.254716 6.376792 0.100064
v -0.255494 6.376876 0.079978
v -0.765252 6.377160 0.045673
v -1.275592 6.377786 0.009688
v -1.785620 6.378662 -0.009270
v -2.295634 6.379380 -0.027818
v -2.805316 6.379908 -0.042826
v -3.315210 6.380394 -0.073531
v -3.825134 6.380792 -0.100155
v -4.335228 6.381188 -0.139450
v -4.845460 6.381532 -0.163974
v -5.355630 6.381968 -0.182033
v -5.865762 6.382586 -0.194925
v -6.376082 6.383112 -0.208050
v -6.886436 6.383700 -0.207236
v -7.396748 6.384470 -0.217729
v -7.907420 6.385258 -0.223844
v -8.417894 6.385896 -0.214326
v -8.928522 6.386404 -0.206136
v -9.439116 6.386528 -0.171066
v -9.949458 6.386340 -0.146395
v -10.460060 6.386374 -0.095606
v -10.969884 6.386458 -0.045878
v -11.479910 6.386496 -0.019842
v -11.989590 6.386796 0.024165
v -12.499276 6.386994 0.019370
v 12.500692 5.876410 -0.046976
v 11.990376 5.876472 -0.042930
v 11.479974 5.876602 -0.026864
v 10.969558 5.876502 -0.012033
v 10.459032 5.876132 0.010809
v 9.948558 5.875768 0.043744
v 9.438204 5.875394 0.080515
v 8.927944 5.874802 0.115217
v 8.417802 5.874150 0.147597
v 7.907744 5.873424 0.169873
v 7.397776 5.872844 0.190999
v 6.887980 5.872040 0.183168
v 6.377530 5.871464 0.158126
v 5.866826 5.871082 0.161172
v 5.356472 5.870484 0.173533
v 4.846086 5.869820 0.170598
v 4.335392 5.868974 0.178905
v 3.825070 5.868348 0.192024
v 3.314532 5.867754 0.198639
v 2.804436 5.867336 0.222815
v 2.294720 5.866760 0.212799
v 1.784644 5.866432 0.188439
v 1.274572 5.866448 0.178373
v 0.764892 5.866656 0.157474
v 0.254840 5.866702 0.110205
v -0.255364 5.866940 0.096286
v -0.765040 5.867206 0.065199
v -1.275124 5.867670 0.016228
v -1.785286 5.868258 -0.020025
v -2.295382 5.868830 -0.043466
v -2.805136 5.869502 -0.071897
v -3.315174 5.870068 -0.115137
v -3.825368 5.870334 -0.142889
v -4.335458 5.870412 -0.168846
v -4.845594 5.870780 -0.187893
v -5.355586 5.871396 -0.205196
v -5.865710 5.872008 -0.232465
v -6.376032 5.872712 -0.246387
v -6.886218 5.873530 -0.256809
v -7.396568 5.874278 -0.281661
v -7.907332 5.874910 -0.291160
v -8.417882 5.875434 -0.283232
v -8.928606 5.875770 -0.282457
v -9.439548 5.875968 -0.242368
v -9.949832 5.875948 -0.185660
v -10.460058 5.876044 -0.149150
v -10.970174 5.876086 -0.099547
v -11.479802 5.876154 -0.055360
v -11.989376 5.876408 -0.044376
v -12.499308 5.876410 -0.046976
v 12.500624 5.365902 -0.079516
v 11.990564 5.365970 -0.077575
v 11.480138 5.366206 -0.079924
v 10.969404 5.366146 -0.056597
v 10.458930 5.365898 -0.017018
v 9.948538 5.365624 0.014329
v 9.438114 5.365210 0.048997
v 8.927806 5.364752 0.088075
v 8.417586 5.364116 0.123563
v 7.907598 5.363348 0.154985
v 7.397764 5.362608 0.161405
v 6.887790 5.362050 0.160543
v 6.377664 5.361472 0.141951
v 5.866878 5.361020 0.132052
v 5.356482 5.360496 0.145593
v 4.845972 5.359940 0.140458
v 4.335298 5.359490 0.168925
v 3.825096 5.359014 0.184131
v 3.314542 5.358640 0.197319
v 2.804400 5.358118 0.224192
v 2.294536 5.357564 0.230287
v 1.784728 5.357038 0.227829
v 1.275018 5.356990 0.203007
v 0.765040 5.357030 0.169845
v 0.255016 5.356962 0.140535
v -0.254996 5.357192 0.106634
v -0.764920 5.357408 0.069465
v -1.274878 5.357524 0.024083
v -1.784980 5.357948 -0.021309
v -2.295084 5.358548 -0.058165
v -2.805000 5.359000 -0.101765
v -3.315236 5.359216 -0.154474
v -3.825638 5.359510 -0.176916
v -4.335726 5.359848 -0.182543
v -4.845592 5.360160 -0.202955
v -5.355556 5.360570 -0.239779
v -5.865624 5.361216 -0.270773
v -6.375780 5.362026 -0.305290
v -6.886078 5.362860 -0.332417
v -7.396550 5.363526 -0.358247
v -7.907336 5.364090 -0.368458
v -8.418034 5.364576 -0.362185
v -8.928852 5.364886 -0.346866
v -9.439676 5.365262 -0.307073
v -9.950104 5.365624 -0.253082
v -10.460348 5.365634 -0.200071
v -10.970324 5.365684 -0.138701
v -11.479790 5.365782 -0.098820
v -11.989422 5.365862 -0.087642
v -12.499376 5.365902 -0.079516
v 12.500494 4.855698 -0.132754
v 11.990590 4.855608 -0.122482
v 11.480232 4.855604 -0.133112
v 10.969454 4.855724 -0.110593
v 10.458930 4.855808 -0.072804
v 9.948438 4.855614 -0.031400
v 9.438114 4.855370 0.012143
v 8.927758 4.855074 0.045724
v 8.417362 4.854488 0.089438
v 7.907348 4.853730 0.131145
v 7.397528 4.852940 0.157513
v 6.887752 4.852010 0.153068
v 6.377650 4.851310 0.127519
v 5.866960 4.850768 0.109747
v 5.356352 4.850196 0.130688
v 4.846168 4.849776 0.136970
v 4.335494 4.849610 0.144744
v 3.825234 4.849342 0.163993
v 3.314696 4.849034 0.172250
v 2.804408 4.848772 0.206453
v 2.294472 4.848338 0.225187
v 1.784830 4.847954 0.236432
v 1.275344 4.847760 0.208662
v 0.765292 4.847734 0.168583
v 0.255220 4.847748 0.141345
v -0.254768 4.847682 0.104337
v -0.764878 4.847546 0.065400
v -1.274702 4.847600 0.025584
v -1.784702 4.847874 -0.032978
v -2.294866 4.848100 -0.087157
v -2.805150 4.848272 -0.139469
v -3.315516 4.848246 -0.166183
v -3.825576 4.848490 -0.189509
v -4.335684 4.849092 -0.218672
v -4.845848 4.849522 -0.233619
v -5.355658 4.849798 -0.251001
v -5.865614 4.850116 -0.299087
v -6.375700 4.850502 -0.341139
v -6.885890 4.851282 -0.392826
v -7.396600 4.852062 -0.426419
v -7.907376 4.852792 -0.432142
v -8.418184 4.853450 -0.423618
v -8.929064 4.853884 -0.402825
v -9.439768 4.854208 -0.364198
v -9.950290 4.854528 -0.320822
v -10.460556 4.854780 -0.258453
v -10.970362 4.855192 -0.202525
v -11.479958 4.855468 -0.151888
v -11.989404 4.855612 -0.138312
v -12.499506 4.855698 -0.132754
v 12.500302 4.345066 -0.187442
v 11.990394 4.345062 -0.161009
v 11.480274 4.345120 -0.161925
v 10.969658 4.345344 -0.150720
v 10.459038 4.345472 -0.125093
v 9.948510 4.345500 -0.088832
v 9.438156 4.345398 -0.049600
v 8.927738 4.345100 -0.017408
v 8.417134 4.344670 0.034299
v 7.907186 4.344054 0.092989
v 7.397274 4.343324 0.113848
v 6.887290 4.342378 0.138530
v 6.377454 4.341256 0.131646
v 5.866930 4.340450 0.119572
v 5.356534 4.340122 0.138013
v 4.846396 4.339826 0.136084
v 4.335802 4.339540 0.137121
v 3.825462 4.339340 0.152948
v 3.315048 4.339288 0.161805
v 2.804638 4.339204 0.181670
v 2.294500 4.338790 0.203915
v 1.785036 4.338462 0.221286
v 1.275600 4.338352 0.186318
v 0.765512 4.338082 0.147146
v 0.255540 4.338032 0.110459
v -0.254726 4.338072 0.069293
v -0.764964 4.337830 0.050420
v -1.274610 4.337546 0.013246
v -1.784638 4.337446 -0.056484
v -2.295012 4.337370 -0.102934
v -2.805320 4.337276 -0.142197
v -3.315650 4.337472 -0.159704
v -3.825488 4.337806 -0.184062
v -4.335576 4.338162 -0.226888
v -4.845744 4.338710 -0.258191
v -5.355856 4.339210 -0.290440
v -5.866022 4.339286 -0.314893
v -6.375884 4.339418 -0.344701
v -6.885928 4.339596 -0.404672
v -7.396492 4.340178 -0.450971
v -7.907160 4.341148 -0.479742
v -8.418196 4.342090 -0.488281
v -8.929282 4.342720 -0.458194
v -9.439976 4.343206 -0.407831
v -9.950498 4.343570 -0.356529
v -10.460668 4.343918 -0.287590
v -10.970260 4.344238 -0.243471
v -11.479928 4.344706 -0.214250
v -11.989520 4.345016 -0.199830
v -12.499698 4.345066 -0.187442
v 12.500194 3.834472 -0.238612
v 11.990298 3.834722 -0.211559
v 11.480288 3.834788 -0.210291
v 10.969778 3.834890 -0.208353
v 10.459056 3.834976 -0.185861
v 9.948538 3.834914 -0.141413
v 9.438234 3.834900 -0.106210
v 8.927692 3.834802 -0.067799
v 8.417196 3.834604 -0.016197
v 7.907016 3.834266 0.037348
v 7.396990 3.833570 0.075293
v 6.886818 3.832578 0.108230
v 6.376978 3.831500 0.138485
v 5.866982 3.830718 0.143814
v 5.356802 3.830230 0.144697
v 4.846596 3.829914 0.142588
v 4.336168 3.829714 0.142617
v 3.825876 3.829686 0.150753
v 3.315624 3.829642 0.139229
v 2.804818 3.829596 0.142269
v 2.294528 3.829222 0.195578
v 1.785350 3.828948 0.209592
v 1.275756 3.828574 0.163577
v 0.765654 3.828372 0.133591
v 0.255796 3.828154 0.092630
v -0.254574 3.827942 0.037699
v -0.765046 3.827768 0.017297
v -1.274868 3.827400 -0.003591
v -1.784776 3.826938 -0.058925
v -2.295158 3.826792 -0.104153
v -2.805356 3.826810 -0.135038
v -3.315506 3.827076 -0.168046
v -3.825478 3.827298 -0.202806
v -4.335508 3.827600 -0.247902
v -4.845672 3.827948 -0.294206
v -5.356076 3.828156 -0.334457
v -5.866372 3.828286 -0.352611
v -6.376370 3.828364 -0.372705
v -6.886366 3.828392 -0.398259
v -7.396440 3.828700 -0.441125
v -7.906942 3.829352 -0.493888
v -8.418002 3.830242 -0.524948
v -8.929202 3.831282 -0.508590
v -9.440066 3.832076 -0.464317
v -9.950574 3.832660 -0.405630
v -10.460696 3.833326 -0.344940
v -10.970458 3.833680 -0.289739
v -11.479878 3.833912 -0.260183
v -11.989634 3.834208 -0.258269
v -12.499806 3.834472 -0.238612
v 12.500290 3.323474 -0.291675
v 11.990196 3.323848 -0.276466
v 11.480166 3.324022 -0.259895
v 10.969670 3.324112 -0.247717
v 10.459112 3.324158 -0.216083
v 9.948630 3.324462 -0.178814
v 9.438314 3.324470 -0.140403
v 8.927896 3.324522 -0.113102
v 8.417262 3.324500 -0.072459
v 7.906972 3.324168 -0.018834
v 7.396692 3.323628 0.016204
v 6.886304 3.322802 0.084389
v 6.376828 3.322070 0.132961
v 5.866880 3.321394 0.142095
v 5.357000 3.320804 0.154008
v 4.846890 3.320464 0.139386
v 4.336572 3.320162 0.135156
v 3.826292 3.319960 0.127362
v 3.315928 3.319714 0.118915
v 2.805268 3.319496 0.120027
v 2.295006 3.319832 0.150577
v 1.785328 3.319592 0.166612
v 1.275844 3.318988 0.147776
v 0.765870 3.318578 0.098295
v 0.255804 3.318162 0.059142
v -0.254506 3.317854 0.012156
v -0.765036 3.317598 -0.012768
v -1.275194 3.317178 -0.029264
v -1.785046 3.316586 -0.059542
v -2.295184 3.316330 -0.107669
v -2.805330 3.316258 -0.142859
v -3.315430 3.316284 -0.189790
v -3.825546 3.316410 -0.223646
v -4.335532 3.316466 -0.272820
v -4.845814 3.316554 -0.323367
v -5.356346 3.316688 -0.361455
v -5.866728 3.316800 -0.366704
v -6.376678 3.316992 -0.383724
v -6.886702 3.317242 -0.405881
v -7.396656 3.317522 -0.442452
v -7.907042 3.317846 -0.484805
v -8.417746 3.318496 -0.522434
v -8.928896 3.319462 -0.536947
v -9.439984 3.320494 -0.504863
v -9.950432 3.321416 -0.447847
v -10.460620 3.322236 -0.408324
v -10.970680 3.322690 -0.350673
v -11.480044 3.322990 -0.317047
v -11.989836 3.323158 -0.304538
v -12.499710 3.323474 -0.291675
v 12.500212 2.812344 -0.326857
v 11.990232 2.812724 -0.311465
v 11.480186 2.813258 -0.302697
v 10.969618 2.813578 -0.287523
v 10.459238 2.813962 -0.250481
v 9.948800 2.814180 -0.223843
v 9.438372 2.814414 -0.183016
v 8.927994 2.814350 -0.155687
v 8.417326 2.814166 -0.119610
v 7.906888 2.813988 -0.069709
v 7.396450 2.813492 -0.016966
v 6.886296 2.813110 0.050326
v 6.376686 2.812620 0.094825
v 5.866850 2.811914 0.114607
v 5.357056 2.811318 0.127203
v 4.847094 2.810762 0.118576
v 4.336818 2.810430 0.116493
v 3.826666 2.810202 0.110904
v 3.316158 2.810008 0.101482
v 2.805818 2.809888 0.112419
v 2.295652 2.809804 0.101390
v 1.785466 2.809742 0.107341
v 1.275776 2.809346 0.096151
v 0.765676 2.808538 0.071563
v 0.255850 2.807918 0.042042
v -0.254450 2.807504 -0.014675
v -0.765042 2.807096 -0.045436
v -1.275454 2.806744 -0.058313
v -1.785376 2.806192 -0.066274
v -2.295236 2.805714 -0.112835
v -2.805478 2.805426 -0.152891
v -3.315436 2.805226 -0.191453
v -3.825572 2.805320 -0.239838
v -4.335774 2.805294 -0.281506
v -4.846046 2.805264 -0.322696
v -5.356514 2.805332 -0.354154
v -5.866858 2.805658 -0.372060
v -6.376992 2.805776 -0.388294
v -6.886950 2.805888 -0.408764
v -7.396946 2.806090 -0.438493
v -7.907106 2.806610 -0.472439
v -8.417706 2.807276 -0.510303
v -8.928632 2.808030 -0.528644
v -9.439612 2.809020 -0.524252
v -9.950172 2.810066 -0.495034
v -10.460618 2.810786 -0.468490
v -10.970866 2.811368 -0.407531
v -11.480324 2.811676 -0.363394
v -11.990008 2.811988 -0.343428
v -12.499788 2.812344 -0.326857
v 12.500166 2.301254 -0.353926
v 11.990434 2.301934 -0.342970
v 11.480210 2.302478 -0.350481
v 10.969732 2.302874 -0.327390
v 10.459418 2.303334 -0.309093
v 9.948962 2.303772 -0.281059
v 9.438528 2.304116 -0.254883
v 8.927864 2.304184 -0.213814
v 8.417360 2.304148 -0.164755
v 7.906824 2.303928 -0.115787
v 7.396402 2.303594 -0.060772
v 6.886326 2.303190 0.002566
v 6.376612 2.302762 0.045703
v 5.866706 2.302188 0.082317
v 5.357068 2.301574 0.108358
v 4.847228 2.301088 0.106418
v 4.337184 2.300736 0.096449
v 3.826970 2.300482 0.080940
v 3.316582 2.300252 0.068653
v 2.806204 2.300070 0.062127
v 2.295990 2.299902 0.057007
v 1.785730 2.299566 0.049443
v 1.275662 2.299000 0.039078
v 0.765512 2.298452 0.032559
v 0.255752 2.297832 0.012501
v -0.254614 2.297124 -0.036296
v -0.765120 2.296482 -0.052693
v -1.275454 2.296086 -0.077570
v -1.785718 2.295648 -0.079628
v -2.295496 2.295010 -0.105209
v -2.805694 2.294540 -0.135475
v -3.315444 2.294272 -0.173285
v -3.825658 2.294134 -0.236690
v -4.335968 2.293962 -0.274772
v -4.846174 2.293998 -0.318974
v -5.356600 2.294140 -0.355462
v -5.867022 2.294230 -0.382373
v -6.377336 2.294348 -0.390162
v -6.887246 2.294448 -0.396879
v -7.397020 2.294876 -0.419347
v -7.907034 2.295410 -0.468302
v -8.417612 2.296074 -0.515870
v -8.928526 2.296830 -0.542332
v -9.439418 2.297556 -0.537984
v -9.950056 2.298362 -0.522189
v -10.460668 2.299046 -0.488190
v -10.970826 2.299802 -0.440782
v -11.480634 2.300368 -0.393316
v -11.990078 2.300716 -0.364320
v -12.499834 2.301254 -0.353926
v 12.500278 1.790260 -0.381951
v 11.990576 1.790906 -0.391452
v 11.480266 1.791524 -0.398042
v 10.969856 1.792174 -0.379695
v 10.459488 1.792664 -0.359616
v 9.949138 1.792998 -0.334024
v 9.438690 1.793456 -0.314744
v 8.927976 1.793840 -0.276710
v 8.417436 1.794020 -0.234331
v 7.906688 1.793972 -0.180653
v 7.396266 1.793598 -0.105461
v 6.886306 1.793248 -0.038308
v 6.376592 1.792760 0.006176
v 5.866790 1.792436 0.042457
v 5.357138 1.792148 0.070792
v 4.847320 1.791652 0.073190
v 4.337312 1.791006 0.069706
v 3.827312 1.790582 0.048989
v 3.316772 1.790236 0.028169
v 2.806468 1.789714 0.030120
v 2.296316 1.789370 0.005246
v 1.785720 1.789030 0.000732
v 1.275602 1.788438 0.008328
v 0.765552 1.787884 -0.003600
v 0.255528 1.787298 -0.024057
v -0.254832 1.786498 -0.053486
v -0.765224 1.785966 -0.064353
v -1.275502 1.785408 -0.081555
v -1.785820 1.785064 -0.086295
v -2.295734 1.784664 -0.099283
v -2.805826 1.784218 -0.128543
v -3.315690 1.783702 -0.162236
v -3.825876 1.783154 -0.219915
v -4.336168 1.782846 -0.254295
v -4.846242 1.782710 -0.304882
v -5.356824 1.782628 -0.340725
v -5.867136 1.782720 -0.361852
v -6.377578 1.782894 -0.369623
v -6.887234 1.783270 -0.367836
v -7.397004 1.783758 -0.413844
v -7.907102 1.784086 -0.457362
v -8.417542 1.784622 -0.516064
v -8.928538 1.785148 -0.542153
v -9.439178 1.786044 -0.545137
v -9.949964 1.787064 -0.540767
v -10.460624 1.787830 -0.508618
v -10.970808 1.788470 -0.470433
v -11.480704 1.789150 -0.427802
v -11.990232 1.789764 -0.392623
v -12.499722 1.790260 -0.381951
v 12.500236 1.278908 -0.418890
v 11.990674 1.279574 -0.430133
v 11.480408 1.280316 -0.446444
v 10.970024 1.280998 -0.437670
v 10.459558 1.281644 -0.424822
v 9.949266 1.282258 -0.394083
v 9.438928 1.282784 -0.388113
v 8.928116 1.283140 -0.360843
v 8.417530 1.283492 -0.321227
v 7.906624 1.283564 -0.261288
v 7.396278 1.283608 -0.182069
v 6.886114 1.283356 -0.109071
v 6.376502 1.282862 -0.035766
v 5.867056 1.282562 -0.004176
v 5.357358 1.282370 0.008127
v 4.847302 1.281980 0.010463
v 4.337238 1.281366 0.028110
v 3.827432 1.280648 0.014356
v 3.316892 1.280080 -0.009217
v 2.806448 1.279538 -0.000809
v 2.296414 1.278780 -0.009395
v 1.785950 1.278380 -0.028399
v 1.275510 1.277956 -0.018546
v 0.765552 1.277264 -0.024843
v 0.255248 1.276482 -0.046066
v -0.254998 1.275674 -0.052948
v -0.765236 1.275146 -0.067849
v -1.275488 1.274774 -0.076749
v -1.785666 1.274498 -0.096114
v -2.295892 1.274084 -0.117966
v -2.806050 1.273446 -0.137361
v -3.316030 1.272912 -0.164279
v -3.826314 1.272258 -0.200843
v -4.336430 1.271602 -0.223039
v -4.846418 1.271258 -0.271860
v -5.356842 1.271310 -0.310164
v -5.867214 1.271490 -0.339097
v -6.377530 1.271708 -0.341238
v -6.887064 1.272204 -0.360430
v -7.397132 1.272544 -0.404375
v -7.907206 1.272844 -0.441564
v -8.417706 1.273006 -0.498649
v -8.928472 1.273532 -0.520185
v -9.438906 1.274258 -0.540587
v -9.949708 1.275150 -0.560925
v -10.460704 1.276042 -0.532905
v -10.970828 1.276662 -0.479525
v -11.480548 1.277524 -0.453017
v -11.990266 1.278290 -0.431912
v -12.499764 1.278908 -0.418890
v 12.500186 0.767264 -0.435305
v 11.990784 0.767878 -0.458369
v 11.480532 0.768644 -0.485341
v 10.970194 0.769492 -0.484850
v 10.459654 0.770228 -0.477538
v 9.949438 0.770764 -0.458313
v 9.438888 0.771220 -0.460591
v 8.928188 0.771534 -0.420702
v 8.417754 0.772016 -0.397684
v 7.906714 0.772588 -0.339702
v 7.396326 0.772754 -0.259853
v 6.886068 0.772830 -0.179267
v 6.376500 0.772760 -0.099631
v 5.867214 0.772554 -0.065094
v 5.357484 0.772304 -0.060329
v 4.847286 0.771816 -0.052501
v 4.337196 0.771290 -0.035796
v 3.827236 0.770630 -0.032491
v 3.316906 0.769836 -0.044475
v 2.806320 0.769116 -0.034006
v 2.296350 0.768440 -0.017296
v 1.786176 0.767868 -0.039195
v 1.275548 0.767390 -0.044530
v 0.765290 0.766636 -0.037881
v 0.254996 0.765754 -0.036104
v -0.255108 0.765022 -0.028783
v -0.765058 0.764516 -0.046708
v -1.275330 0.764196 -0.074183
v -1.785644 0.763684 -0.100554
v -2.296100 0.763084 -0.120007
v -2.806258 0.762468 -0.126095
v -3.316292 0.761904 -0.154300
v -3.826734 0.761214 -0.174574
v -4.336720 0.760848 -0.179896
v -4.846662 0.760376 -0.216095
v -5.356816 0.759932 -0.264092
v -5.867212 0.759868 -0.305476
v -6.377278 0.760224 -0.313026
v -6.886868 0.760854 -0.345982
v -7.397042 0.761396 -0.394696
v -7.907480 0.761738 -0.431197
v -8.417986 0.761812 -0.451941
v -8.928372 0.762172 -0.478306
v -9.438864 0.762760 -0.498515
v -9.949398 0.763570 -0.525196
v -10.460532 0.764514 -0.518783
v -10.970698 0.765522 -0.469871
v -11.480458 0.766208 -0.457930
v -11.990316 0.766756 -0.446320
v -12.499814 0.767264 -0.435305
v 12.500034 0.255744 -0.439948
v 11.990718 0.256190 -0.455173
v 11.480730 0.256812 -0.494406
v 10.970380 0.257602 -0.513426
v 10.459814 0.258420 -0.517961
v 9.949306 0.259134 -0.495718
v 9.438838 0.259386 -0.484605
v 8.928192 0.259922 -0.448108
v 8.418056 0.260398 -0.423382
v 7.907090 0.261120 -0.402180
v 7.396500 0.261784 -0.325377
v 6.886266 0.262212 -0.258828
v 6.376472 0.262244 -0.171826
v 5.867334 0.262178 -0.136107
v 5.357444 0.261890 -0.133430
v 4.847234 0.261558 -0.122201
v 4.336984 0.260942 -0.095869
v 3.827076 0.260172 -0.083844
v 3.316646 0.259516 -0.078407
v 2.806334 0.258860 -0.050954
v 2.296364 0.258418 -0.042510
v 1.786118 0.257652 -0.055468
v 1.275490 0.256850 -0.058173
v 0.765094 0.256070 -0.040689
v 0.254952 0.255424 -0.028421
v -0.255096 0.254934 -0.019197
v -0.764972 0.254306 -0.034912
v -1.275332 0.253616 -0.068680
v -1.785826 0.252848 -0.085162
v -2.296290 0.252074 -0.094824
v -2.806372 0.251480 -0.092980
v -3.316528 0.250950 -0.121749
v -3.826926 0.250376 -0.123928
v -4.336672 0.249940 -0.155970
v -4.847132 0.249490 -0.188932
v -5.357182 0.248886 -0.199425
v -5.867294 0.248448 -0.221593
v -6.376730 0.248692 -0.248957
v -6.886504 0.249360 -0.326340
v -7.396838 0.249852 -0.383170
v -7.907502 0.250488 -0.426672
v -8.418114 0.250942 -0.434390
v -8.928366 0.251406 -0.454521
v -9.438726 0.251974 -0.477901
v -9.949252 0.252520 -0.516790
v -10.460164 0.253358 -0.517409
v -10.970466 0.254312 -0.501950
v -11.480684 0.254906 -0.481666
v -11.990488 0.255252 -0.454183
v -12.499966 0.255744 -0.439948
v 12.499966 -0.255744 -0.439948
v 11.990488 -0.255252 -0.454183
v 11.480684 -0.254906 -0.481666
v 10.970468 -0.254312 -0.501950
v 10.460164 -0.253358 -0.517409
v 9.949252 -0.252520 -0.516790
v 9.438726 -0.251974 -0.477901
v 8.928366 -0.251406 -0.454521
v 8.418114 -0.250942 -0.434390
v 7.907502 -0.250488 -0.426672
v 7.396840 -0.249852 -0.383170
v 6.886506 -0.249360 -0.326340
v 6.376730 -0.248692 -0.248957
v 5.867294 -0.248448 -0.221593
v 5.357182 -0.248886 -0.199425
v 4.847132 -0.249490 -0.188932
v 4.336672 -0.249940 -0.155970
v 3.826926 -0.250376 -0.123928
v 3.316528 -0.250950 -0.121749
v 2.806374 -0.251480 -0.092980
v 2.296290 -0.252074 -0.094824
v 1.785826 -0.252848 -0.085162
v 1.275334 -0.253616 -0.068680
v 0.764972 -0.254306 -0.034912
v 0.255096 -0.254934 -0.019197
v -0.254952 -0.255424 -0.028421
v -0.765094 -0.256070 -0.040689
v -1.275488 -0.256850 -0.058173
v -1.786118 -0.257652 -0.055468
v -2.296364 -0.258418 -0.042510
v -2.806332 -0.258860 -0.050954
v -3.316646 -0.259516 -0.078407
v -3.827076 -0.260172 -0.083844
v -4.336984 -0.260942 -0.095869
v -4.847234 -0.261558 -0.122201
v -5.357444 -0.261890 -0.133430
v -5.867336 -0.262178 -0.136107
v -6.376472 -0.262244 -0.171826
v -6.886264 -0.262212 -0.258828
v -7.396498 -0.261784 -0.325377
v -7.907090 -0.261120 -0.402180
v -8.418056 -0.260398 -0.423381
v -8.928192 -0.259922 -0.448108
v -9.438838 -0.259386 -0.484605
v -9.949304 -0.259134 -0.495718
v -10.459814 -0.258420 -0.517961
v -10.970380 -0.257602 -0.513426
v -11.480730 -0.256812 -0.494406
v -11.990718 -0.256190 -0.455173
v -12.500034 -0.255744 -0.439948
v 12.499814 -0.767264 -0.435305
v 11.990316 -0.766756 -0.446320
v 11.480458 -0.766208 -0.457930
v 10.970698 -0.765522 -0.469871
v 10.460532 -0.764514 -0.518783
v 9.949398 -0.763570 -0.525196
v 9.438864 -0.762760 -0.498515
v 8.928372 -0.762172 -0.478306
v 8.417986 -0.761812 -0.451941
v 7.907480 -0.761738 -0.431197
v 7.397042 -0.761396 -0.394696
v 6.886870 -0.760854 -0.345982
v 6.377280 -0.760224 -0.313026
v 5.867210 -0.759868 -0.305476
v 5.356816 -0.759932 -0.264093
v 4.846662 -0.760376 -0.216095
v 4.336720 -0.760848 -0.179896
v 3.826734 -0.761214 -0.174574
v 3.316292 -0.761904 -0.154300
v 2.806260 -0.762468 -0.126095
v 2.296100 -0.763084 -0.120007
v 1.785644 -0.763684 -0.100554
v 1.275330 -0.764196 -0.074184
v 0.765058 -0.764516 -0.046708
v 0.255108 -0.765022 -0.028783
v -0.254996 -0.765754 -0.036104
v -0.765290 -0.766636 -0.037881
v -1.275548 -0.767390 -0.044530
v -1.786176 -0.767868 -0.039195
v -2.296350 -0.768440 -0.017296
v -2.806320 -0.769116 -0.034006
v -3.316906 -0.769836 -0.044475
v -3.827236 -0.770630 -0.032491
v -4.337196 -0.771290 -0.035796
v -4.847286 -0.771816 -0.052501
v -5.357486 -0.772304 -0.060329
v -5.867214 -0.772554 -0.065094
v -6.376498 -0.772760 -0.099631
v -6.886066 -0.772830 -0.179267
v -7.396324 -0.772754 -0.259853
v -7.906714 -0.772588 -0.339702
v -8.417754 -0.772016 -0.397684
v -8.928188 -0.771534 -0.420702
v -9.438888 -0.771220 -0.460591
v -9.949436 -0.770764 -0.458313
v -10.459654 -0.770228 -0.477538
v -10.970192 -0.769492 -0.484850
v -11.480532 -0.768644 -0.485341
v -11.990784 -0.767878 -0.458369
v -12.500186 -0.767264 -0.435305
v 12.499764 -1.278906 -0.418890
v 11.990266 -1.278288 -0.431912
v 11.480548 -1.277524 -0.453017
v 10.970828 -1.276660 -0.479525
v 10.460706 -1.276042 -0.532905
v 9.949708 -1.275150 -0.560925
v 9.438906 -1.274258 -0.540587
v 8.928472 -1.273532 -0.520185
v 8.417706 -1.273006 -0.498649
v 7.907206 -1.272842 -0.441564
v 7.397134 -1.272542 -0.404375
v 6.887066 -1.272202 -0.360430
v 6.377532 -1.271708 -0.341238
v 5.867214 -1.271490 -0.339097
v 5.356842 -1.271310 -0.310163
v 4.846418 -1.271256 -0.271860
v 4.336430 -1.271600 -0.223039
v 3.826314 -1.272258 -0.200843
v 3.316030 -1.272910 -0.164279
v 2.806050 -1.273444 -0.137361
v 2.295892 -1.274082 -0.117966
v 1.785666 -1.274498 -0.096114
v 1.275490 -1.274772 -0.076749
v 0.765236 -1.275146 -0.067849
v 0.254998 -1.275674 -0.052948
v -0.255248 -1.276482 -0.046066
v -0.765552 -1.277262 -0.024843
v -1.275508 -1.277954 -0.018546
v -1.785950 -1.278380 -0.028399
v -2.296414 -1.278780 -0.009395
v -2.806448 -1.279536 -0.000809
v -3.316892 -1.280080 -0.009217
v -3.827432 -1.280646 0.014356
v -4.337238 -1.281364 0.028109
v -4.847302 -1.281980 0.010463
v -5.357358 -1.282368 0.008127
v -5.867058 -1.282562 -0.004176
v -6.376500 -1.282860 -0.035766
v -6.886114 -1.283354 -0.109071
v -7.396278 -1.283608 -0.182069
v -7.906624 -1.283562 -0.261288
v -8.417530 -1.283492 -0.321227
v -8.928116 -1.283138 -0.360843
v -9.438928 -1.282784 -0.388114
v -9.949264 -1.282256 -0.394083
v -10.459556 -1.281644 -0.424822
v -10.970022 -1.280998 -0.437671
v -11.480408 -1.280316 -0.446444
v -11.990674 -1.279574 -0.430133
v -12.500236 -1.278906 -0.418890
v 12.499722 -1.790260 -0.381951
v 11.990232 -1.789764 -0.392623
v 11.480704 -1.789150 -0.427802
v 10.970808 -1.788470 -0.470433
v 10.460624 -1.787830 -0.508618
v 9.949964 -1.787064 -0.540767
v 9.439178 -1.786044 -0.545137
v 8.928538 -1.785148 -0.542153
v 8.417542 -1.784622 -0.516064
v 7.907102 -1.784086 -0.457362
v 7.397004 -1.783758 -0.413844
v 6.887234 -1.783270 -0.367836
v 6.377578 -1.782894 -0.369623
v 5.867136 -1.782720 -0.361852
v 5.356824 -1.782628 -0.340725
v 4.846242 -1.782710 -0.304882
v 4.336168 -1.782846 -0.254295
v 3.825876 -1.783154 -0.219915
v 3.315690 -1.783702 -0.162236
v 2.805828 -1.784218 -0.128543
v 2.295734 -1.784664 -0.099283
v 1.785820 -1.785064 -0.086295
v 1.275504 -1.785408 -0.081555
v 0.765224 -1.785966 -0.064353
v 0.254832 -1.786498 -0.053486
v -0.255528 -1.787298 -0.024057
v -0.765552 -1.787884 -0.003600
v -1.275602 -1.788438 0.008328
v -1.785720 -1.789030 0.000732
v -2.296316 -1.789370 0.005246
v -2.806466 -1.789714 0.030120
v -3.316772 -1.790236 0.028169
v -3.827312 -1.790582 0.048989
v -4.337312 -1.791006 0.069706
v -4.847320 -1.791652 0.073190
v -5.357140 -1.792148 0.070792
v -5.866790 -1.792436 0.042457
v -6.376592 -1.792760 0.006176
v -6.886306 -1.793248 -0.038308
v -7.396264 -1.793598 -0.105461
v -7.906688 -1.793972 -0.180653
v -8.417436 -1.794020 -0.234331
v -8.927976 -1.793840 -0.276710
v -9.438690 -1.793456 -0.314744
v -9.949138 -1.792998 -0.334024
v -10.459488 -1.792664 -0.359616
v -10.969854 -1.792174 -0.379695
v -11.480266 -1.791524 -0.398042
v -11.990576 -1.790906 -0.391452
v -12.500278 -1.790260 -0.381951
v 12.499834 -2.301254 -0.353926
v 11.990078 -2.300716 -0.364320
v 11.480634 -2.300368 -0.393315
v 10.970828 -2.299802 -0.440782
v 10.460670 -2.299046 -0.488189
v 9.950056 -2.298362 -0.522189
v 9.439418 -2.297556 -0.537984
v 8.928526 -2.296830 -0.542332
v 8.417612 -2.296074 -0.515870
v 7.907034 -2.295410 -0.468302
v 7.397020 -2.294876 -0.419347
v 6.887248 -2.294448 -0.396879
v 6.377336 -2.294348 -0.390162
v 5.867020 -2.294230 -0.382373
v 5.356600 -2.294140 -0.355463
v 4.846174 -2.293998 -0.318974
v 4.335968 -2.293962 -0.274772
v 3.825658 -2.294134 -0.236690
v 3.315444 -2.294272 -0.173285
v 2.805696 -2.294540 -0.135475
v 2.295496 -2.295010 -0.105209
v 1.785718 -2.295648 -0.079628
v 1.275456 -2.296086 -0.077570
v 0.765120 -2.296482 -0.052693
v 0.254614 -2.297124 -0.036296
v -0.255752 -2.297832 0.012501
v -0.765512 -2.298452 0.032559
v -1.275660 -2.299000 0.039078
v -1.785730 -2.299566 0.049443
v -2.295990 -2.299902 0.057007
v -2.806204 -2.300070 0.062127
v -3.316582 -2.300252 0.068653
v -3.826970 -2.300482 0.080940
v -4.337184 -2.300736 0.096449
v -4.847228 -2.301088 0.106418
v -5.357070 -2.301574 0.108358
v -5.866706 -2.302188 0.082317
v -6.376612 -2.302762 0.045703
v -6.886324 -2.303190 0.002567
v -7.396402 -2.303594 -0.060772
v -7.906824 -2.303928 -0.115787
v -8.417360 -2.304148 -0.164755
v -8.927864 -2.304184 -0.213814
v -9.438528 -2.304116 -0.254883
v -9.948962 -2.303772 -0.281059
v -10.459418 -2.303334 -0.309093
v -10.969730 -2.302874 -0.327390
v -11.480210 -2.302478 -0.350480
v -11.990434 -2.301934 -0.342970
v -12.500166 -2.301254 -0.353926
v 12.499788 -2.812342 -0.326857
v 11.990008 -2.811986 -0.343429
v 11.480324 -2.811676 -0.363394
v 10.970868 -2.811366 -0.407532
v 10.460620 -2.810784 -0.468490
v 9.950174 -2.810064 -0.495033
v 9.439612 -2.809018 -0.524252
v 8.928632 -2.808030 -0.528644
v 8.417706 -2.807276 -0.510303
v 7.907106 -2.806608 -0.472439
v 7.396946 -2.806090 -0.438493
v 6.886952 -2.805888 -0.408764
v 6.376994 -2.805774 -0.388294
v 5.866858 -2.805656 -0.372060
v 5.356512 -2.805332 -0.354154
v 4.846046 -2.805264 -0.322696
v 4.335774 -2.805294 -0.281506
v 3.825572 -2.805320 -0.239838
v 3.315436 -2.805226 -0.191453
v 2.805478 -2.805426 -0.152891
v 2.295236 -2.805712 -0.112835
v 1.785376 -2.806192 -0.066274
v 1.275456 -2.806744 -0.058313
v 0.765042 -2.807094 -0.045436
v 0.254450 -2.807502 -0.014675
v -0.255850 -2.807918 0.042042
v -0.765676 -2.808538 0.071563
v -1.275774 -2.809346 0.096150
v -1.785466 -2.809740 0.107341
v -2.295652 -2.809802 0.101390
v -2.805816 -2.809886 0.112419
v -3.316158 -2.810006 0.101482
v -3.826666 -2.810202 0.110904
v -4.336818 -2.810430 0.116493
v -4.847094 -2.810762 0.118576
v -5.357056 -2.811318 0.127203
v -5.866852 -2.811912 0.114607
v -6.376686 -2.812618 0.094824
v -6.886294 -2.813108 0.050326
v -7.396448 -2.813490 -0.016966
v -7.906888 -2.813988 -0.069709
v -8.417326 -2.814164 -0.119610
v -8.927994 -2.814348 -0.155687
v -9.438372 -2.814412 -0.183016
v -9.948798 -2.814180 -0.223843
v -10.459238 -2.813962 -0.250481
v -10.969618 -2.813576 -0.287524
v -11.480186 -2.813258 -0.302697
v -11.990232 -2.812722 -0.311465
v -12.500212 -2.812342 -0.326857
v 12.499710 -3.323474 -0.291675
v 11.989836 -3.323158 -0.304538
v 11.480044 -3.322990 -0.317047
v 10.970680 -3.322690 -0.350673
v 10.460620 -3.322236 -0.408324
v 9.950434 -3.321416 -0.447847
v 9.439984 -3.320494 -0.504863
v 8.928896 -3.319462 -0.536947
v 8.417746 -3.318496 -0.522434
v 7.907042 -3.317846 -0.484805
v 7.396656 -3.317522 -0.442452
v 6.886702 -3.317242 -0.405881
v 6.376678 -3.316992 -0.383724
v 5.866728 -3.316800 -0.366704
v 5.356346 -3.316688 -0.361455
v 4.845814 -3.316554 -0.323367
v 4.335532 -3.316466 -0.272820
v 3.825546 -3.316410 -0.223646
v 3.315430 -3.316284 -0.189790
v 2.805332 -3.316258 -0.142859
v 2.295184 -3.316330 -0.107669
v 1.785046 -3.316586 -0.059542
v 1.275196 -3.317178 -0.029264
v 0.765036 -3.317598 -0.012768
v 0.254506 -3.317854 0.012156
v -0.255804 -3.318162 0.059142
v -0.765870 -3.318578 0.098295
v -1.275844 -3.318988 0.147775
v -1.785328 -3.319592 0.166612
v -2.295006 -3.319832 0.150577
v -2.805268 -3.319496 0.120028
v -3.315928 -3.319714 0.118915
v -3.826292 -3.319960 0.127362
v -4.336572 -3.320162 0.135156
v -4.846890 -3.320464 0.139386
v -5.357002 -3.320804 0.154008
v -5.866882 -3.321394 0.142095
v -6.376828 -3.322070 0.132961
v -6.886304 -3.322802 0.084389
v -7.396692 -3.323628 0.016204
v -7.906972 -3.324168 -0.018834
v -8.417262 -3.324500 -0.072458
v -8.927896 -3.324522 -0.113102
v -9.438314 -3.324470 -0.140403
v -9.948630 -3.324462 -0.178814
v -10.459112 -3.324158 -0.216083
v -10.969668 -3.324112 -0.247717
v -11.480166 -3.324022 -0.259895
v -11.990196 -3.323848 -0.276466
v -12.500290 -3.323474 -0.291675
v 12.499806 -3.834472 -0.238612
v 11.989634 -3.834208 -0.258269
v 11.479878 -3.833912 -0.260183
v 10.970460 -3.833680 -0.289739
v 10.460698 -3.833326 -0.344940
v 9.950574 -3.832660 -0.405630
v 9.440066 -3.832076 -0.464317
v 8.929202 -3.831282 -0.508590
v 8.418002 -3.830242 -0.524949
v 7.906942 -3.829352 -0.493888
v 7.396440 -3.828700 -0.441125
v 6.886368 -3.828392 -0.398259
v 6.376372 -3.828364 -0.372705
v 5.866372 -3.828286 -0.352611
v 5.356076 -3.828156 -0.334457
v 4.845672 -3.827948 -0.294206
v 4.335508 -3.827600 -0.247902
v 3.825478 -3.827298 -0.202806
v 3.315506 -3.827076 -0.168046
v 2.805356 -3.826810 -0.135038
v 2.295158 -3.826792 -0.104153
v 1.784776 -3.826938 -0.058925
v 1.274868 -3.827400 -0.003591
v 0.765046 -3.827768 0.017297
v 0.254574 -3.827942 0.037699
v -0.255796 -3.828154 0.092630
v -0.765654 -3.828372 0.133591
v -1.275754 -3.828574 0.163577
v -1.785350 -3.828948 0.209592
v -2.294528 -3.829222 0.195578
v -2.804816 -3.829596 0.142269
v -3.315624 -3.829642 0.139229
v -3.825876 -3.829686 0.150753
v -4.336168 -3.829714 0.142617
v -4.846596 -3.829914 0.142588
v -5.356802 -3.830230 0.144697
v -5.866982 -3.830718 0.143814
v -6.376978 -3.831500 0.138485
v -6.886818 -3.832578 0.108230
v -7.396988 -3.833570 0.075293
v -7.907016 -3.834266 0.037348
v -8.417196 -3.834604 -0.016197
v -8.927692 -3.834802 -0.067799
v -9.438234 -3.834900 -0.106210
v -9.948538 -3.834914 -0.141413
v -10.459054 -3.834976 -0.185861
v -10.969776 -3.834890 -0.208353
v -11.480288 -3.834788 -0.210291
v -11.990298 -3.834722 -0.211559
v -12.500194 -3.834472 -0.238612
v 12.499698 -4.345066 -0.187442
v 11.989520 -4.345016 -0.199830
v 11.479928 -4.344706 -0.214250
v 10.970262 -4.344238 -0.243471
v 10.460668 -4.343918 -0.287590
v 9.950498 -4.343570 -0.356528
v 9.439976 -4.343206 -0.407831
v 8.929282 -4.342720 -0.458194
v 8.418196 -4.342090 -0.488280
v 7.907160 -4.341148 -0.479742
v 7.396492 -4.340178 -0.450971
v 6.885928 -4.339596 -0.404672
v 6.375886 -4.339418 -0.344701
v 5.866020 -4.339286 -0.314893
v 5.355856 -4.339210 -0.290440
v 4.845744 -4.338710 -0.258191
v 4.335576 -4.338162 -0.226888
v 3.825488 -4.337806 -0.184062
v 3.315650 -4.337472 -0.159704
v 2.805322 -4.337276 -0.142197
v 2.295012 -4.337370 -0.102934
v 1.784638 -4.337446 -0.056484
v 1.274612 -4.337546 0.013246
v 0.764964 -4.337830 0.050421
v 0.254726 -4.338072 0.069293
v -0.255540 -4.338032 0.110459
v -0.765512 -4.338082 0.147146
v -1.275600 -4.338352 0.186318
v -1.785036 -4.338462 0.221286
v -2.294500 -4.338790 0.203915
v -2.804636 -4.339204 0.181670
v -3.315048 -4.339288 0.161805
v -3.825462 -4.339340 0.152948
v -4.335802 -4.339540 0.137121
v -4.846396 -4.339826 0.136084
v -5.356534 -4.340122 0.138013
v -5.866932 -4.340450 0.119572
v -6.377452 -4.341256 0.131646
v -6.887290 -4.342378 0.138530
v -7.397274 -4.343324 0.113848
v -7.907186 -4.344054 0.092989
v -8.417134 -4.344670 0.034299
v -8.927738 -4.345100 -0.017408
v -9.438156 -4.345398 -0.049600
v -9.948510 -4.345500 -0.088832
v -10.459036 -4.345472 -0.125093
v -10.969656 -4.345344 -0.150720
v -11.480274 -4.345120 -0.161925
v -11.990394 -4.345062 -0.161008
v -12.500302 -4.345066 -0.187442
v 12.499506 -4.855698 -0.132754
v 11.989404 -4.855612 -0.138312
v 11.479958 -4.855468 -0.151888
v 10.970362 -4.855192 -0.202526
v 10.460558 -4.854780 -0.258453
v 9.950292 -4.854528 -0.320822
v 9.439768 -4.854208 -0.364198
v 8.929064 -4.853884 -0.402825
v 8.418184 -4.853450 -0.423618
v 7.907376 -4.852792 -0.432143
v 7.396600 -4.852062 -0.426419
v 6.885890 -4.851282 -0.392826
v 6.375702 -4.850502 -0.341139
v 5.865612 -4.850116 -0.299087
v 5.355658 -4.849798 -0.251001
v 4.845848 -4.849522 -0.233619
v 4.335684 -4.849092 -0.218672
v 3.825576 -4.848490 -0.189509
v 3.315516 -4.848246 -0.166183
v 2.805150 -4.848272 -0.139469
v 2.294866 -4.848100 -0.087157
v 1.784702 -4.847874 -0.032978
v 1.274704 -4.847600 0.025584
v 0.764878 -4.847546 0.065400
v 0.254768 -4.847682 0.104337
v -0.255220 -4.847748 0.141345
v -0.765292 -4.847734 0.168583
v -1.275344 -4.847760 0.208662
v -1.784830 -4.847954 0.236432
v -2.294472 -4.848338 0.225187
v -2.804406 -4.848772 0.206453
v -3.314696 -4.849034 0.172250
v -3.825234 -4.849342 0.163993
v -4.335494 -4.849610 0.144744
v -4.846168 -4.849776 0.136970
v -5.356354 -4.850196 0.130688
v -5.866960 -4.850768 0.109747
v -6.377648 -4.851310 0.127519
v -6.887750 -4.852010 0.153068
v -7.397528 -4.852940 0.157513
v -7.907348 -4.853730 0.131145
v -8.417362 -4.854488 0.089438
v -8.927758 -4.855074 0.045724
v -9.438114 -4.855370 0.012143
v -9.948438 -4.855614 -0.031400
v -10.458930 -4.855808 -0.072804
v -10.969452 -4.855724 -0.110593
v -11.480232 -4.855604 -0.133112
v -11.990590 -4.855608 -0.122482
v -12.500494 -4.855698 -0.132754
v 12.499376 -5.365904 -0.079516
v 11.989422 -5.365862 -0.087642
v 11.479790 -5.365782 -0.098820
v 10.970326 -5.365684 -0.138701
v 10.460348 -5.365634 -0.200071
v 9.950104 -5.365624 -0.253082
v 9.439676 -5.365262 -0.307073
v 8.928852 -5.364888 -0.346867
v 8.418034 -5.364576 -0.362185
v 7.907336 -5.364090 -0.368458
v 7.396552 -5.363526 -0.358247
v 6.886078 -5.362860 -0.332417
v 6.375782 -5.362026 -0.305290
v 5.865624 -5.361216 -0.270773
v 5.355556 -5.360570 -0.239779
v 4.845592 -5.360162 -0.202955
v 4.335726 -5.359848 -0.182543
v 3.825638 -5.359510 -0.176916
v 3.315236 -5.359216 -0.154474
v 2.805000 -5.359000 -0.101766
v 2.295084 -5.358548 -0.058165
v 1.784980 -5.357948 -0.021309
v 1.274878 -5.357524 0.024083
v 0.764920 -5.357408 0.069465
v 0.254996 -5.357192 0.106634
v -0.255016 -5.356962 0.140535
v -0.765040 -5.357030 0.169845
v -1.275016 -5.356992 0.203007
v -1.784728 -5.357040 0.227829
v -2.294536 -5.357566 0.230287
v -2.804400 -5.358118 0.224192
v -3.314542 -5.358642 0.197319
v -3.825096 -5.359014 0.184131
v -4.335298 -5.359490 0.168925
v -4.845972 -5.359942 0.140458
v -5.356482 -5.360496 0.145593
v -5.866880 -5.361020 0.132052
v -6.377662 -5.361472 0.141951
v -6.887788 -5.362050 0.160543
v -7.397764 -5.362610 0.161405
v -7.907598 -5.363350 0.154985
v -8.417586 -5.364116 0.123563
v -8.927806 -5.364754 0.088075
v -9.438114 -5.365212 0.048997
v -9.948538 -5.365624 0.014329
v -10.458930 -5.365898 -0.017018
v -10.969402 -5.366146 -0.056597
v -11.480138 -5.366206 -0.079924
v -11.990564 -5.365970 -0.077576
v -12.500624 -5.365904 -0.079516
v 12.499308 -5.876410 -0.046976
v 11.989376 -5.876410 -0.044376
v 11.479802 -5.876154 -0.055360
v 10.970176 -5.876086 -0.099547
v 10.460058 -5.876046 -0.149150
v 9.949834 -5.875948 -0.185660
v 9.439548 -5.875968 -0.242368
v 8.928606 -5.875770 -0.282457
v 8.417882 -5.875434 -0.283232
v 7.907332 -5.874910 -0.291160
v 7.396568 -5.874280 -0.281661
v 6.886220 -5.873532 -0.256809
v 6.376032 -5.872712 -0.246387
v 5.865708 -5.872010 -0.232465
v 5.355586 -5.871396 -0.205196
v 4.845594 -5.870780 -0.187893
v 4.335458 -5.870412 -0.168846
v 3.825368 -5.870336 -0.142889
v 3.315174 -5.870070 -0.115137
v 2.805138 -5.869502 -0.071898
v 2.295382 -5.868830 -0.043466
v 1.785286 -5.868260 -0.020025
v 1.275126 -5.867670 0.016228
v 0.765040 -5.867208 0.065199
v 0.255364 -5.866940 0.096286
v -0.254840 -5.866702 0.110205
v -0.764892 -5.866656 0.157474
v -1.274572 -5.866450 0.178372
v -1.784644 -5.866434 0.188439
v -2.294720 -5.866760 0.212799
v -2.804436 -5.867336 0.222814
v -3.314532 -5.867754 0.198639
v -3.825070 -5.868350 0.192024
v -4.335392 -5.868974 0.178905
v -4.846086 -5.869820 0.170598
v -5.356472 -5.870484 0.173533
v -5.866828 -5.871084 0.161172
v -6.377530 -5.871464 0.158126
v -6.887980 -5.872042 0.183168
v -7.397776 -5.872846 0.190999
v -7.907744 -5.873426 0.169873
v -8.417802 -5.874150 0.147597
v -8.927944 -5.874802 0.115217
v -9.438204 -5.875394 0.080515
v -9.948558 -5.875770 0.043745
v -10.459032 -5.876134 0.010809
v -10.969558 -5.876502 -0.012033
v -11.479974 -5.876604 -0.026864
v -11.990376 -5.876472 -0.042930
v -12.500692 -5.876410 -0.046976
v 12.499276 -6.386992 0.019370
v 11.989590 -6.386796 0.024165
v 11.479910 -6.386494 -0.019842
v 10.969886 -6.386456 -0.045878
v 10.460062 -6.386374 -0.095606
v 9.949460 -6.386340 -0.146395
v 9.439116 -6.386528 -0.171066
v 8.928522 -6.386404 -0.206136
v 8.417894 -6.385894 -0.214326
v 7.907420 -6.385258 -0.223844
v 7.396748 -6.384470 -0.217729
v 6.886438 -6.383700 -0.207236
v 6.376082 -6.383112 -0.208050
v 5.865760 -6.382586 -0.194925
v 5.355628 -6.381968 -0.182033
v 4.845460 -6.381530 -0.163974
v 4.335228 -6.381186 -0.139450
v 3.825134 -6.380792 -0.100155
v 3.315210 -6.380394 -0.073531
v 2.805316 -6.379908 -0.042826
v 2.295634 -6.379380 -0.027818
v 1.785620 -6.378660 -0.009270
v 1.275594 -6.377784 0.009687
v 0.765252 -6.377160 0.045673
v 0.255494 -6.376874 0.079978
v -0.254716 -6.376790 0.100064
v -0.764502 -6.376426 0.139247
v -1.274326 -6.376170 0.142528
v -1.784490 -6.376198 0.152491
v -2.294748 -6.376326 0.167321
v -2.804568 -6.376700 0.190444
v -3.314592 -6.377358 0.166695
v -3.825224 -6.377916 0.167050
v -4.335632 -6.378652 0.170891
v -4.846322 -6.379380 0.185029
v -5.356620 -6.380146 0.206808
v -5.866808 -6.380890 0.203654
v -6.377370 -6.381496 0.187557
v -6.888008 -6.382004 0.204307
v -7.397862 -6.382504 0.218288
v -7.907934 -6.383290 0.202803
v -8.418066 -6.384232 0.189067
v -8.928150 -6.385150 0.160524
v -9.438394 -6.385866 0.133274
v -9.948636 -6.386510 0.099595
v -10.459198 -6.386942 0.071081
v -10.969566 -6.387230 0.063450
v -11.479760 -6.387148 0.042674
v -11.990236 -6.387002 0.019535
v -12.500724 -6.386992 0.019370
v 12.499492 -6.896842 0.089773
v 11.989708 -6.896678 0.071732
v 11.479842 -6.896958 0.037866
v 10.970018 -6.896706 -0.006358
v 10.459754 -6.896636 -0.062683
v 9.949110 -6.896848 -0.092430
v 9.438756 -6.896766 -0.104289
v 8.928440 -6.896658 -0.124376
v 8.418040 -6.896188 -0.142094
v 7.907706 -6.895538 -0.164807
v 7.397116 -6.894628 -0.185920
v 6.886486 -6.893834 -0.186085
v 6.375926 -6.893434 -0.177482
v 5.865636 -6.893186 -0.155182
v 5.355642 -6.892738 -0.144317
v 4.845378 -6.892140 -0.132378
v 4.335206 -6.891574 -0.106228
v 3.825072 -6.891040 -0.078620
v 3.315070 -6.890770 -0.042488
v 2.805392 -6.890418 -0.012241
v 2.295794 -6.889824 0.004888
v 1.786150 -6.889066 0.009719
v 1.276106 -6.888186 -0.004333
v 0.765592 -6.887312 0.016648
v 0.255498 -6.886780 0.055337
v -0.254548 -6.886480 0.093246
v -0.764176 -6.886228 0.114636
v -1.274160 -6.886082 0.105567
v -1.784510 -6.886148 0.111997
v -2.294764 -6.886458 0.130789
v -2.804796 -6.886792 0.149220
v -3.314966 -6.887458 0.157061
v -3.825312 -6.888100 0.164758
v -4.335834 -6.888576 0.176851
v -4.846300 -6.889068 0.199246
v -5.356716 -6.889482 0.215091
v -5.866978 -6.890250 0.227252
v -6.377458 -6.891082 0.222006
v -6.887958 -6.891856 0.238735
v -7.397870 -6.892582 0.237511
v -7.908170 -6.893348 0.220793
v -8.418496 -6.894202 0.227431
v -8.928464 -6.895120 0.228856
v -9.438548 -6.895824 0.206819
v -9.948844 -6.896434 0.186043
v -10.459186 -6.896942 0.167275
v -10.969356 -6.897042 0.156208
v -11.479372 -6.896934 0.117207
v -11.990148 -6.896894 0.083475
v -12.500508 -6.896842 0.089773
v 12.499774 -7.406562 0.128688
v 11.989548 -7.406686 0.104273
v 11.479688 -7.406888 0.101680
v 10.970086 -7.407008 0.041722
v 10.459384 -7.407172 -0.009734
v 9.948974 -7.407198 -0.024830
v 9.438674 -7.406972 -0.046600
v 8.928464 -7.406580 -0.062630
v 8.418156 -7.406142 -0.090849
v 7.907830 -7.405702 -0.108646
v 7.397474 -7.405126 -0.144300
v 6.886562 -7.404440 -0.168467
v 6.375680 -7.403994 -0.150707
v 5.865466 -7.403534 -0.107988
v 5.355616 -7.403108 -0.097291
v 4.845398 -7.402658 -0.088736
v 4.335298 -7.402070 -0.074907
v 3.825050 -7.401484 -0.053751
v 3.314966 -7.400854 -0.012587
v 2.805336 -7.400472 0.033309
v 2.296150 -7.399946 0.039942
v 1.786404 -7.399184 0.024277
v 1.276504 -7.398660 0.010828
v 0.766086 -7.397848 0.000473
v 0.255786 -7.397076 0.021692
v -0.254326 -7.396468 0.043696
v -0.764170 -7.396174 0.066142
v -1.274244 -7.396270 0.061169
v -1.784726 -7.396518 0.078744
v -2.294882 -7.396688 0.109624
v -2.804986 -7.396958 0.127705
v -3.315280 -7.397392 0.148456
v -3.825430 -7.397832 0.173194
v -4.335768 -7.398132 0.187220
v -4.846212 -7.398412 0.203159
v -5.356792 -7.399032 0.216098
v -5.867204 -7.399772 0.237980
v -6.377686 -7.400660 0.245487
v -6.888114 -7.401502 0.273829
v -7.398112 -7.402338 0.283839
v -7.908410 -7.403318 0.285610
v -8.418606 -7.404118 0.288020
v -8.928614 -7.404764 0.285494
v -9.438664 -7.405456 0.265023
v -9.948940 -7.406102 0.251225
v -10.459050 -7.406414 0.235515
v -10.969074 -7.406616 0.215047
v -11.479078 -7.406676 0.162938
v -11.989990 -7.406652 0.130169
v -12.500226 -7.406562 0.128688
v 12.499936 -7.916644 0.163700
v 11.989464 -7.916744 0.149843
v 11.479604 -7.916926 0.145431
v 10.969814 -7.917244 0.094849
v 10.459266 -7.917336 0.052249
v 9.948842 -7.917306 0.039414
v 9.438832 -7.917156 0.013022
v 8.928524 -7.916784 -0.022341
v 8.418272 -7.916402 -0.043032
v 7.907982 -7.915690 -0.068579
v 7.397542 -7.915152 -0.100719
v 6.886464 -7.914828 -0.122236
v 6.375690 -7.914490 -0.095444
v 5.865554 -7.913812 -0.075938
v 5.355492 -7.913256 -0.056572
v 4.845460 -7.912668 -0.047730
v 4.335248 -7.912216 -0.034742
v 3.825218 -7.911716 -0.017096
v 3.315130 -7.911036 0.002729
v 2.805378 -7.910304 0.043784
v 2.296256 -7.909794 0.052998
v 1.786574 -7.909406 0.028203
v 1.276686 -7.908714 0.018608
v 0.766474 -7.908070 -0.002291
v 0.255996 -7.907508 0.002571
v -0.254108 -7.907130 0.014649
v -0.764256 -7.906786 0.021025
v -1.274596 -7.906888 0.036133
v -1.784836 -7.906948 0.063210
v -2.294992 -7.906980 0.085120
v -2.805246 -7.907236 0.112757
v -3.315470 -7.907594 0.147621
v -3.825350 -7.907796 0.174989
v -4.335528 -7.907768 0.170251
v -4.846238 -7.908026 0.181654
v -5.356890 -7.908392 0.208576
v -5.867510 -7.909070 0.241674
v -6.377986 -7.910070 0.273728
v -6.888224 -7.910868 0.308379
v -7.398276 -7.911622 0.321617
v -7.908620 -7.912422 0.329824
v -8.418802 -7.913352 0.343892
v -8.928738 -7.914330 0.344424
v -9.438776 -7.915098 0.328235
v -9.948884 -7.915612 0.318973
v -10.458878 -7.916084 0.292807
v -10.968904 -7.916356 0.268906
v -11.478898 -7.916612 0.217416
v -11.989686 -7.916736 0.177842
v -12.500064 -7.916644 0.163700
v 12.500186 -8.426502 0.216855
v 11.989516 -8.426634 0.201867
v 11.479400 -8.426800 0.198885
v 10.969520 -8.427264 0.175080
v 10.459320 -8.427458 0.128034
v 9.948804 -8.427344 0.103529
v 9.438788 -8.427344 0.079561
v 8.928614 -8.427234 0.044462
v 8.418594 -8.426626 0.010221
v 7.908266 -8.426006 -0.041296
v 7.397540 -8.425444 -0.080065
v 6.886354 -8.424946 -0.086754
v 6.375672 -8.424390 -0.046125
v 5.865672 -8.423956 -0.029582
v 5.355610 -8.423386 -0.027818
v 4.845498 -8.422852 -0.030805
v 4.335186 -8.422268 -0.011990
v 3.825304 -8.421690 0.012606
v 3.315344 -8.420990 0.026851
v 2.805576 -8.420336 0.046499
v 2.296060 -8.419996 0.053572
v 1.786688 -8.419606 0.047855
v 1.276976 -8.418944 0.008785
v 0.766576 -8.418422 -0.021170
v 0.256038 -8.417976 -0.019426
v -0.254110 -8.417608 -0.002911
v -0.764366 -8.417378 -0.004317
v -1.274938 -8.417366 0.022054
v -1.785018 -8.417576 0.053945
v -2.295124 -8.417658 0.080393
v -2.805304 -8.417486 0.107674
v -3.315580 -8.417432 0.152865
v -3.825220 -8.417524 0.180001
v -4.335458 -8.417800 0.166642
v -4.846102 -8.417934 0.176975
v -5.356840 -8.418148 0.189546
v -5.867784 -8.418602 0.228741
v -6.378306 -8.419300 0.292931
v -6.888230 -8.420006 0.334871
v -7.398436 -8.420686 0.345393
v -7.908810 -8.421636 0.366795
v -8.419050 -8.422536 0.385439
v -8.929018 -8.423496 0.406109
v -9.438776 -8.424388 0.396121
v -9.948852 -8.425092 0.372984
v -10.458882 -8.425754 0.357869
v -10.968678 -8.426176 0.329734
v -11.478874 -8.426466 0.282125
v -11.989336 -8.426600 0.252640
v -12.499814 -8.426502 0.216855
v 12.500332 -8.936136 0.268822
v 11.989650 -8.936284 0.263628
v 11.479380 -8.936376 0.251027
v 10.969298 -8.936588 0.240452
v 10.459280 -8.936864 0.201303
v 9.948794 -8.937066 0.167645
v 9.438604 -8.937146 0.153160
v 8.928730 -8.937074 0.129581
v 8.418826 -8.936866 0.074163
v 7.908396 -8.936480 0.017046
v 7.397654 -8.936010 -0.023639
v 6.886642 -8.935286 -0.038717
v 6.375870 -8.934428 -0.024603
v 5.865592 -8.933834 -0.003428
v 5.355520 -8.933510 0.010998
v 4.845532 -8.933112 0.014843
v 4.335382 -8.932454 0.015304
v 3.825450 -8.931736 0.028376
v 3.315602 -8.931026 0.024744
v 2.805514 -8.930366 0.036503
v 2.295908 -8.929940 0.061755
v 1.786724 -8.929622 0.048456
v 1.276936 -8.929328 -0.001910
v 0.766480 -8.929090 -0.026822
v 0.256070 -8.928664 -0.027539
v -0.254208 -8.928242 -0.016239
v -0.764576 -8.928096 -0.016043
v -1.275316 -8.928108 0.016947
v -1.785308 -8.928070 0.074634
v -2.295086 -8.927846 0.103305
v -2.805160 -8.927714 0.114873
v -3.315380 -8.927428 0.139035
v -3.825302 -8.927264 0.163238
v -4.335500 -8.927396 0.170386
v -4.846026 -8.927616 0.175178
v -5.356866 -8.927912 0.192920
v -5.867724 -8.928132 0.233057
v -6.378302 -8.928338 0.291427
v -6.888302 -8.928782 0.336339
v -7.398596 -8.929578 0.354292
v -7.909018 -8.930342 0.384784
v -8.419274 -8.931270 0.417607
v -8.929262 -8.932240 0.446204
v -9.439048 -8.933350 0.453338
v -9.949008 -8.934388 0.447149
v -10.458862 -8.935130 0.446165
v -10.968480 -8.935540 0.413813
v -11.478682 -8.935906 0.367136
v -11.988874 -8.936012 0.319631
v -12.499668 -8.936136 0.268822
v 12.500570 -9.445370 0.343049
v 11.989932 -9.445406 0.321115
v 11.479484 -9.445540 0.299934
v 10.969214 -9.445832 0.285649
v 10.459082 -9.446298 0.255161
v 9.948692 -9.446550 0.236916
v 9.438708 -9.446546 0.219749
v 8.928722 -9.446404 0.187358
v 8.418778 -9.446382 0.150446
v 7.908512 -9.446240 0.094655
v 7.397910 -9.445734 0.053777
v 6.887060 -9.444982 0.020259
v 6.376070 -9.444356 0.020383
v 5.865692 -9.443848 0.034416
v 5.355522 -9.443214 0.042718
v 4.845502 -9.442750 0.048210
v 4.335496 -9.442368 0.048030
v 3.825606 -9.441736 0.045693
v 3.315654 -9.441224 0.036981
v 2.805676 -9.440684 0.031281
v 2.295792 -9.440098 0.036860
v 1.786360 -9.439874 0.037378
v 1.276562 -9.439982 0.000948
v 0.766318 -9.439786 -0.013892
v 0.256184 -9.439252 -0.026356
v -0.254332 -9.438662 -0.033242
v -0.764998 -9.438574 -0.014273
v -1.275484 -9.438380 0.036251
v -1.785262 -9.438002 0.083241
v -2.295054 -9.437704 0.094098
v -2.805248 -9.437504 0.114457
v -3.315178 -9.437428 0.137200
v -3.825210 -9.437206 0.139227
v -4.335558 -9.437188 0.147977
v -4.846094 -9.437220 0.165576
v -5.356788 -9.437288 0.190537
v -5.867568 -9.437426 0.220374
v -6.378148 -9.437650 0.267418
v -6.888386 -9.438056 0.302447
v -7.398822 -9.438652 0.337312
v -7.909168 -9.439414 0.378670
v -8.419472 -9.440152 0.418971
v -8.929552 -9.441032 0.462180
v -9.439420 -9.441994 0.497644
v -9.949096 -9.442880 0.517555
v -10.458698 -9.443396 0.512477
v -10.968382 -9.444098 0.479266
v -11.478442 -9.444540 0.436047
v -11.988726 -9.444970 0.388758
v -12.499430 -9.445370 0.343049
v 12.500772 -9.953742 0.392450
v 11.990106 -9.954148 0.357848
v 11.479610 -9.954524 0.333810
v 10.969032 -9.954832 0.318618
v 10.458958 -9.955258 0.313814
v 9.948778 -9.955414 0.281714
v 9.438698 -9.955678 0.263158
v 8.928882 -9.955730 0.223635
v 8.418736 -9.955514 0.181704
v 7.908598 -9.955400 0.144357
v 7.398346 -9.954914 0.089544
v 6.887422 -9.954266 0.037079
v 6.376274 -9.953586 0.029855
v 5.865726 -9.953092 0.053223
v 5.355658 -9.952768 0.056856
v 4.845396 -9.952400 0.060254
v 4.335576 -9.952004 0.065118
v 3.825618 -9.951626 0.044993
v 3.315574 -9.951326 0.035394
v 2.805544 -9.951036 0.034043
v 2.295828 -9.950696 0.032792
v 1.785890 -9.950318 0.016508
v 1.275982 -9.950444 0.021530
v 0.766206 -9.950332 0.005223
v 0.256196 -9.950034 -0.023342
v -0.254472 -9.949712 -0.048733
v -0.765212 -9.949280 -0.012401
v -1.275342 -9.948650 0.025862
v -1.785352 -9.948170 0.065465
v -2.295106 -9.947988 0.084117
v -2.805258 -9.947804 0.097139
v -3.315218 -9.947484 0.120676
v -3.825256 -9.947472 0.131964
v -4.335466 -9.947288 0.141387
v -4.845898 -9.947036 0.145461
v -5.356766 -9.946922 0.161257
v -5.867546 -9.947110 0.204732
v -6.378108 -9.947222 0.245697
v -6.888594 -9.947682 0.294725
v -7.398872 -9.948260 0.333462
v -7.909266 -9.948650 0.374514
v -8.419572 -9.949224 0.422700
v -8.929656 -9.949808 0.474728
v -9.439476 -9.950408 0.512785
v -9.949056 -9.951048 0.536220
v -10.458666 -9.951842 0.524401
v -10.968422 -9.952472 0.519238
v -11.478080 -9.952900 0.470436
v -11.988742 -9.953248 0.420780
v -12.499228 -9.953742 0.392450
v 12.500808 -10.462184 0.390976
v 11.990116 -10.462680 0.366222
v 11.479568 -10.463210 0.349827
v 10.969074 -10.463708 0.331237
v 10.458866 -10.464068 0.320274
v 9.948666 -10.464670 0.294996
v 9.438546 -10.464980 0.291157
v 8.928982 -10.465242 0.257569
v 8.418858 -10.465282 0.200949
v 7.908782 -10.465018 0.163329
v 7.398634 -10.464682 0.097172
v 6.887696 -10.464276 0.040332
v 6.376600 -10.463736 0.022421
v 5.865896 -10.463064 0.034377
v 5.355664 -10.462466 0.045638
v 4.845418 -10.462080 0.051337
v 4.335440 -10.461842 0.051333
v 3.825328 -10.461852 0.045537
v 3.315398 -10.461774 0.046487
v 2.805448 -10.461438 0.041453
v 2.295620 -10.461174 0.037280
v 1.785550 -10.461200 0.022465
v 1.275534 -10.461020 0.035492
v 0.765874 -10.460998 0.031224
v 0.255854 -10.460936 0.011778
v -0.254568 -10.460700 0.002653
v -0.764984 -10.460002 0.015941
v -1.275172 -10.459330 0.034377
v -1.785238 -10.458646 0.057480
v -2.295324 -10.458176 0.079420
v -2.805304 -10.458004 0.109415
v -3.315164 -10.457782 0.118686
v -3.825270 -10.457350 0.133614
v -4.335354 -10.457182 0.139669
v -4.845768 -10.457014 0.141194
v -5.356610 -10.456750 0.153404
v -5.867494 -10.456528 0.196422
v -6.378044 -10.456680 0.231709
v -6.888778 -10.456874 0.281752
v -7.398968 -10.457288 0.339143
v -7.909230 -10.457798 0.377630
v -8.419466 -10.458114 0.421424
v -8.929596 -10.458496 0.467307
v -9.439414 -10.459026 0.507629
v -9.949178 -10.459720 0.534369
v -10.458630 -10.460388 0.548320
v -10.968116 -10.460740 0.523124
v -11.477990 -10.461246 0.471739
v -11.988552 -10.461806 0.420801
v -12.499192 -10.462184 0.390976
v 12.500888 -10.971092 0.364094
v 11.990098 -10.971626 0.336601
v 11.479344 -10.972328 0.326643
v 10.968980 -10.973042 0.322107
v 10.458640 -10.973632 0.314219
v 9.948554 -10.974054 0.316166
v 9.438612 -10.974218 0.300441
v 8.928716 -10.974570 0.283321
v 8.419014 -10.974864 0.246095
v 7.909000 -10.974686 0.184839
v 7.398682 -10.974716 0.123776
v 6.888008 -10.974386 0.064123
v 6.376856 -10.973774 0.041265
v 5.866294 -10.973182 0.046342
v 5.355830 -10.972576 0.033556
v 4.845348 -10.972290 0.038467
v 4.335162 -10.972128 0.042609
v 3.824948 -10.972110 0.054118
v 3.315160 -10.972074 0.068166
v 2.805408 -10.971828 0.059183
v 2.295204 -10.971618 0.054581
v 1.785200 -10.971592 0.070705
v 1.275348 -10.971350 0.074864
v 0.765498 -10.971144 0.077763
v 0.255604 -10.971002 0.065435
v -0.254584 -10.970710 0.053648
v -0.764816 -10.970280 0.049429
v -1.274970 -10.969636 0.056667
v -1.785046 -10.968954 0.059804
v -2.295324 -10.968468 0.069246
v -2.805446 -10.968050 0.100412
v -3.315126 -10.967710 0.126118
v -3.825108 -10.967362 0.118518
v -4.335394 -10.966982 0.134908
v -4.845476 -10.966554 0.135973
v -5.356294 -10.966058 0.128088
v -5.867358 -10.965808 0.149729
v -6.378244 -10.965964 0.196985
v -6.888718 -10.966300 0.248301
v -7.399084 -10.966472 0.302220
v -7.909172 -10.966718 0.353803
v -8.419370 -10.967020 0.396212
v -8.929390 -10.967288 0.443814
v -9.439334 -10.967508 0.478939
v -9.949156 -10.967940 0.517487
v -10.458536 -10.968548 0.531408
v -10.967998 -10.969274 0.501552
v -11.478020 -10.969990 0.452009
v -11.988426 -10.970574 0.404534
v -12.499112 -10.971092 0.364094
v 12.500844 -11.480624 0.337519
v 11.989908 -11.481376 0.310865
v 11.479078 -11.482086 0.316601
v 10.968744 -11.482768 0.328564
v 10.458588 -11.483294 0.329001
v 9.948612 -11.483648 0.323040
v 9.438672 -11.483966 0.300115
v 8.928638 -11.484114 0.285716
v 8.419060 -11.484270 0.255298
v 7.908976 -11.484548 0.189155
v 7.398586 -11.484612 0.150998
v 6.888314 -11.484560 0.094817
v 6.377338 -11.483968 0.051755
v 5.866678 -11.483124 0.039799
v 5.355894 -11.482668 0.020647
v 4.845184 -11.482444 0.036266
v 4.334916 -11.482388 0.046184
v 3.824566 -11.482392 0.072972
v 3.315030 -11.482272 0.100756
v 2.805352 -11.481896 0.082014
v 2.295000 -11.481632 0.080120
v 1.785062 -11.481272 0.100784
v 1.275268 -11.480982 0.097470
v 0.765252 -11.480776 0.094715
v 0.255318 -11.480756 0.090696
v -0.254736 -11.480670 0.086049
v -0.764740 -11.480268 0.084960
v -1.274770 -11.479726 0.075441
v -1.784996 -11.479292 0.063383
v -2.295360 -11.478882 0.077990
v -2.805244 -11.478332 0.100817
v -3.315082 -11.477694 0.107147
v -3.825026 -11.477266 0.114471
v -4.335078 -11.476696 0.111928
v -4.845262 -11.476224 0.098758
v -5.356078 -11.475966 0.079803
v -5.867392 -11.475812 0.096938
v -6.378490 -11.475976 0.156951
v -6.888800 -11.476160 0.229690
v -7.398952 -11.476202 0.275772
v -7.909110 -11.476360 0.325673
v -8.419078 -11.476362 0.362632
v -8.929154 -11.476368 0.397470
v -9.439078 -11.476678 0.422931
v -9.949028 -11.476946 0.451789
v -10.458536 -11.477304 0.473218
v -10.968176 -11.477968 0.457214
v -11.478184 -11.478886 0.423954
v -11.988520 -11.479846 0.379697
v -12.499156 -11.480624 0.337519
v 12.500526 -11.990358 0.331598
v 11.989672 -11.991280 0.315228
v 11.478994 -11.991968 0.319207
v 10.968618 -11.992456 0.328925
v 10.458562 -11.993014 0.334890
v 9.948594 -11.993384 0.326521
v 9.438642 -11.993826 0.316241
v 8.928808 -11.994062 0.292322
v 8.418848 -11.994354 0.260142
v 7.908894 -11.994672 0.223422
v 7.398658 -11.994680 0.174533
v 6.888388 -11.994546 0.136982
v 6.378008 -11.994044 0.079142
v 5.866998 -11.993404 0.030584
v 5.355934 -11.993050 0.015721
v 4.845032 -11.992786 0.031699
v 4.334684 -11.992630 0.060137
v 3.824434 -11.992308 0.095275
v 3.314986 -11.992012 0.122841
v 2.805278 -11.991850 0.098784
v 2.295050 -11.991448 0.098636
v 1.785072 -11.990992 0.100329
v 1.275086 -11.990778 0.102782
v 0.765042 -11.990600 0.099956
v 0.254942 -11.990534 0.112135
v -0.254778 -11.990328 0.118111
v -0.764652 -11.989934 0.101193
v -1.274852 -11.989666 0.085457
v -1.785076 -11.989440 0.088901
v -2.295208 -11.988942 0.093990
v -2.805168 -11.988530 0.106775
v -3.314834 -11.988104 0.101300
v -3.824836 -11.987438 0.088850
v -4.334858 -11.986954 0.078664
v -4.845178 -11.986512 0.059520
v -5.356012 -11.986150 0.045910
v -5.867444 -11.985910 0.065324
v -6.378558 -11.985722 0.140059
v -6.888742 -11.985654 0.213035
v -7.398830 -11.985704 0.255095
v -7.908962 -11.985676 0.302863
v -8.418766 -11.985838 0.328631
v -8.928990 -11.985976 0.346812
v -9.438986 -11.986206 0.386201
v -9.948704 -11.986374 0.407068
v -10.458428 -11.986708 0.405718
v -10.968378 -11.987322 0.391643
v -11.478584 -11.988226 0.377045
v -11.988920 -11.989242 0.359101
v -12.499474 -11.990358 0.331598
v 12.500000 -12.500000 0.333193
v 11.989356 -12.501100 0.330862
v 11.478874 -12.501964 0.341016
v 10.968558 -12.502658 0.340871
v 10.458486 -12.503232 0.352601
v 9.948610 -12.503746 0.341441
v 9.438686 -12.503974 0.338588
v 8.928876 -12.504104 0.311029
v 8.418734 -12.504378 0.290431
v 7.908906 -12.504570 0.255332
v 7.398684 -12.504690 0.216194
v 6.888706 -12.504570 0.168368
v 6.378326 -12.504276 0.095967
v 5.867274 -12.503826 0.037403
v 5.355926 -12.503434 0.022537
v 4.845044 -12.503106 0.043691
v 4.334712 -12.502674 0.072577
v 3.824632 -12.502144 0.090911
v 3.314766 -12.501772 0.117527
v 2.805246 -12.501586 0.115745
v 2.295140 -12.501192 0.100729
v 1.785064 -12.500848 0.100911
v 1.274974 -12.500460 0.100195
v 0.764818 -12.500320 0.103024
v 0.254776 -12.500144 0.123095
v -0.254776 -12.499856 0.123095
v -0.764818 -12.499680 0.103024
v -1.274974 -12.499540 0.100195
v -1.785064 -12.499152 0.100911
v -2.295140 -12.498808 0.100729
v -2.805246 -12.498414 0.115745
v -3.314766 -12.498228 0.117527
v -3.824632 -12.497856 0.090911
v -4.334712 -12.497326 0.072577
v -4.845044 -12.496894 0.043691
v -5.355926 -12.496566 0.022537
v -5.867276 -12.496174 0.037403
v -6.378326 -12.495724 0.095967
v -6.888704 -12.495430 0.168368
v -7.398684 -12.495310 0.216194
v -7.908906 -12.495430 0.255332
v -8.418734 -12.495622 0.290431
v -8.928876 -12.495896 0.311029
v -9.438686 -12.496026 0.338588
v -9.948610 -12.496254 0.341441
v -10.458484 -12.496768 0.352601
v -10.968556 -12.497342 0.340871
v -11.478874 -12.498036 0.341016
v -11.989356 -12.498900 0.330862
v -12.500000 -12.500000 0.333193
vn 0.0491 0.0521 0.9974
vn 0.0517 0.0884 0.9947
vn 0.0410 0.1463 0.9884
vn 0.0384 0.1835 0.9823
vn 0.0152 0.2132 0.9769
vn -0.0322 0.2217 0.9746
vn -0.0874 0.1883 0.9782
vn -0.1016 0.1516 0.9832
vn -0.0963 0.1541 0.9834
vn -0.1418 0.1648 0.9761
vn -0.1685 0.1621 0.9723
vn -0.2223 0.1625 0.9613
vn -0.2598 0.1498 0.9540
vn -0.1580 0.1179 0.9804
vn 0.0006 0.0883 0.9961
vn 0.0807 0.0596 0.9950
vn 0.0748 0.0253 0.9969
vn 0.0661 -0.0139 0.9977
vn 0.0417 -0.0426 0.9982
vn -0.0236 -0.0401 0.9989
vn -0.0320 -0.0338 0.9989
vn -0.0089 -0.0446 0.9990
vn 0.0141 -0.0424 0.9990
vn 0.0543 -0.0229 0.9983
vn 0.0303 -0.0223 0.9993
vn -0.0374 -0.0294 0.9989
vn -0.0316 -0.0142 0.9994
vn -0.0017 0.0015 1.0000
vn -0.0035 -0.0007 1.0000
vn 0.0130 -0.0213 0.9997
vn 0.0402 -0.0301 0.9987
vn -0.0277 -0.0020 0.9996
vn -0.1050 0.0015 0.9945
vn -0.1079 -0.0316 0.9937
vn -0.0921 -0.0422 0.9949
vn -0.0072 -0.0318 0.9995
vn 0.1321 -0.0360 0.9906
vn 0.2259 -0.0684 0.9718
vn 0.2043 -0.1160 0.9720
vn 0.1659 -0.1403 0.9761
vn 0.1533 -0.1302 0.9796
vn 0.1204 -0.1075 0.9869
vn 0.1013 -0.0874 0.9910
vn 0.0629 -0.0764 0.9951
vn 0.0320 -0.0683 0.9972
vn 0.0019 -0.0609 0.9981
vn -0.0266 -0.0620 0.9977
vn -0.0231 -0.0696 0.9973
vn 0.0045 -0.0536 0.9986
vn 0.0366 -0.0338 0.9988
vn 0.0920 0.0518 0.9944
vn 0.0897 0.0898 0.9919
vn 0.0733 0.1595 0.9845
vn 0.0563 0.2087 0.9764
vn 0.0122 0.2237 0.9746
vn -0.0499 0.2039 0.9777
vn -0.0985 0.1757 0.9795
vn -0.1076 0.1585 0.9815
vn -0.1039 0.1451 0.9839
vn -0.1480 0.1307 0.9803
vn -0.1736 0.1201 0.9775
vn -0.2215 0.1149 0.9684
vn -0.2623 0.1142 0.9582
vn -0.1609 0.1142 0.9803
vn -0.0016 0.1114 0.9938
vn 0.0719 0.1004 0.9924
vn 0.0594 0.0766 0.9953
vn 0.0419 0.0372 0.9984
vn 0.0231 -0.0059 0.9997
vn -0.0297 -0.0308 0.9991
vn -0.0431 -0.0479 0.9979
vn -0.0099 -0.0599 0.9982
vn 0.0236 -0.0515 0.9984
vn 0.0483 -0.0479 0.9977
vn 0.0233 -0.0608 0.9979
vn -0.0234 -0.0539 0.9983
vn -0.0170 -0.0254 0.9995
vn 0.0023 -0.0068 1.0000
vn -0.0123 -0.0116 0.9999
vn -0.0035 -0.0368 0.9993
vn 0.0420 -0.0513 0.9978
vn -0.0199 -0.0416 0.9989
vn -0.1095 -0.0384 0.9932
vn -0.1028 -0.0381 0.9940
vn -0.0802 -0.0210 0.9966
vn -0.0024 -0.0043 1.0000
vn 0.1118 -0.0198 0.9935
vn 0.1907 -0.0764 0.9787
vn 0.1956 -0.1221 0.9731
vn 0.1695 -0.1293 0.9770
vn 0.1680 -0.1117 0.9794
vn 0.1403 -0.0782 0.9870
vn 0.0999 -0.0605 0.9932
vn 0.0665 -0.0589 0.9960
vn 0.0393 -0.0483 0.9981
vn 0.0048 -0.0381 0.9993
vn -0.0270 -0.0355 0.9990
vn -0.0269 -0.0397 0.9988
vn 0.0185 -0.0294 0.9994
vn 0.0603 -0.0154 0.9981
vn 0.1468 0.0751 0.9863
vn 0.1473 0.0959 0.9844
vn 0.1364 0.1469 0.9797
vn 0.0987 0.2009 0.9746
vn 0.0096 0.2255 0.9742
vn -0.0826 0.2101 0.9742
vn -0.1159 0.1877 0.9754
vn -0.1253 0.1698 0.9775
vn -0.1335 0.1363 0.9816
vn -0.1639 0.1043 0.9809
vn -0.1858 0.0866 0.9788
vn -0.2176 0.0834 0.9725
vn -0.2414 0.1107 0.9641
vn -0.1509 0.1473 0.9775
vn -0.0075 0.1572 0.9875
vn 0.0504 0.1412 0.9887
vn 0.0210 0.1064 0.9941
vn 0.0021 0.0686 0.9976
vn -0.0135 0.0357 0.9993
vn -0.0599 -0.0062 0.9982
vn -0.0652 -0.0415 0.9970
vn -0.0129 -0.0546 0.9984
vn 0.0220 -0.0677 0.9975
vn 0.0248 -0.0959 0.9951
vn 0.0187 -0.1108 0.9937
vn 0.0113 -0.0879 0.9961
vn 0.0066 -0.0582 0.9983
vn 0.0027 -0.0527 0.9986
vn -0.0288 -0.0640 0.9975
vn -0.0248 -0.0769 0.9967
vn 0.0385 -0.0868 0.9955
vn -0.0130 -0.0927 0.9956
vn -0.0961 -0.0751 0.9925
vn -0.0744 -0.0338 0.9967
vn -0.0511 0.0068 0.9987
vn 0.0067 0.0285 0.9996
vn 0.0650 0.0057 0.9979
vn 0.1128 -0.0638 0.9916
vn 0.1802 -0.1122 0.9772
vn 0.1892 -0.1018 0.9766
vn 0.1994 -0.0682 0.9775
vn 0.1734 -0.0365 0.9842
vn 0.0976 -0.0233 0.9950
vn 0.0693 -0.0249 0.9973
vn 0.0441 -0.0280 0.9986
vn 0.0095 -0.0287 0.9995
vn -0.0137 -0.0132 0.9998
vn -0.0170 0.0144 0.9998
vn 0.0445 0.0402 0.9982
vn 0.0945 0.0526 0.9941
vn 0.1474 0.0915 0.9848
vn 0.1648 0.0885 0.9823
vn 0.1791 0.0975 0.9790
vn 0.1369 0.1230 0.9829
vn 0.0182 0.1439 0.9894
vn -0.0943 0.1556 0.9833
vn -0.1293 0.1545 0.9795
vn -0.1498 0.1361 0.9793
vn -0.1640 0.1152 0.9797
vn -0.1713 0.1087 0.9792
vn -0.1927 0.1105 0.9750
vn -0.2076 0.1153 0.9714
vn -0.1971 0.1431 0.9699
vn -0.1402 0.1662 0.9761
vn -0.0388 0.1401 0.9894
vn 0.0155 0.0906 0.9958
vn -0.0131 0.0572 0.9983
vn -0.0212 0.0380 0.9991
vn -0.0362 0.0249 0.9990
vn -0.0889 0.0148 0.9959
vn -0.0832 0.0027 0.9965
vn -0.0356 -0.0252 0.9990
vn -0.0199 -0.0766 0.9969
vn -0.0134 -0.1275 0.9917
vn 0.0162 -0.1524 0.9882
vn 0.0413 -0.1472 0.9882
vn 0.0238 -0.1297 0.9913
vn -0.0082 -0.1289 0.9916
vn -0.0274 -0.1270 0.9915
vn -0.0110 -0.0997 0.9950
vn 0.0278 -0.0869 0.9958
vn -0.0074 -0.0862 0.9963
vn -0.0492 -0.0507 0.9975
vn -0.0304 -0.0010 0.9995
vn -0.0241 0.0295 0.9993
vn 0.0011 0.0292 0.9996
vn 0.0114 -0.0074 0.9999
vn 0.0467 -0.0578 0.9972
vn 0.1623 -0.0922 0.9824
vn 0.2184 -0.0896 0.9717
vn 0.2156 -0.0764 0.9735
vn 0.1860 -0.0778 0.9795
vn 0.1180 -0.0576 0.9913
vn 0.0686 -0.0362 0.9970
vn 0.0419 -0.0361 0.9985
vn 0.0263 -0.0210 0.9994
vn 0.0205 0.0146 0.9997
vn 0.0225 0.0609 0.9979
vn 0.0664 0.0962 0.9931
vn 0.1029 0.1057 0.9891
vn 0.1246 0.0435 0.9912
vn 0.1580 0.0384 0.9867
vn 0.1923 0.0341 0.9808
vn 0.1384 0.0225 0.9901
vn 0.0270 0.0110 0.9996
vn -0.0709 0.0313 0.9970
vn -0.1307 0.0569 0.9898
vn -0.1665 0.0590 0.9843
vn -0.1780 0.0504 0.9827
vn -0.1678 0.0477 0.9847
vn -0.1810 0.0619 0.9815
vn -0.1953 0.0827 0.9772
vn -0.1725 0.0954 0.9804
vn -0.1495 0.0925 0.9844
vn -0.0889 0.0638 0.9940
vn -0.0198 0.0287 0.9994
vn -0.0226 0.0176 0.9996
vn -0.0350 0.0137 0.9993
vn -0.0496 -0.0003 0.9988
vn -0.0839 0.0014 0.9965
vn -0.0860 0.0157 0.9962
vn -0.0786 -0.0023 0.9969
vn -0.0836 -0.0574 0.9948
vn -0.0686 -0.1244 0.9899
vn -0.0018 -0.1714 0.9852
vn 0.0652 -0.1696 0.9834
vn 0.0493 -0.1390 0.9891
vn -0.0065 -0.1134 0.9935
vn -0.0025 -0.0890 0.9960
vn 0.0215 -0.0600 0.9980
vn 0.0169 -0.0513 0.9985
vn 0.0069 -0.0488 0.9988
vn 0.0068 -0.0140 0.9999
vn 0.0055 0.0283 0.9996
vn -0.0140 0.0438 0.9989
vn -0.0162 0.0369 0.9992
vn -0.0322 0.0125 0.9994
vn 0.0065 -0.0210 0.9998
vn 0.1399 -0.0479 0.9890
vn 0.2255 -0.0646 0.9721
vn 0.2014 -0.0859 0.9757
vn 0.1756 -0.1097 0.9783
vn 0.1521 -0.1067 0.9826
vn 0.0804 -0.0821 0.9934
vn 0.0599 -0.0522 0.9968
vn 0.0563 -0.0190 0.9982
vn 0.0448 -0.0001 0.9990
vn 0.0604 0.0157 0.9980
vn 0.0870 0.0381 0.9955
vn 0.1085 0.0480 0.9929
vn 0.1280 -0.0776 0.9887
vn 0.1590 -0.0711 0.9847
vn 0.1872 -0.0707 0.9798
vn 0.1259 -0.0769 0.9891
vn 0.0409 -0.0648 0.9971
vn -0.0384 -0.0390 0.9985
vn -0.1193 -0.0205 0.9927
vn -0.1666 -0.0110 0.9860
vn -0.1801 -0.0044 0.9836
vn -0.1654 -0.0011 0.9862
vn -0.1604 0.0088 0.9870
vn -0.1702 0.0364 0.9847
vn -0.1675 0.0561 0.9843
vn -0.1564 0.0584 0.9860
vn -0.1107 0.0595 0.9921
vn -0.0468 0.0460 0.9978
vn -0.0298 0.0228 0.9993
vn -0.0358 0.0186 0.9992
vn -0.0580 0.0233 0.9980
vn -0.0759 0.0211 0.9969
vn -0.0716 0.0294 0.9970
vn -0.1068 0.0332 0.9937
vn -0.1429 -0.0006 0.9897
vn -0.1216 -0.0459 0.9915
vn -0.0185 -0.0674 0.9976
vn 0.0758 -0.0763 0.9942
vn 0.0686 -0.0794 0.9945
vn 0.0318 -0.0485 0.9983
vn 0.0295 -0.0026 0.9996
vn 0.0235 0.0019 0.9997
vn 0.0071 -0.0148 0.9999
vn 0.0198 -0.0142 0.9997
vn 0.0369 -0.0061 0.9993
vn 0.0190 -0.0047 0.9998
vn -0.0135 -0.0061 0.9999
vn -0.0220 -0.0044 0.9997
vn -0.0486 -0.0024 0.9988
vn -0.0198 -0.0119 0.9997
vn 0.1098 -0.0416 0.9931
vn 0.1969 -0.0842 0.9768
vn 0.1841 -0.1104 0.9767
vn 0.1656 -0.1150 0.9795
vn 0.1550 -0.1262 0.9798
vn 0.0980 -0.1311 0.9865
vn 0.0804 -0.1225 0.9892
vn 0.0769 -0.1128 0.9906
vn 0.0556 -0.1003 0.9934
vn 0.0725 -0.0928 0.9930
vn 0.0978 -0.0914 0.9910
vn 0.1124 -0.0894 0.9896
vn 0.1613 -0.2134 0.9636
vn 0.1709 -0.2025 0.9643
vn 0.1768 -0.1950 0.9647
vn 0.1362 -0.1866 0.9729
vn 0.0609 -0.1679 0.9839
vn -0.0165 -0.1518 0.9883
vn -0.0840 -0.1148 0.9898
vn -0.1370 -0.0592 0.9888
vn -0.1589 -0.0137 0.9872
vn -0.1529 0.0177 0.9881
vn -0.1361 0.0456 0.9897
vn -0.1406 0.0726 0.9874
vn -0.1720 0.0777 0.9820
vn -0.1622 0.0646 0.9846
vn -0.1101 0.0590 0.9922
vn -0.0622 0.0587 0.9963
vn -0.0382 0.0582 0.9976
vn -0.0360 0.0537 0.9979
vn -0.0648 0.0418 0.9970
vn -0.0774 0.0356 0.9964
vn -0.0657 0.0319 0.9973
vn -0.1259 0.0141 0.9919
vn -0.1754 -0.0058 0.9845
vn -0.1197 0.0080 0.9928
vn -0.0227 0.0280 0.9994
vn 0.0401 -0.0039 0.9992
vn 0.0611 -0.0448 0.9971
vn 0.0921 -0.0231 0.9955
vn 0.0716 0.0339 0.9969
vn -0.0032 0.0452 0.9990
vn -0.0167 0.0113 0.9998
vn 0.0155 -0.0174 0.9997
vn 0.0207 -0.0458 0.9987
vn 0.0033 -0.0789 0.9969
vn -0.0114 -0.0909 0.9958
vn -0.0258 -0.0944 0.9952
vn -0.0522 -0.1038 0.9932
vn -0.0389 -0.1171 0.9924
vn 0.0609 -0.1540 0.9862
vn 0.1480 -0.2030 0.9679
vn 0.1802 -0.2227 0.9581
vn 0.1772 -0.2045 0.9627
vn 0.1419 -0.1925 0.9710
vn 0.0934 -0.2043 0.9744
vn 0.0810 -0.2150 0.9733
vn 0.0993 -0.1996 0.9748
vn 0.0764 -0.1695 0.9826
vn 0.0644 -0.1633 0.9845
vn 0.0780 -0.1896 0.9788
vn 0.0805 -0.2077 0.9749
vn 0.1708 -0.2448 0.9544
vn 0.1654 -0.2585 0.9518
vn 0.1656 -0.2760 0.9468
vn 0.1442 -0.2825 0.9484
vn 0.0696 -0.2828 0.9567
vn 0.0182 -0.2585 0.9658
vn -0.0118 -0.1940 0.9809
vn -0.0779 -0.1199 0.9897
vn -0.1192 -0.0657 0.9907
vn -0.1207 -0.0241 0.9924
vn -0.0999 0.0178 0.9948
vn -0.1202 0.0475 0.9916
vn -0.1894 0.0443 0.9809
vn -0.1814 0.0199 0.9832
vn -0.1080 0.0087 0.9941
vn -0.0540 0.0198 0.9983
vn -0.0231 0.0438 0.9988
vn -0.0426 0.0567 0.9975
vn -0.0945 0.0318 0.9950
vn -0.0912 -0.0057 0.9958
vn -0.0807 -0.0308 0.9963
vn -0.1397 -0.0419 0.9893
vn -0.1627 -0.0228 0.9864
vn -0.0781 0.0178 0.9968
vn -0.0245 0.0379 0.9990
vn -0.0098 0.0181 0.9998
vn 0.0521 0.0001 0.9986
vn 0.1313 0.0091 0.9913
vn 0.1009 0.0222 0.9946
vn -0.0153 0.0289 0.9995
vn -0.0493 0.0181 0.9986
vn -0.0175 -0.0187 0.9997
vn -0.0228 -0.0666 0.9975
vn -0.0333 -0.1130 0.9930
vn -0.0146 -0.1400 0.9900
vn -0.0240 -0.1379 0.9902
vn -0.0544 -0.1287 0.9902
vn -0.0688 -0.1469 0.9868
vn -0.0004 -0.1985 0.9801
vn 0.1085 -0.2406 0.9645
vn 0.1776 -0.2540 0.9508
vn 0.1872 -0.2604 0.9472
vn 0.1385 -0.2649 0.9543
vn 0.0869 -0.2621 0.9611
vn 0.0851 -0.2527 0.9638
vn 0.1257 -0.2357 0.9637
vn 0.1019 -0.2136 0.9716
vn 0.0520 -0.2070 0.9770
vn 0.0462 -0.2225 0.9738
vn 0.0450 -0.2339 0.9712
vn 0.1281 -0.2336 0.9639
vn 0.1329 -0.2527 0.9584
vn 0.1580 -0.2721 0.9492
vn 0.1425 -0.2762 0.9505
vn 0.0804 -0.2725 0.9588
vn 0.0568 -0.2534 0.9657
vn 0.0435 -0.2292 0.9724
vn -0.0200 -0.1934 0.9809
vn -0.0745 -0.1472 0.9863
vn -0.0803 -0.1052 0.9912
vn -0.0651 -0.0724 0.9953
vn -0.1045 -0.0517 0.9932
vn -0.1837 -0.0266 0.9826
vn -0.1781 0.0075 0.9840
vn -0.1075 0.0226 0.9940
vn -0.0521 0.0139 0.9985
vn -0.0061 0.0088 0.9999
vn -0.0397 0.0156 0.9991
vn -0.1240 0.0131 0.9922
vn -0.1182 -0.0068 0.9930
vn -0.0962 -0.0243 0.9951
vn -0.1226 -0.0104 0.9924
vn -0.1211 0.0313 0.9921
vn -0.0509 0.0606 0.9969
vn -0.0294 0.0630 0.9976
vn -0.0312 0.0565 0.9979
vn 0.0478 0.0487 0.9977
vn 0.1186 0.0221 0.9927
vn 0.0913 -0.0141 0.9957
vn 0.0004 -0.0149 0.9999
vn -0.0688 -0.0079 0.9976
vn -0.0669 -0.0400 0.9970
vn -0.0608 -0.0794 0.9950
vn -0.0639 -0.1013 0.9928
vn -0.0283 -0.1178 0.9926
vn -0.0215 -0.1312 0.9911
vn -0.0540 -0.1371 0.9891
vn -0.0944 -0.1436 0.9851
vn -0.0349 -0.1523 0.9877
vn 0.0957 -0.1548 0.9833
vn 0.1591 -0.1732 0.9719
vn 0.1554 -0.2222 0.9625
vn 0.1286 -0.2628 0.9563
vn 0.1023 -0.2636 0.9592
vn 0.0867 -0.2575 0.9624
vn 0.1269 -0.2680 0.9550
vn 0.1334 -0.2559 0.9574
vn 0.0623 -0.2242 0.9725
vn 0.0345 -0.2100 0.9771
vn 0.0469 -0.2097 0.9766
vn 0.0622 -0.2011 0.9776
vn 0.0981 -0.2147 0.9717
vn 0.1620 -0.2240 0.9610
vn 0.1411 -0.2228 0.9646
vn 0.0856 -0.2289 0.9697
vn 0.0661 -0.2363 0.9694
vn 0.0566 -0.2399 0.9691
vn 0.0210 -0.2246 0.9742
vn -0.0327 -0.1909 0.9811
vn -0.0427 -0.1556 0.9869
vn -0.0418 -0.1290 0.9908
vn -0.0902 -0.1122 0.9896
vn -0.1333 -0.0711 0.9885
vn -0.1275 -0.0013 0.9918
vn -0.1006 0.0432 0.9940
vn -0.0627 0.0486 0.9968
vn -0.0197 0.0296 0.9994
vn -0.0478 0.0013 0.9989
vn -0.1179 0.0022 0.9930
vn -0.1149 0.0317 0.9929
vn -0.0983 0.0503 0.9939
vn -0.0997 0.0574 0.9934
vn -0.0756 0.0844 0.9936
vn -0.0416 0.1101 0.9931
vn -0.0469 0.0995 0.9939
vn -0.0465 0.0734 0.9962
vn 0.0242 0.0423 0.9988
vn 0.0751 0.0010 0.9972
vn 0.0698 -0.0287 0.9972
vn 0.0189 -0.0314 0.9993
vn -0.0874 -0.0387 0.9954
vn -0.1178 -0.0770 0.9900
vn -0.0856 -0.1139 0.9898
vn -0.0679 -0.1213 0.9903
vn -0.0399 -0.1205 0.9919
vn -0.0362 -0.1335 0.9904
vn -0.0722 -0.1596 0.9845
vn -0.1012 -0.1770 0.9790
vn -0.0180 -0.1607 0.9868
vn 0.1024 -0.1339 0.9857
vn 0.1243 -0.1441 0.9817
vn 0.1074 -0.1800 0.9778
vn 0.1070 -0.2097 0.9719
vn 0.1045 -0.2313 0.9673
vn 0.0775 -0.2465 0.9660
vn 0.1167 -0.2523 0.9606
vn 0.1734 -0.2350 0.9564
vn 0.0941 -0.2034 0.9746
vn 0.0393 -0.1831 0.9823
vn 0.0646 -0.1789 0.9818
vn 0.0104 -0.1628 0.9866
vn 0.0715 -0.1745 0.9821
vn 0.1579 -0.1934 0.9683
vn 0.1283 -0.2144 0.9683
vn 0.0725 -0.2360 0.9690
vn 0.0639 -0.2434 0.9678
vn 0.0653 -0.2338 0.9701
vn 0.0395 -0.2241 0.9738
vn -0.0104 -0.2189 0.9757
vn -0.0096 -0.2010 0.9795
vn -0.0129 -0.1676 0.9858
vn -0.0677 -0.1335 0.9887
vn -0.0725 -0.0912 0.9932
vn -0.0638 -0.0362 0.9973
vn -0.0770 0.0079 0.9970
vn -0.0656 0.0236 0.9976
vn -0.0495 0.0101 0.9987
vn -0.0586 -0.0022 0.9983
vn -0.0824 0.0221 0.9964
vn -0.0812 0.0624 0.9947
vn -0.0898 0.0859 0.9922
vn -0.0831 0.1033 0.9912
vn -0.0316 0.1362 0.9902
vn -0.0332 0.1620 0.9862
vn -0.0804 0.1464 0.9859
vn -0.0872 0.0982 0.9913
vn -0.0317 0.0329 0.9990
vn 0.0349 -0.0222 0.9991
vn 0.0497 -0.0528 0.9974
vn 0.0057 -0.0831 0.9965
vn -0.0980 -0.0992 0.9902
vn -0.1454 -0.1005 0.9843
vn -0.1094 -0.1161 0.9872
vn -0.0749 -0.1398 0.9873
vn -0.0508 -0.1587 0.9860
vn -0.0434 -0.1638 0.9855
vn -0.0862 -0.1583 0.9836
vn -0.0955 -0.1478 0.9844
vn -0.0006 -0.1424 0.9898
vn 0.0933 -0.1592 0.9828
vn 0.0997 -0.1806 0.9785
vn 0.0854 -0.1900 0.9781
vn 0.0870 -0.2009 0.9757
vn 0.0805 -0.2229 0.9715
vn 0.0735 -0.2355 0.9691
vn 0.1298 -0.2193 0.9670
vn 0.1958 -0.2003 0.9600
vn 0.1223 -0.1880 0.9745
vn 0.0600 -0.1630 0.9848
vn 0.0780 -0.1470 0.9860
vn -0.0105 -0.2103 0.9776
vn 0.0534 -0.2156 0.9750
vn 0.1293 -0.2370 0.9629
vn 0.0949 -0.2745 0.9569
vn 0.0620 -0.2948 0.9535
vn 0.0802 -0.2805 0.9565
vn 0.0855 -0.2548 0.9632
vn 0.0573 -0.2287 0.9718
vn 0.0130 -0.1948 0.9808
vn 0.0224 -0.1587 0.9871
vn 0.0126 -0.1374 0.9904
vn -0.0484 -0.1275 0.9907
vn -0.0287 -0.1071 0.9938
vn -0.0117 -0.0664 0.9977
vn -0.0534 -0.0348 0.9980
vn -0.0690 -0.0303 0.9972
vn -0.0571 -0.0279 0.9980
vn -0.0404 -0.0051 0.9992
vn -0.0261 0.0455 0.9986
vn -0.0443 0.0981 0.9942
vn -0.0783 0.1220 0.9894
vn -0.0600 0.1387 0.9885
vn -0.0100 0.1500 0.9886
vn -0.0410 0.1372 0.9897
vn -0.1075 0.1177 0.9872
vn -0.1213 0.1056 0.9870
vn -0.0972 0.0715 0.9927
vn -0.0218 0.0044 0.9998
vn 0.0049 -0.0665 0.9978
vn -0.0334 -0.1192 0.9923
vn -0.0935 -0.1358 0.9863
vn -0.1338 -0.1177 0.9840
vn -0.1236 -0.1055 0.9867
vn -0.1000 -0.1213 0.9876
vn -0.0684 -0.1449 0.9871
vn -0.0465 -0.1601 0.9860
vn -0.0706 -0.1525 0.9858
vn -0.0652 -0.1165 0.9910
vn -0.0100 -0.1015 0.9948
vn 0.0408 -0.1454 0.9885
vn 0.0690 -0.2044 0.9764
vn 0.0684 -0.2398 0.9684
vn 0.0772 -0.2525 0.9645
vn 0.0762 -0.2432 0.9670
vn 0.0934 -0.2157 0.9720
vn 0.1607 -0.1810 0.9703
vn 0.1835 -0.1812 0.9662
vn 0.1379 -0.1956 0.9709
vn 0.0811 -0.1876 0.9789
vn 0.0540 -0.1816 0.9819
vn -0.0018 -0.2497 0.9683
vn 0.0442 -0.2527 0.9665
vn 0.0896 -0.2732 0.9578
vn 0.0678 -0.2969 0.9525
vn 0.0742 -0.2901 0.9541
vn 0.1101 -0.2656 0.9578
vn 0.1119 -0.2400 0.9643
vn 0.0956 -0.2068 0.9737
vn 0.0633 -0.1566 0.9856
vn 0.0546 -0.1109 0.9923
vn 0.0168 -0.0973 0.9951
vn -0.0533 -0.1078 0.9927
vn -0.0168 -0.1214 0.9925
vn 0.0229 -0.1156 0.9930
vn -0.0272 -0.0867 0.9959
vn -0.0511 -0.0474 0.9976
vn -0.0240 0.0013 0.9997
vn -0.0042 0.0480 0.9988
vn 0.0299 0.0896 0.9955
vn -0.0051 0.1316 0.9913
vn -0.0714 0.1518 0.9858
vn -0.0529 0.1489 0.9874
vn -0.0266 0.1287 0.9913
vn -0.0804 0.0855 0.9931
vn -0.1159 0.0572 0.9916
vn -0.1118 0.0714 0.9912
vn -0.1357 0.0767 0.9878
vn -0.0982 0.0291 0.9947
vn -0.0613 -0.0427 0.9972
vn -0.0688 -0.0906 0.9935
vn -0.1019 -0.1162 0.9880
vn -0.1218 -0.1296 0.9841
vn -0.1203 -0.1272 0.9846
vn -0.1095 -0.1185 0.9869
vn -0.0775 -0.1137 0.9905
vn -0.0629 -0.1234 0.9904
vn -0.0614 -0.1376 0.9886
vn -0.0388 -0.1385 0.9896
vn -0.0305 -0.1477 0.9886
vn -0.0224 -0.1865 0.9822
vn 0.0230 -0.2330 0.9722
vn 0.0396 -0.2672 0.9628
vn 0.0773 -0.2792 0.9571
vn 0.1169 -0.2482 0.9616
vn 0.1357 -0.1957 0.9712
vn 0.1771 -0.1709 0.9692
vn 0.1645 -0.1737 0.9710
vn 0.1302 -0.1887 0.9734
vn 0.0664 -0.2204 0.9732
vn 0.0055 -0.2405 0.9706
vn 0.0098 -0.1878 0.9822
vn 0.0300 -0.1987 0.9796
vn 0.0604 -0.2200 0.9736
vn 0.0799 -0.2142 0.9735
vn 0.1048 -0.1821 0.9777
vn 0.1283 -0.1639 0.9781
vn 0.1334 -0.1563 0.9787
vn 0.1274 -0.1417 0.9817
vn 0.1059 -0.1215 0.9869
vn 0.0749 -0.1060 0.9915
vn 0.0165 -0.1002 0.9948
vn -0.0563 -0.0926 0.9941
vn -0.0355 -0.1006 0.9943
vn 0.0262 -0.1215 0.9922
vn 0.0043 -0.1162 0.9932
vn -0.0008 -0.0744 0.9972
vn 0.0335 -0.0153 0.9993
vn 0.0311 0.0307 0.9990
vn 0.0610 0.0547 0.9966
vn 0.0301 0.0783 0.9965
vn -0.0500 0.1141 0.9922
vn -0.0587 0.1331 0.9894
vn -0.0648 0.1103 0.9918
vn -0.1168 0.0788 0.9900
vn -0.1186 0.0670 0.9907
vn -0.1048 0.0571 0.9929
vn -0.1514 0.0429 0.9875
vn -0.1530 0.0195 0.9880
vn -0.1163 -0.0196 0.9930
vn -0.1059 -0.0640 0.9923
vn -0.1376 -0.1104 0.9843
vn -0.1321 -0.1430 0.9809
vn -0.0974 -0.1339 0.9862
vn -0.0872 -0.0978 0.9914
vn -0.0840 -0.0868 0.9927
vn -0.0912 -0.1115 0.9896
vn -0.0842 -0.1479 0.9854
vn -0.0591 -0.1894 0.9801
vn -0.0633 -0.2314 0.9708
vn -0.0577 -0.2600 0.9639
vn -0.0021 -0.2721 0.9623
vn 0.0265 -0.2734 0.9615
vn 0.0843 -0.2656 0.9604
vn 0.1627 -0.2437 0.9561
vn 0.1732 -0.2134 0.9615
vn 0.1830 -0.1925 0.9641
vn 0.1731 -0.1753 0.9692
vn 0.1106 -0.1738 0.9785
vn 0.0363 -0.1925 0.9806
vn -0.0017 -0.2014 0.9795
vn 0.0176 -0.1597 0.9870
vn 0.0091 -0.1694 0.9855
vn 0.0406 -0.1877 0.9814
vn 0.1071 -0.1853 0.9768
vn 0.1325 -0.1630 0.9777
vn 0.1376 -0.1449 0.9798
vn 0.1423 -0.1352 0.9805
vn 0.1413 -0.1278 0.9817
vn 0.1323 -0.1083 0.9853
vn 0.0909 -0.0822 0.9925
vn 0.0227 -0.0664 0.9975
vn -0.0496 -0.0607 0.9969
vn -0.0595 -0.0696 0.9958
vn 0.0126 -0.0860 0.9962
vn 0.0261 -0.0833 0.9962
vn 0.0323 -0.0704 0.9970
vn 0.0663 -0.0635 0.9958
vn 0.0508 -0.0570 0.9971
vn 0.0749 -0.0474 0.9961
vn 0.0648 -0.0227 0.9976
vn 0.0015 0.0276 0.9996
vn -0.0515 0.0675 0.9964
vn -0.1045 0.0583 0.9928
vn -0.1264 0.0405 0.9911
vn -0.1225 0.0395 0.9917
vn -0.1278 0.0231 0.9915
vn -0.1567 0.0086 0.9876
vn -0.1762 0.0028 0.9844
vn -0.1628 -0.0291 0.9862
vn -0.1540 -0.0807 0.9848
vn -0.1651 -0.1105 0.9801
vn -0.1306 -0.1041 0.9860
vn -0.0789 -0.0940 0.9924
vn -0.0688 -0.0932 0.9933
vn -0.0891 -0.0909 0.9919
vn -0.1190 -0.0987 0.9880
vn -0.1266 -0.1317 0.9832
vn -0.1157 -0.1870 0.9755
vn -0.1077 -0.2411 0.9645
vn -0.0690 -0.2662 0.9614
vn -0.0034 -0.2670 0.9637
vn 0.0383 -0.2560 0.9659
vn 0.0992 -0.2377 0.9663
vn 0.1712 -0.2338 0.9571
vn 0.1932 -0.2341 0.9528
vn 0.2025 -0.2140 0.9556
vn 0.1897 -0.1937 0.9625
vn 0.1055 -0.1862 0.9768
vn 0.0318 -0.1782 0.9835
vn 0.0185 -0.1732 0.9847
vn 0.0472 -0.1840 0.9818
vn 0.0116 -0.1721 0.9850
vn 0.0263 -0.1645 0.9860
vn 0.1052 -0.1810 0.9778
vn 0.1386 -0.1968 0.9706
vn 0.1479 -0.1963 0.9693
vn 0.1424 -0.1929 0.9708
vn 0.1492 -0.1895 0.9705
vn 0.1660 -0.1645 0.9723
vn 0.1218 -0.1255 0.9846
vn 0.0461 -0.0869 0.9951
vn -0.0301 -0.0499 0.9983
vn -0.0655 -0.0269 0.9975
vn 0.0080 -0.0209 0.9998
vn 0.0388 -0.0156 0.9991
vn 0.0247 -0.0235 0.9994
vn 0.0560 -0.0484 0.9973
vn 0.0528 -0.0633 0.9966
vn 0.0747 -0.0705 0.9947
vn 0.0881 -0.0716 0.9935
vn 0.0504 -0.0497 0.9975
vn -0.0379 -0.0274 0.9989
vn -0.1300 -0.0303 0.9910
vn -0.1325 -0.0447 0.9902
vn -0.1306 -0.0580 0.9897
vn -0.1372 -0.0600 0.9887
vn -0.1435 -0.0419 0.9888
vn -0.1893 -0.0364 0.9812
vn -0.2031 -0.0604 0.9773
vn -0.1822 -0.0794 0.9801
vn -0.1500 -0.0626 0.9867
vn -0.1055 -0.0279 0.9940
vn -0.0976 -0.0311 0.9947
vn -0.0918 -0.0734 0.9931
vn -0.0902 -0.0995 0.9909
vn -0.1236 -0.0969 0.9876
vn -0.1450 -0.0861 0.9857
vn -0.1631 -0.0937 0.9821
vn -0.1583 -0.1318 0.9786
vn -0.0914 -0.1755 0.9802
vn -0.0176 -0.2105 0.9774
vn 0.0483 -0.2259 0.9729
vn 0.1205 -0.2131 0.9696
vn 0.1697 -0.1962 0.9658
vn 0.2064 -0.1851 0.9608
vn 0.2178 -0.1796 0.9593
vn 0.1832 -0.1947 0.9636
vn 0.1060 -0.2132 0.9712
vn 0.0403 -0.2139 0.9760
vn 0.0302 -0.2106 0.9771
vn 0.0867 -0.1869 0.9785
vn 0.0377 -0.1739 0.9840
vn 0.0171 -0.1647 0.9862
vn 0.0759 -0.1850 0.9798
vn 0.1283 -0.2059 0.9701
vn 0.1492 -0.2134 0.9655
vn 0.1391 -0.2178 0.9660
vn 0.1583 -0.2130 0.9641
vn 0.1939 -0.1976 0.9609
vn 0.1513 -0.1788 0.9722
vn 0.0890 -0.1464 0.9852
vn 0.0333 -0.0784 0.9964
vn -0.0223 0.0055 0.9997
vn 0.0108 0.0456 0.9989
vn 0.0288 0.0332 0.9990
vn 0.0050 0.0113 0.9999
vn 0.0337 -0.0058 0.9994
vn 0.0360 -0.0302 0.9989
vn 0.0445 -0.0701 0.9965
vn 0.0942 -0.0928 0.9912
vn 0.0859 -0.0731 0.9936
vn -0.0404 -0.0628 0.9972
vn -0.1415 -0.0737 0.9872
vn -0.1402 -0.0794 0.9869
vn -0.1522 -0.0961 0.9837
vn -0.1309 -0.1110 0.9852
vn -0.1125 -0.0931 0.9893
vn -0.1860 -0.0639 0.9805
vn -0.2128 -0.0467 0.9760
vn -0.1707 -0.0265 0.9850
vn -0.1245 -0.0048 0.9922
vn -0.0983 -0.0061 0.9951
vn -0.1294 -0.0278 0.9912
vn -0.1374 -0.0639 0.9884
vn -0.1189 -0.1127 0.9865
vn -0.1147 -0.1352 0.9841
vn -0.1147 -0.1071 0.9876
vn -0.1539 -0.0591 0.9863
vn -0.1764 -0.0274 0.9839
vn -0.1380 -0.0469 0.9893
vn -0.0759 -0.1156 0.9904
vn 0.0269 -0.1772 0.9838
vn 0.1332 -0.1964 0.9714
vn 0.1835 -0.1847 0.9655
vn 0.2189 -0.1677 0.9612
vn 0.2167 -0.1622 0.9627
vn 0.1607 -0.1751 0.9714
vn 0.0875 -0.2023 0.9754
vn 0.0451 -0.2168 0.9752
vn 0.0477 -0.2157 0.9753
vn 0.0912 -0.2096 0.9735
vn 0.0544 -0.2070 0.9768
vn 0.0218 -0.1960 0.9804
vn 0.0621 -0.1835 0.9811
vn 0.1263 -0.1759 0.9763
vn 0.1481 -0.1724 0.9738
vn 0.1358 -0.1753 0.9751
vn 0.1574 -0.1849 0.9701
vn 0.1954 -0.1982 0.9605
vn 0.1661 -0.2026 0.9651
vn 0.1391 -0.1725 0.9751
vn 0.1260 -0.0987 0.9871
vn 0.0535 -0.0140 0.9985
vn 0.0195 0.0305 0.9993
vn -0.0117 0.0101 0.9999
vn 0.0104 -0.0128 0.9999
vn 0.0009 -0.0470 0.9989
vn 0.0021 -0.0845 0.9964
vn 0.0900 -0.1066 0.9902
vn 0.1065 -0.1078 0.9885
vn -0.0407 -0.0977 0.9944
vn -0.1422 -0.0874 0.9860
vn -0.1479 -0.0904 0.9849
vn -0.1707 -0.1003 0.9802
vn -0.1358 -0.1106 0.9845
vn -0.0874 -0.1096 0.9901
vn -0.1476 -0.0733 0.9863
vn -0.1901 -0.0255 0.9814
vn -0.1554 -0.0063 0.9878
vn -0.1295 -0.0175 0.9914
vn -0.1254 -0.0486 0.9909
vn -0.1497 -0.0749 0.9859
vn -0.1714 -0.0944 0.9807
vn -0.1564 -0.1187 0.9805
vn -0.1046 -0.1247 0.9867
vn -0.0743 -0.1034 0.9919
vn -0.1071 -0.0633 0.9922
vn -0.1461 -0.0159 0.9891
vn -0.1667 0.0052 0.9860
vn -0.1379 -0.0175 0.9903
vn -0.0297 -0.0736 0.9968
vn 0.1045 -0.1381 0.9849
vn 0.1875 -0.1720 0.9671
vn 0.2132 -0.1880 0.9588
vn 0.2075 -0.2062 0.9563
vn 0.1575 -0.2067 0.9657
vn 0.0729 -0.1994 0.9772
vn 0.0456 -0.1994 0.9788
vn 0.0618 -0.2001 0.9778
vn 0.0698 -0.1799 0.9812
vn 0.0558 -0.1825 0.9816
vn 0.0408 -0.1752 0.9837
vn 0.0792 -0.1522 0.9852
vn 0.1288 -0.1399 0.9818
vn 0.1432 -0.1468 0.9787
vn 0.1309 -0.1553 0.9792
vn 0.1380 -0.1699 0.9757
vn 0.1795 -0.1898 0.9653
vn 0.1759 -0.1937 0.9652
vn 0.1886 -0.1661 0.9679
vn 0.1944 -0.1203 0.9735
vn 0.1039 -0.0843 0.9910
vn 0.0395 -0.0583 0.9975
vn -0.0013 -0.0430 0.9991
vn -0.0247 -0.0449 0.9987
vn -0.0115 -0.0568 0.9983
vn -0.0248 -0.0702 0.9972
vn -0.0105 -0.0710 0.9974
vn 0.0575 -0.0931 0.9940
vn 0.0753 -0.1548 0.9851
vn -0.0208 -0.1762 0.9841
vn -0.1194 -0.1440 0.9823
vn -0.1455 -0.1168 0.9824
vn -0.1700 -0.1035 0.9800
vn -0.1473 -0.1050 0.9835
vn -0.0813 -0.1128 0.9903
vn -0.0926 -0.0872 0.9919
vn -0.1507 -0.0379 0.9879
vn -0.1592 -0.0206 0.9870
vn -0.1485 -0.0328 0.9884
vn -0.1530 -0.0492 0.9870
vn -0.1622 -0.0631 0.9847
vn -0.1798 -0.0637 0.9816
vn -0.1622 -0.0528 0.9853
vn -0.0943 -0.0421 0.9947
vn -0.0572 -0.0361 0.9977
vn -0.0785 -0.0297 0.9965
vn -0.1149 -0.0164 0.9932
vn -0.1535 0.0079 0.9881
vn -0.1526 0.0291 0.9879
vn -0.0851 0.0148 0.9963
vn 0.0392 -0.0411 0.9984
vn 0.1503 -0.1095 0.9826
vn 0.1745 -0.1718 0.9696
vn 0.1868 -0.2128 0.9591
vn 0.1749 -0.2171 0.9604
vn 0.0896 -0.1955 0.9766
vn 0.0524 -0.1739 0.9834
vn 0.0597 -0.1670 0.9841
vn 0.0552 -0.1247 0.9907
vn 0.0404 -0.1384 0.9896
vn 0.0445 -0.1580 0.9864
vn 0.0909 -0.1650 0.9821
vn 0.1161 -0.1760 0.9775
vn 0.1260 -0.1961 0.9724
vn 0.1281 -0.2049 0.9704
vn 0.1355 -0.1939 0.9716
vn 0.1726 -0.1812 0.9682
vn 0.1888 -0.1722 0.9668
vn 0.2176 -0.1574 0.9633
vn 0.2111 -0.1551 0.9651
vn 0.1277 -0.1517 0.9801
vn 0.0721 -0.1225 0.9899
vn 0.0143 -0.0899 0.9958
vn -0.0254 -0.0735 0.9970
vn -0.0258 -0.0766 0.9967
vn -0.0361 -0.0887 0.9954
vn -0.0112 -0.0999 0.9949
vn 0.0098 -0.1258 0.9920
vn 0.0114 -0.1747 0.9846
vn -0.0148 -0.2092 0.9778
vn -0.0753 -0.1919 0.9785
vn -0.1076 -0.1383 0.9845
vn -0.1571 -0.1000 0.9825
vn -0.1500 -0.0886 0.9847
vn -0.0825 -0.0857 0.9929
vn -0.0562 -0.0762 0.9955
vn -0.1044 -0.0419 0.9937
vn -0.1513 -0.0036 0.9885
vn -0.1490 0.0164 0.9887
vn -0.1719 0.0131 0.9850
vn -0.1758 -0.0056 0.9844
vn -0.1679 -0.0059 0.9858
vn -0.1522 0.0063 0.9883
vn -0.1000 0.0004 0.9950
vn -0.0612 -0.0155 0.9980
vn -0.0622 -0.0095 0.9980
vn -0.0919 0.0169 0.9956
vn -0.1348 0.0347 0.9903
vn -0.1548 0.0302 0.9875
vn -0.1159 0.0118 0.9932
vn -0.0159 -0.0182 0.9997
vn 0.0852 -0.0705 0.9939
vn 0.1241 -0.1252 0.9843
vn 0.1675 -0.1532 0.9739
vn 0.1884 -0.1594 0.9691
vn 0.1205 -0.1452 0.9820
vn 0.0668 -0.1249 0.9899
vn 0.0548 -0.1184 0.9915
vn 0.0268 -0.1310 0.9910
vn 0.0073 -0.1500 0.9887
vn 0.0320 -0.1748 0.9841
vn 0.0829 -0.1863 0.9790
vn 0.0964 -0.2006 0.9749
vn 0.1045 -0.2189 0.9701
vn 0.1228 -0.2336 0.9645
vn 0.1524 -0.2304 0.9611
vn 0.1777 -0.2169 0.9599
vn 0.2065 -0.1991 0.9580
vn 0.2336 -0.1762 0.9562
vn 0.2061 -0.1674 0.9641
vn 0.1460 -0.1619 0.9760
vn 0.1073 -0.1397 0.9844
vn 0.0402 -0.1119 0.9929
vn -0.0173 -0.0946 0.9954
vn -0.0402 -0.0980 0.9944
vn -0.0544 -0.1186 0.9915
vn -0.0266 -0.1411 0.9896
vn -0.0223 -0.1615 0.9866
vn -0.0288 -0.1835 0.9826
vn -0.0182 -0.1909 0.9814
vn -0.0354 -0.1721 0.9844
vn -0.0674 -0.1469 0.9868
vn -0.1318 -0.1187 0.9841
vn -0.1243 -0.0786 0.9891
vn -0.0752 -0.0487 0.9960
vn -0.0472 -0.0417 0.9980
vn -0.0623 -0.0243 0.9978
vn -0.1170 0.0153 0.9930
vn -0.1348 0.0443 0.9899
vn -0.1829 0.0495 0.9819
vn -0.1848 0.0463 0.9817
vn -0.1606 0.0445 0.9860
vn -0.1549 0.0368 0.9873
vn -0.1133 0.0266 0.9932
vn -0.0646 0.0256 0.9976
vn -0.0351 0.0431 0.9985
vn -0.0745 0.0609 0.9954
vn -0.1432 0.0509 0.9884
vn -0.1769 0.0236 0.9839
vn -0.1398 -0.0050 0.9902
vn -0.0425 -0.0262 0.9988
vn 0.0366 -0.0492 0.9981
vn 0.0931 -0.0739 0.9929
vn 0.1541 -0.0908 0.9839
vn 0.1800 -0.1101 0.9775
vn 0.1419 -0.1158 0.9831
vn 0.0781 -0.1056 0.9913
vn 0.0467 -0.1014 0.9938
vn -0.0189 -0.1472 0.9889
vn -0.0274 -0.1617 0.9865
vn 0.0147 -0.1871 0.9822
vn 0.0667 -0.2065 0.9762
vn 0.0862 -0.2164 0.9725
vn 0.0856 -0.2255 0.9705
vn 0.1011 -0.2483 0.9634
vn 0.1480 -0.2716 0.9510
vn 0.1802 -0.2794 0.9431
vn 0.2301 -0.2613 0.9374
vn 0.2551 -0.2293 0.9393
vn 0.2224 -0.1979 0.9547
vn 0.1644 -0.1715 0.9714
vn 0.1133 -0.1703 0.9789
vn 0.0484 -0.1839 0.9818
vn 0.0029 -0.1736 0.9848
vn -0.0339 -0.1449 0.9889
vn -0.0716 -0.1354 0.9882
vn -0.0346 -0.1384 0.9898
vn -0.0279 -0.1312 0.9910
vn -0.0480 -0.1323 0.9900
vn -0.0100 -0.1354 0.9907
vn -0.0106 -0.1217 0.9925
vn -0.0577 -0.1122 0.9920
vn -0.0955 -0.0926 0.9911
vn -0.0812 -0.0519 0.9953
vn -0.0592 -0.0225 0.9980
vn -0.0484 -0.0147 0.9987
vn -0.0510 -0.0219 0.9985
vn -0.0886 -0.0214 0.9958
vn -0.1169 -0.0037 0.9931
vn -0.1674 0.0249 0.9856
vn -0.1658 0.0640 0.9841
vn -0.1558 0.0898 0.9837
vn -0.1638 0.0917 0.9822
vn -0.1183 0.0874 0.9891
vn -0.0601 0.0878 0.9943
vn -0.0233 0.0865 0.9960
vn -0.0877 0.0665 0.9939
vn -0.1602 0.0450 0.9861
vn -0.1899 0.0411 0.9809
vn -0.1549 0.0401 0.9871
vn -0.0595 0.0286 0.9978
vn -0.0088 -0.0107 0.9999
vn 0.0633 -0.0607 0.9961
vn 0.1464 -0.0803 0.9860
vn 0.1618 -0.0872 0.9830
vn 0.1350 -0.1088 0.9849
vn 0.0799 -0.1257 0.9888
vn 0.0434 -0.1283 0.9908
vn -0.0537 -0.1166 0.9917
vn -0.0590 -0.1327 0.9894
vn -0.0149 -0.1669 0.9859
vn 0.0426 -0.1987 0.9791
vn 0.0755 -0.2211 0.9723
vn 0.0639 -0.2426 0.9680
vn 0.0755 -0.2631 0.9618
vn 0.1286 -0.2776 0.9521
vn 0.1730 -0.2900 0.9413
vn 0.2466 -0.2882 0.9253
vn 0.2743 -0.2748 0.9215
vn 0.2587 -0.2482 0.9335
vn 0.1883 -0.2155 0.9582
vn 0.0915 -0.2151 0.9723
vn 0.0349 -0.2358 0.9712
vn 0.0305 -0.2326 0.9721
vn 0.0015 -0.2004 0.9797
vn -0.0601 -0.1646 0.9845
vn -0.0242 -0.1411 0.9897
vn 0.0019 -0.1088 0.9941
vn -0.0437 -0.0728 0.9964
vn -0.0207 -0.0757 0.9969
vn 0.0021 -0.0878 0.9961
vn -0.0385 -0.0652 0.9971
vn -0.0474 -0.0163 0.9987
vn -0.0462 0.0269 0.9986
vn -0.0592 0.0328 0.9977
vn -0.0647 0.0088 0.9979
vn -0.0713 -0.0205 0.9972
vn -0.0734 -0.0259 0.9970
vn -0.0926 -0.0038 0.9957
vn -0.1295 0.0310 0.9911
vn -0.1141 0.0840 0.9899
vn -0.1290 0.1360 0.9823
vn -0.1648 0.1564 0.9739
vn -0.1347 0.1427 0.9806
vn -0.0675 0.1189 0.9906
vn -0.0435 0.0931 0.9947
vn -0.1221 0.0579 0.9908
vn -0.1627 0.0416 0.9858
vn -0.1674 0.0653 0.9837
vn -0.1391 0.1052 0.9847
vn -0.0772 0.1151 0.9904
vn -0.0616 0.0834 0.9946
vn 0.0155 0.0327 0.9993
vn 0.1393 -0.0019 0.9902
vn 0.1459 -0.0189 0.9891
vn 0.0957 -0.0548 0.9939
vn 0.0666 -0.0925 0.9935
vn 0.0464 -0.1040 0.9935
vn -0.0711 -0.0449 0.9965
vn -0.0889 -0.0578 0.9944
vn -0.0580 -0.0952 0.9938
vn 0.0062 -0.1412 0.9900
vn 0.0546 -0.1743 0.9832
vn 0.0498 -0.1879 0.9809
vn 0.0745 -0.1813 0.9806
vn 0.1211 -0.1772 0.9767
vn 0.1439 -0.2025 0.9686
vn 0.2353 -0.2420 0.9413
vn 0.2789 -0.2614 0.9241
vn 0.2812 -0.2621 0.9232
vn 0.2091 -0.2556 0.9439
vn 0.0760 -0.2555 0.9638
vn 0.0256 -0.2591 0.9655
vn 0.0508 -0.2514 0.9666
vn 0.0393 -0.2282 0.9728
vn -0.0178 -0.1873 0.9821
vn 0.0076 -0.1390 0.9903
vn 0.0440 -0.0987 0.9941
vn -0.0207 -0.0700 0.9973
vn -0.0386 -0.0620 0.9973
vn 0.0103 -0.0597 0.9982
vn 0.0094 -0.0262 0.9996
vn 0.0057 0.0261 0.9996
vn -0.0242 0.0576 0.9980
vn -0.0801 0.0525 0.9954
vn -0.0908 0.0293 0.9954
vn -0.0777 0.0259 0.9966
vn -0.0490 0.0495 0.9976
vn -0.0692 0.0751 0.9948
vn -0.0930 0.0999 0.9906
vn -0.0702 0.1274 0.9894
vn -0.1054 0.1412 0.9844
vn -0.1429 0.1640 0.9761
vn -0.1328 0.2007 0.9706
vn -0.0847 0.2069 0.9747
vn -0.0997 0.1602 0.9820
vn -0.1729 0.0866 0.9811
vn -0.1696 0.0439 0.9845
vn -0.1259 0.0557 0.9905
vn -0.0972 0.1008 0.9901
vn -0.0864 0.1247 0.9884
vn -0.0952 0.1135 0.9890
vn -0.0350 0.0810 0.9961
vn 0.1005 0.0256 0.9946
vn 0.1150 -0.0283 0.9930
vn 0.0696 -0.0495 0.9963
vn 0.0592 -0.0459 0.9972
vn 0.0482 -0.0423 0.9979
vn -0.0664 -0.0004 0.9978
vn -0.0978 0.0036 0.9952
vn -0.0929 -0.0027 0.9957
vn -0.0368 -0.0342 0.9987
vn 0.0226 -0.0751 0.9969
vn 0.0600 -0.0845 0.9946
vn 0.0946 -0.0615 0.9936
vn 0.1112 -0.0589 0.9921
vn 0.0968 -0.0935 0.9909
vn 0.1798 -0.1562 0.9712
vn 0.2524 -0.2212 0.9420
vn 0.2732 -0.2569 0.9270
vn 0.2117 -0.2767 0.9373
vn 0.0776 -0.2813 0.9565
vn 0.0347 -0.2691 0.9625
vn 0.0680 -0.2515 0.9654
vn 0.0771 -0.2227 0.9718
vn 0.0292 -0.1830 0.9827
vn 0.0463 -0.1476 0.9880
vn 0.0610 -0.1319 0.9894
vn -0.0030 -0.1259 0.9920
vn -0.0156 -0.0943 0.9954
vn 0.0397 -0.0447 0.9982
vn 0.0574 -0.0006 0.9984
vn 0.0287 0.0182 0.9994
vn -0.0221 0.0116 0.9997
vn -0.0849 0.0138 0.9963
vn -0.0825 0.0406 0.9958
vn -0.0404 0.0894 0.9952
vn -0.0181 0.1333 0.9909
vn -0.0601 0.1468 0.9873
vn -0.0693 0.1532 0.9858
vn -0.0540 0.1647 0.9849
vn -0.1010 0.1691 0.9804
vn -0.1001 0.1915 0.9764
vn -0.0799 0.2474 0.9656
vn -0.0877 0.2852 0.9545
vn -0.1740 0.2515 0.9521
vn -0.2340 0.1776 0.9559
vn -0.2037 0.1189 0.9718
vn -0.1234 0.0744 0.9896
vn -0.0725 0.0566 0.9958
vn -0.0949 0.0500 0.9942
vn -0.1064 0.0425 0.9934
vn -0.0646 0.0359 0.9973
vn 0.0327 -0.0059 0.9994
vn 0.0760 -0.0596 0.9953
vn 0.0864 -0.0610 0.9944
vn 0.0783 -0.0287 0.9965
vn 0.0536 -0.0132 0.9985
vn -0.0536 0.0132 0.9985
vn -0.0783 0.0287 0.9965
vn -0.0864 0.0610 0.9944
vn -0.0760 0.0596 0.9953
vn -0.0327 0.0059 0.9994
vn 0.0646 -0.0359 0.9973
vn 0.1064 -0.0425 0.9934
vn 0.0949 -0.0500 0.9942
vn 0.0725 -0.0566 0.9958
vn 0.1234 -0.0744 0.9896
vn 0.2037 -0.1189 0.9718
vn 0.2340 -0.1776 0.9559
vn 0.1740 -0.2515 0.9521
vn 0.0877 -0.2852 0.9545
vn 0.0799 -0.2474 0.9656
vn 0.1001 -0.1915 0.9764
vn 0.1010 -0.1691 0.9804
vn 0.0540 -0.1647 0.9849
vn 0.0693 -0.1532 0.9858
vn 0.0601 -0.1468 0.9873
vn 0.0181 -0.1333 0.9909
vn 0.0404 -0.0894 0.9952
vn 0.0825 -0.0406 0.9958
vn 0.0849 -0.0138 0.9963
vn 0.0221 -0.0116 0.9997
vn -0.0287 -0.0182 0.9994
vn -0.0574 0.0006 0.9984
vn -0.0397 0.0447 0.9982
vn 0.0156 0.0943 0.9954
vn 0.0030 0.1259 0.9920
vn -0.0610 0.1319 0.9894
vn -0.0463 0.1476 0.9880
vn -0.0292 0.1830 0.9827
vn -0.0771 0.2227 0.9718
vn -0.0680 0.2515 0.9654
vn -0.0347 0.2691 0.9625
vn -0.0776 0.2813 0.9565
vn -0.2117 0.2767 0.9373
vn -0.2732 0.2569 0.9270
vn -0.2524 0.2212 0.9420
vn -0.1798 0.1562 0.9712
vn -0.0968 0.0935 0.9909
vn -0.1112 0.0589 0.9921
vn -0.0946 0.0615 0.9936
vn -0.0600 0.0845 0.9946
vn -0.0226 0.0751 0.9969
vn 0.0368 0.0342 0.9987
vn 0.0929 0.0027 0.9957
vn 0.0978 -0.0036 0.9952
vn 0.0664 0.0004 0.9978
vn -0.0482 0.0423 0.9979
vn -0.0592 0.0459 0.9972
vn -0.0696 0.0495 0.9963
vn -0.1150 0.0283 0.9930
vn -0.1005 -0.0256 0.9946
vn 0.0350 -0.0810 0.9961
vn 0.0952 -0.1135 0.9890
vn 0.0864 -0.1247 0.9884
vn 0.0972 -0.1008 0.9901
vn 0.1259 -0.0557 0.9905
vn 0.1696 -0.0439 0.9845
vn 0.1729 -0.0866 0.9811
vn 0.0997 -0.1602 0.9820
vn 0.0847 -0.2069 0.9747
vn 0.1328 -0.2007 0.9706
vn 0.1429 -0.1640 0.9761
vn 0.1054 -0.1412 0.9844
vn 0.0702 -0.1274 0.9894
vn 0.0930 -0.0999 0.9906
vn 0.0692 -0.0751 0.9948
vn 0.0490 -0.0495 0.9976
vn 0.0777 -0.0259 0.9966
vn 0.0908 -0.0293 0.9954
vn 0.0801 -0.0525 0.9954
vn 0.0242 -0.0576 0.9980
vn -0.0057 -0.0261 0.9996
vn -0.0094 0.0262 0.9996
vn -0.0103 0.0597 0.9982
vn 0.0386 0.0620 0.9973
vn 0.0207 0.0700 0.9973
vn -0.0440 0.0987 0.9941
vn -0.0076 0.1390 0.9903
vn 0.0178 0.1873 0.9821
vn -0.0393 0.2282 0.9728
vn -0.0508 0.2514 0.9666
vn -0.0256 0.2591 0.9655
vn -0.0760 0.2555 0.9638
vn -0.2091 0.2556 0.9439
vn -0.2812 0.2621 0.9232
vn -0.2789 0.2614 0.9241
vn -0.2353 0.2420 0.9413
vn -0.1439 0.2025 0.9686
vn -0.1211 0.1772 0.9767
vn -0.0745 0.1813 0.9806
vn -0.0498 0.1879 0.9809
vn -0.0546 0.1743 0.9832
vn -0.0062 0.1412 0.9900
vn 0.0580 0.0952 0.9938
vn 0.0889 0.0578 0.9944
vn 0.0711 0.0449 0.9965
vn -0.0464 0.1040 0.9935
vn -0.0666 0.0925 0.9935
vn -0.0957 0.0548 0.9939
vn -0.1459 0.0189 0.9891
vn -0.1393 0.0019 0.9902
vn -0.0155 -0.0327 0.9993
vn 0.0616 -0.0834 0.9946
vn 0.0772 -0.1151 0.9904
vn 0.1391 -0.1052 0.9847
vn 0.1674 -0.0653 0.9837
vn 0.1627 -0.0416 0.9858
vn 0.1221 -0.0579 0.9908
vn 0.0435 -0.0931 0.9947
vn 0.0675 -0.1189 0.9906
vn 0.1347 -0.1427 0.9806
vn 0.1648 -0.1564 0.9739
vn 0.1290 -0.1360 0.9823
vn 0.1141 -0.0840 0.9899
vn 0.1295 -0.0310 0.9911
vn 0.0926 0.0038 0.9957
vn 0.0734 0.0259 0.9970
vn 0.0713 0.0205 0.9972
vn 0.0647 -0.0088 0.9979
vn 0.0592 -0.0328 0.9977
vn 0.0462 -0.0269 0.9986
vn 0.0474 0.0163 0.9987
vn 0.0385 0.0652 0.9971
vn -0.0021 0.0878 0.9961
vn 0.0207 0.0757 0.9969
vn 0.0437 0.0728 0.9964
vn -0.0019 0.1088 0.9941
vn 0.0242 0.1411 0.9897
vn 0.0601 0.1646 0.9845
vn -0.0015 0.2004 0.9797
vn -0.0305 0.2326 0.9721
vn -0.0349 0.2358 0.9712
vn -0.0915 0.2151 0.9723
vn -0.1883 0.2155 0.9582
vn -0.2587 0.2482 0.9335
vn -0.2743 0.2748 0.9215
vn -0.2466 0.2882 0.9253
vn -0.1730 0.2900 0.9413
vn -0.1286 0.2776 0.9521
vn -0.0755 0.2631 0.9618
vn -0.0639 0.2426 0.9680
vn -0.0755 0.2211 0.9723
vn -0.0426 0.1987 0.9791
vn 0.0149 0.1669 0.9859
vn 0.0590 0.1327 0.9894
vn 0.0537 0.1166 0.9917
vn -0.0434 0.1283 0.9908
vn -0.0799 0.1257 0.9888
vn -0.1350 0.1088 0.9849
vn -0.1618 0.0872 0.9830
vn -0.1464 0.0803 0.9860
vn -0.0633 0.0607 0.9961
vn 0.0088 0.0107 0.9999
vn 0.0595 -0.0286 0.9978
vn 0.1549 -0.0401 0.9871
vn 0.1899 -0.0411 0.9809
vn 0.1602 -0.0450 0.9861
vn 0.0877 -0.0665 0.9939
vn 0.0233 -0.0865 0.9960
vn 0.0601 -0.0878 0.9943
vn 0.1183 -0.0874 0.9891
vn 0.1638 -0.0917 0.9822
vn 0.1558 -0.0898 0.9837
vn 0.1658 -0.0640 0.9841
vn 0.1674 -0.0249 0.9856
vn 0.1169 0.0037 0.9931
vn 0.0886 0.0214 0.9958
vn 0.0510 0.0219 0.9985
vn 0.0484 0.0147 0.9987
vn 0.0592 0.0225 0.9980
vn 0.0812 0.0519 0.9953
vn 0.0955 0.0926 0.9911
vn 0.0577 0.1122 0.9920
vn 0.0106 0.1217 0.9925
vn 0.0100 0.1354 0.9907
vn 0.0480 0.1323 0.9900
vn 0.0279 0.1312 0.9910
vn 0.0346 0.1384 0.9898
vn 0.0716 0.1354 0.9882
vn 0.0339 0.1449 0.9889
vn -0.0029 0.1736 0.9848
vn -0.0484 0.1839 0.9818
vn -0.1133 0.1703 0.9789
vn -0.1644 0.1715 0.9714
vn -0.2224 0.1979 0.9547
vn -0.2551 0.2293 0.9393
vn -0.2301 0.2613 0.9374
vn -0.1802 0.2794 0.9431
vn -0.1480 0.2716 0.9510
vn -0.1011 0.2483 0.9634
vn -0.0856 0.2255 0.9705
vn -0.0862 0.2164 0.9725
vn -0.0667 0.2065 0.9762
vn -0.0147 0.1871 0.9822
vn 0.0274 0.1617 0.9865
vn 0.0189 0.1472 0.9889
vn -0.0467 0.1014 0.9938
vn -0.0781 0.1056 0.9913
vn -0.1419 0.1158 0.9831
vn -0.1800 0.1101 0.9775
vn -0.1541 0.0908 0.9839
vn -0.0931 0.0739 0.9929
vn -0.0366 0.0492 0.9981
vn 0.0425 0.0262 0.9988
vn 0.1398 0.0050 0.9902
vn 0.1769 -0.0236 0.9839
vn 0.1432 -0.0509 0.9884
vn 0.0745 -0.0609 0.9954
vn 0.0351 -0.0431 0.9985
vn 0.0646 -0.0256 0.9976
vn 0.1133 -0.0266 0.9932
vn 0.1549 -0.0368 0.9873
vn 0.1606 -0.0445 0.9860
vn 0.1848 -0.0463 0.9817
vn 0.1829 -0.0495 0.9819
vn 0.1348 -0.0443 0.9899
vn 0.1170 -0.0153 0.9930
vn 0.0623 0.0243 0.9978
vn 0.0472 0.0417 0.9980
vn 0.0752 0.0487 0.9960
vn 0.1243 0.0786 0.9891
vn 0.1318 0.1187 0.9841
vn 0.0674 0.1469 0.9868
vn 0.0354 0.1721 0.9844
vn 0.0182 0.1909 0.9814
vn 0.0288 0.1835 0.9826
vn 0.0223 0.1615 0.9866
vn 0.0266 0.1411 0.9896
vn 0.0544 0.1186 0.9915
vn 0.0402 0.0980 0.9944
vn 0.0173 0.0946 0.9954
vn -0.0402 0.1119 0.9929
vn -0.1073 0.1397 0.9844
vn -0.1460 0.1619 0.9760
vn -0.2061 0.1674 0.9641
vn -0.2336 0.1762 0.9562
vn -0.2065 0.1991 0.9580
vn -0.1777 0.2169 0.9599
vn -0.1524 0.2304 0.9611
vn -0.1228 0.2336 0.9645
vn -0.1045 0.2189 0.9701
vn -0.0964 0.2006 0.9749
vn -0.0829 0.1863 0.9790
vn -0.0320 0.1748 0.9841
vn -0.0073 0.1500 0.9887
vn -0.0268 0.1310 0.9910
vn -0.0548 0.1184 0.9915
vn -0.0668 0.1249 0.9899
vn -0.1205 0.1452 0.9820
vn -0.1884 0.1594 0.9691
vn -0.1675 0.1532 0.9739
vn -0.1241 0.1252 0.9843
vn -0.0852 0.0705 0.9939
vn 0.0159 0.0182 0.9997
vn 0.1159 -0.0118 0.9932
vn 0.1548 -0.0302 0.9875
vn 0.1348 -0.0347 0.9903
vn 0.0919 -0.0169 0.9956
vn 0.0622 0.0095 0.9980
vn 0.0612 0.0155 0.9980
vn 0.1000 -0.0004 0.9950
vn 0.1522 -0.0063 0.9883
vn 0.1679 0.0059 0.9858
vn 0.1758 0.0056 0.9844
vn 0.1719 -0.0131 0.9850
vn 0.1490 -0.0164 0.9887
vn 0.1513 0.0036 0.9885
vn 0.1044 0.0419 0.9937
vn 0.0562 0.0762 0.9955
vn 0.0825 0.0857 0.9929
vn 0.1500 0.0886 0.9847
vn 0.1571 0.1000 0.9825
vn 0.1076 0.1383 0.9845
vn 0.0753 0.1919 0.9785
vn 0.0148 0.2092 0.9778
vn -0.0114 0.1747 0.9846
vn -0.0098 0.1258 0.9920
vn 0.0112 0.0999 0.9949
vn 0.0361 0.0887 0.9954
vn 0.0258 0.0766 0.9967
vn 0.0254 0.0735 0.9970
vn -0.0143 0.0899 0.9958
vn -0.0721 0.1225 0.9899
vn -0.1277 0.1517 0.9801
vn -0.2111 0.1551 0.9651
vn -0.2176 0.1574 0.9633
vn -0.1888 0.1722 0.9668
vn -0.1726 0.1812 0.9682
vn -0.1355 0.1939 0.9716
vn -0.1281 0.2049 0.9704
vn -0.1260 0.1961 0.9724
vn -0.1161 0.1760 0.9775
vn -0.0909 0.1650 0.9821
vn -0.0445 0.1580 0.9864
vn -0.0404 0.1384 0.9896
vn -0.0552 0.1247 0.9907
vn -0.0597 0.1670 0.9841
vn -0.0524 0.1739 0.9834
vn -0.0896 0.1955 0.9766
vn -0.1749 0.2171 0.9604
vn -0.1868 0.2128 0.9591
vn -0.1745 0.1718 0.9696
vn -0.1503 0.1095 0.9826
vn -0.0392 0.0411 0.9984
vn 0.0851 -0.0148 0.9963
vn 0.1526 -0.0291 0.9879
vn 0.1535 -0.0079 0.9881
vn 0.1149 0.0164 0.9932
vn 0.0785 0.0297 0.9965
vn 0.0572 0.0361 0.9977
vn 0.0943 0.0421 0.9947
vn 0.1622 0.0528 0.9853
vn 0.1798 0.0637 0.9816
vn 0.1622 0.0631 0.9847
vn 0.1530 0.0492 0.9870
vn 0.1485 0.0328 0.9884
vn 0.1592 0.0206 0.9870
vn 0.1507 0.0379 0.9879
vn 0.0927 0.0872 0.9919
vn 0.0813 0.1128 0.9903
vn 0.1473 0.1050 0.9835
vn 0.1700 0.1035 0.9800
vn 0.1455 0.1168 0.9824
vn 0.1194 0.1440 0.9823
vn 0.0208 0.1762 0.9841
vn -0.0753 0.1548 0.9851
vn -0.0575 0.0931 0.9940
vn 0.0105 0.0710 0.9974
vn 0.0248 0.0702 0.9972
vn 0.0115 0.0568 0.9983
vn 0.0247 0.0449 0.9987
vn 0.0013 0.0430 0.9991
vn -0.0395 0.0583 0.9975
vn -0.1039 0.0843 0.9910
vn -0.1944 0.1203 0.9735
vn -0.1886 0.1661 0.9679
vn -0.1759 0.1937 0.9652
vn -0.1795 0.1898 0.9653
vn -0.1380 0.1699 0.9757
vn -0.1309 0.1553 0.9792
vn -0.1432 0.1468 0.9787
vn -0.1288 0.1399 0.9818
vn -0.0792 0.1522 0.9852
vn -0.0408 0.1752 0.9837
vn -0.0558 0.1825 0.9816
vn -0.0698 0.1799 0.9812
vn -0.0618 0.2001 0.9778
vn -0.0456 0.1994 0.9788
vn -0.0729 0.1994 0.9772
vn -0.1575 0.2067 0.9657
vn -0.2075 0.2062 0.9563
vn -0.2132 0.1880 0.9588
vn -0.1875 0.1720 0.9671
vn -0.1045 0.1381 0.9849
vn 0.0297 0.0736 0.9968
vn 0.1379 0.0175 0.9903
vn 0.1667 -0.0052 0.9860
vn 0.1461 0.0159 0.9891
vn 0.1071 0.0633 0.9922
vn 0.0743 0.1034 0.9919
vn 0.1046 0.1247 0.9867
vn 0.1564 0.1187 0.9805
vn 0.1714 0.0944 0.9807
vn 0.1497 0.0749 0.9859
vn 0.1254 0.0486 0.9909
vn 0.1295 0.0175 0.9914
vn 0.1554 0.0063 0.9878
vn 0.1901 0.0255 0.9814
vn 0.1476 0.0733 0.9863
vn 0.0874 0.1096 0.9901
vn 0.1358 0.1106 0.9845
vn 0.1707 0.1003 0.9802
vn 0.1479 0.0904 0.9849
vn 0.1422 0.0874 0.9860
vn 0.0407 0.0977 0.9944
vn -0.1065 0.1078 0.9885
vn -0.0900 0.1066 0.9902
vn -0.0021 0.0845 0.9964
vn -0.0009 0.0470 0.9989
vn -0.0104 0.0128 0.9999
vn 0.0117 -0.0101 0.9999
vn -0.0055 -0.0283 0.9996
vn -0.0195 -0.0305 0.9993
vn -0.0535 0.0140 0.9985
vn -0.1260 0.0987 0.9871
vn -0.1391 0.1725 0.9751
vn -0.1661 0.2026 0.9651
vn -0.1954 0.1982 0.9605
vn -0.1574 0.1849 0.9701
vn -0.1358 0.1753 0.9751
vn -0.1481 0.1724 0.9738
vn -0.1263 0.1759 0.9763
vn -0.0621 0.1835 0.9811
vn -0.0218 0.1960 0.9804
vn -0.0544 0.2070 0.9768
vn -0.0912 0.2096 0.9735
vn -0.0477 0.2157 0.9753
vn -0.0451 0.2168 0.9752
vn -0.0875 0.2023 0.9754
vn -0.1607 0.1751 0.9714
vn -0.2167 0.1622 0.9627
vn -0.2189 0.1677 0.9612
vn -0.1835 0.1847 0.9655
vn -0.1332 0.1964 0.9714
vn -0.0269 0.1772 0.9838
vn 0.0759 0.1156 0.9904
vn 0.1380 0.0469 0.9893
vn 0.1764 0.0274 0.9839
vn 0.1539 0.0591 0.9863
vn 0.1147 0.1071 0.9876
vn 0.1147 0.1352 0.9841
vn 0.1189 0.1127 0.9865
vn 0.1374 0.0639 0.9884
vn 0.1294 0.0278 0.9912
vn 0.0983 0.0061 0.9951
vn 0.1244 0.0048 0.9922
vn 0.1707 0.0265 0.9850
vn 0.2128 0.0467 0.9760
vn 0.1860 0.0639 0.9805
vn 0.1125 0.0931 0.9893
vn 0.1309 0.1110 0.9852
vn 0.1522 0.0961 0.9837
vn 0.1402 0.0794 0.9869
vn 0.1415 0.0737 0.9872
vn 0.0404 0.0628 0.9972
vn -0.0859 0.0731 0.9936
vn -0.0942 0.0928 0.9912
vn -0.0445 0.0701 0.9965
vn -0.0360 0.0302 0.9989
vn -0.0337 0.0058 0.9994
vn -0.0050 -0.0113 0.9999
vn -0.0288 -0.0332 0.9990
vn -0.0108 -0.0456 0.9989
vn 0.0223 -0.0055 0.9997
vn -0.0333 0.0784 0.9964
vn -0.0890 0.1464 0.9852
vn -0.1513 0.1788 0.9722
vn -0.1939 0.1976 0.9609
vn -0.1583 0.2130 0.9641
vn -0.1391 0.2178 0.9660
vn -0.1492 0.2134 0.9655
vn -0.1283 0.2059 0.9701
vn -0.0759 0.1850 0.9798
vn -0.0171 0.1647 0.9862
vn -0.0377 0.1739 0.9840
vn -0.0867 0.1869 0.9785
vn -0.0302 0.2106 0.9771
vn -0.0403 0.2139 0.9760
vn -0.1060 0.2132 0.9712
vn -0.1832 0.1947 0.9636
vn -0.2178 0.1796 0.9593
vn -0.2064 0.1851 0.9608
vn -0.1697 0.1962 0.9658
vn -0.1205 0.2131 0.9696
vn -0.0483 0.2259 0.9729
vn 0.0176 0.2105 0.9774
vn 0.0914 0.1755 0.9802
vn 0.1583 0.1318 0.9786
vn 0.1631 0.0937 0.9821
vn 0.1450 0.0861 0.9857
vn 0.1236 0.0969 0.9876
vn 0.0902 0.0995 0.9909
vn 0.0918 0.0734 0.9931
vn 0.0976 0.0311 0.9947
vn 0.1055 0.0279 0.9940
vn 0.1500 0.0626 0.9867
vn 0.1822 0.0794 0.9801
vn 0.2031 0.0604 0.9773
vn 0.1893 0.0364 0.9812
vn 0.1435 0.0419 0.9888
vn 0.1372 0.0600 0.9887
vn 0.1306 0.0580 0.9897
vn 0.1325 0.0447 0.9902
vn 0.1300 0.0303 0.9910
vn 0.0379 0.0274 0.9989
vn -0.0504 0.0497 0.9975
vn -0.0881 0.0716 0.9935
vn -0.0747 0.0705 0.9947
vn -0.0528 0.0633 0.9966
vn -0.0560 0.0484 0.9973
vn -0.0247 0.0235 0.9994
vn -0.0388 0.0156 0.9991
vn -0.0080 0.0209 0.9998
vn 0.0655 0.0269 0.9975
vn 0.0301 0.0499 0.9983
vn -0.0461 0.0869 0.9951
vn -0.1218 0.1255 0.9846
vn -0.1660 0.1645 0.9723
vn -0.1492 0.1895 0.9705
vn -0.1424 0.1929 0.9708
vn -0.1479 0.1963 0.9693
vn -0.1386 0.1968 0.9706
vn -0.1052 0.1810 0.9778
vn -0.0263 0.1645 0.9860
vn -0.0116 0.1721 0.9850
vn -0.0472 0.1840 0.9818
vn -0.0185 0.1732 0.9847
vn -0.0318 0.1782 0.9835
vn -0.1055 0.1862 0.9768
vn -0.1897 0.1937 0.9625
vn -0.2025 0.2140 0.9556
vn -0.1932 0.2341 0.9528
vn -0.1712 0.2338 0.9571
vn -0.0992 0.2377 0.9663
vn -0.0383 0.2560 0.9659
vn 0.0034 0.2670 0.9637
vn 0.0690 0.2662 0.9614
vn 0.1077 0.2411 0.9645
vn 0.1157 0.1870 0.9755
vn 0.1266 0.1317 0.9832
vn 0.1190 0.0987 0.9880
vn 0.0891 0.0909 0.9919
vn 0.0688 0.0932 0.9933
vn 0.0789 0.0940 0.9924
vn 0.1306 0.1041 0.9860
vn 0.1651 0.1105 0.9801
vn 0.1540 0.0807 0.9848
vn 0.1628 0.0291 0.9862
vn 0.1762 -0.0028 0.9844
vn 0.1567 -0.0086 0.9876
vn 0.1278 -0.0231 0.9915
vn 0.1225 -0.0395 0.9917
vn 0.1264 -0.0405 0.9911
vn 0.1045 -0.0583 0.9928
vn 0.0515 -0.0675 0.9964
vn -0.0015 -0.0276 0.9996
vn -0.0648 0.0227 0.9976
vn -0.0749 0.0474 0.9961
vn -0.0508 0.0570 0.9971
vn -0.0663 0.0635 0.9958
vn -0.0323 0.0704 0.9970
vn -0.0261 0.0833 0.9962
vn -0.0126 0.0860 0.9962
vn 0.0595 0.0696 0.9958
vn 0.0496 0.0607 0.9969
vn -0.0227 0.0664 0.9975
vn -0.0909 0.0822 0.9925
vn -0.1323 0.1083 0.9853
vn -0.1413 0.1278 0.9817
vn -0.1423 0.1352 0.9805
vn -0.1376 0.1449 0.9798
vn -0.1325 0.1630 0.9777
vn -0.1071 0.1853 0.9768
vn -0.0406 0.1877 0.9814
vn -0.0091 0.1694 0.9855
vn -0.0176 0.1597 0.9870
vn 0.0017 0.2014 0.9795
vn -0.0363 0.1925 0.9806
vn -0.1106 0.1738 0.9785
vn -0.1731 0.1753 0.9692
vn -0.1830 0.1925 0.9641
vn -0.1732 0.2134 0.9615
vn -0.1627 0.2437 0.9561
vn -0.0843 0.2656 0.9604
vn -0.0265 0.2734 0.9615
vn 0.0021 0.2721 0.9623
vn 0.0577 0.2600 0.9639
vn 0.0633 0.2314 0.9708
vn 0.0591 0.1894 0.9801
vn 0.0842 0.1479 0.9854
vn 0.0912 0.1115 0.9896
vn 0.0840 0.0868 0.9927
vn 0.0872 0.0978 0.9914
vn 0.0974 0.1339 0.9862
vn 0.1321 0.1430 0.9809
vn 0.1376 0.1104 0.9843
vn 0.1059 0.0640 0.9923
vn 0.1163 0.0196 0.9930
vn 0.1530 -0.0195 0.9880
vn 0.1514 -0.0429 0.9875
vn 0.1048 -0.0571 0.9929
vn 0.1186 -0.0670 0.9907
vn 0.1168 -0.0788 0.9900
vn 0.0648 -0.1103 0.9918
vn 0.0587 -0.1331 0.9894
vn 0.0500 -0.1141 0.9922
vn -0.0301 -0.0783 0.9965
vn -0.0610 -0.0547 0.9966
vn -0.0311 -0.0307 0.9990
vn -0.0335 0.0153 0.9993
vn 0.0008 0.0744 0.9972
vn -0.0043 0.1162 0.9932
vn -0.0262 0.1215 0.9922
vn 0.0355 0.1006 0.9943
vn 0.0563 0.0926 0.9941
vn -0.0165 0.1002 0.9948
vn -0.0749 0.1060 0.9915
vn -0.1059 0.1215 0.9869
vn -0.1274 0.1417 0.9817
vn -0.1334 0.1563 0.9787
vn -0.1283 0.1639 0.9781
vn -0.1048 0.1821 0.9777
vn -0.0799 0.2142 0.9735
vn -0.0604 0.2200 0.9736
vn -0.0300 0.1987 0.9796
vn -0.0098 0.1878 0.9822
vn -0.0055 0.2405 0.9706
vn -0.0664 0.2204 0.9732
vn -0.1302 0.1887 0.9734
vn -0.1645 0.1737 0.9710
vn -0.1771 0.1709 0.9692
vn -0.1357 0.1957 0.9712
vn -0.1169 0.2482 0.9616
vn -0.0773 0.2792 0.9571
vn -0.0396 0.2672 0.9628
vn -0.0230 0.2330 0.9722
vn 0.0224 0.1865 0.9822
vn 0.0305 0.1477 0.9886
vn 0.0388 0.1385 0.9896
vn 0.0614 0.1376 0.9886
vn 0.0629 0.1234 0.9904
vn 0.0775 0.1137 0.9905
vn 0.1095 0.1185 0.9869
vn 0.1203 0.1272 0.9846
vn 0.1218 0.1296 0.9841
vn 0.1019 0.1162 0.9880
vn 0.0688 0.0906 0.9935
vn 0.0613 0.0427 0.9972
vn 0.0982 -0.0291 0.9947
vn 0.1357 -0.0767 0.9878
vn 0.1118 -0.0714 0.9912
vn 0.1159 -0.0572 0.9916
vn 0.0804 -0.0855 0.9931
vn 0.0266 -0.1287 0.9913
vn 0.0529 -0.1489 0.9874
vn 0.0714 -0.1518 0.9858
vn 0.0051 -0.1316 0.9913
vn -0.0299 -0.0896 0.9955
vn 0.0042 -0.0480 0.9988
vn 0.0240 -0.0013 0.9997
vn 0.0511 0.0474 0.9976
vn 0.0272 0.0867 0.9959
vn -0.0229 0.1156 0.9930
vn 0.0168 0.1214 0.9925
vn 0.0533 0.1078 0.9927
vn -0.0168 0.0973 0.9951
vn -0.0546 0.1109 0.9923
vn -0.0633 0.1566 0.9856
vn -0.0956 0.2068 0.9737
vn -0.1119 0.2400 0.9643
vn -0.1101 0.2656 0.9578
vn -0.0742 0.2901 0.9541
vn -0.0678 0.2969 0.9525
vn -0.0896 0.2732 0.9578
vn -0.0442 0.2527 0.9665
vn 0.0018 0.2497 0.9683
vn -0.0540 0.1816 0.9819
vn -0.0811 0.1876 0.9789
vn -0.1379 0.1956 0.9709
vn -0.1835 0.1812 0.9662
vn -0.1607 0.1810 0.9703
vn -0.0934 0.2157 0.9720
vn -0.0762 0.2432 0.9670
vn -0.0772 0.2525 0.9645
vn -0.0684 0.2398 0.9684
vn -0.0690 0.2044 0.9764
vn -0.0408 0.1454 0.9885
vn 0.0100 0.1015 0.9948
vn 0.0652 0.1165 0.9910
vn 0.0706 0.1525 0.9858
vn 0.0465 0.1601 0.9860
vn 0.0684 0.1449 0.9871
vn 0.1000 0.1213 0.9876
vn 0.1236 0.1055 0.9867
vn 0.1338 0.1177 0.9840
vn 0.0935 0.1358 0.9863
vn 0.0334 0.1192 0.9923
vn -0.0049 0.0665 0.9978
vn 0.0218 -0.0044 0.9998
vn 0.0972 -0.0715 0.9927
vn 0.1213 -0.1056 0.9870
vn 0.1075 -0.1177 0.9872
vn 0.0410 -0.1372 0.9897
vn 0.0100 -0.1500 0.9886
vn 0.0600 -0.1387 0.9885
vn 0.0783 -0.1220 0.9894
vn 0.0443 -0.0981 0.9942
vn 0.0261 -0.0455 0.9986
vn 0.0404 0.0051 0.9992
vn 0.0571 0.0279 0.9980
vn 0.0690 0.0303 0.9972
vn 0.0534 0.0348 0.9980
vn 0.0117 0.0664 0.9977
vn 0.0287 0.1071 0.9938
vn 0.0484 0.1275 0.9907
vn -0.0126 0.1374 0.9904
vn -0.0224 0.1587 0.9871
vn -0.0130 0.1948 0.9808
vn -0.0573 0.2287 0.9718
vn -0.0855 0.2548 0.9632
vn -0.0802 0.2805 0.9565
vn -0.0620 0.2948 0.9535
vn -0.0949 0.2745 0.9569
vn -0.1293 0.2370 0.9629
vn -0.0534 0.2156 0.9750
vn 0.0105 0.2103 0.9776
vn -0.0780 0.1470 0.9860
vn -0.0600 0.1630 0.9848
vn -0.1223 0.1880 0.9745
vn -0.1958 0.2003 0.9600
vn -0.1298 0.2193 0.9670
vn -0.0735 0.2355 0.9691
vn -0.0805 0.2229 0.9715
vn -0.0870 0.2009 0.9757
vn -0.0854 0.1900 0.9781
vn -0.0997 0.1806 0.9785
vn -0.0933 0.1592 0.9828
vn 0.0006 0.1424 0.9898
vn 0.0955 0.1478 0.9844
vn 0.0862 0.1583 0.9836
vn 0.0434 0.1638 0.9855
vn 0.0508 0.1587 0.9860
vn 0.0749 0.1398 0.9873
vn 0.1094 0.1161 0.9872
vn 0.1454 0.1005 0.9843
vn 0.0980 0.0992 0.9902
vn -0.0057 0.0831 0.9965
vn -0.0497 0.0528 0.9974
vn -0.0349 0.0222 0.9991
vn 0.0317 -0.0329 0.9990
vn 0.0872 -0.0982 0.9913
vn 0.0804 -0.1464 0.9859
vn 0.0332 -0.1620 0.9862
vn 0.0316 -0.1362 0.9902
vn 0.0831 -0.1033 0.9912
vn 0.0898 -0.0859 0.9922
vn 0.0812 -0.0624 0.9947
vn 0.0824 -0.0221 0.9964
vn 0.0586 0.0022 0.9983
vn 0.0495 -0.0101 0.9987
vn 0.0656 -0.0236 0.9976
vn 0.0770 -0.0079 0.9970
vn 0.0638 0.0362 0.9973
vn 0.0725 0.0912 0.9932
vn 0.0677 0.1335 0.9887
vn 0.0129 0.1676 0.9858
vn 0.0096 0.2010 0.9795
vn 0.0104 0.2189 0.9757
vn -0.0395 0.2241 0.9738
vn -0.0653 0.2338 0.9701
vn -0.0639 0.2434 0.9678
vn -0.0725 0.2360 0.9690
vn -0.1283 0.2144 0.9683
vn -0.1579 0.1934 0.9683
vn -0.0715 0.1745 0.9821
vn -0.0104 0.1628 0.9866
vn -0.0646 0.1789 0.9818
vn -0.0393 0.1831 0.9823
vn -0.0941 0.2034 0.9746
vn -0.1734 0.2350 0.9564
vn -0.1167 0.2523 0.9606
vn -0.0775 0.2465 0.9660
vn -0.1045 0.2313 0.9673
vn -0.1070 0.2097 0.9719
vn -0.1074 0.1800 0.9778
vn -0.1243 0.1441 0.9817
vn -0.1024 0.1339 0.9857
vn 0.0180 0.1607 0.9868
vn 0.1012 0.1770 0.9790
vn 0.0722 0.1596 0.9845
vn 0.0362 0.1335 0.9904
vn 0.0399 0.1205 0.9919
vn 0.0679 0.1213 0.9903
vn 0.0856 0.1139 0.9898
vn 0.1178 0.0770 0.9900
vn 0.0874 0.0387 0.9954
vn -0.0189 0.0314 0.9993
vn -0.0698 0.0287 0.9972
vn -0.0751 -0.0010 0.9972
vn -0.0242 -0.0423 0.9988
vn 0.0465 -0.0734 0.9962
vn 0.0469 -0.0995 0.9939
vn 0.0416 -0.1101 0.9931
vn 0.0756 -0.0844 0.9936
vn 0.0997 -0.0574 0.9934
vn 0.0983 -0.0503 0.9939
vn 0.1149 -0.0317 0.9929
vn 0.1179 -0.0022 0.9930
vn 0.0478 -0.0013 0.9989
vn 0.0197 -0.0296 0.9994
vn 0.0627 -0.0486 0.9968
vn 0.1006 -0.0432 0.9940
vn 0.1275 0.0013 0.9918
vn 0.1333 0.0711 0.9885
vn 0.0902 0.1122 0.9896
vn 0.0418 0.1290 0.9908
vn 0.0427 0.1556 0.9869
vn 0.0327 0.1909 0.9811
vn -0.0210 0.2246 0.9742
vn -0.0566 0.2399 0.9691
vn -0.0661 0.2363 0.9694
vn -0.0856 0.2289 0.9697
vn -0.1411 0.2228 0.9646
vn -0.1620 0.2240 0.9610
vn -0.0981 0.2147 0.9717
vn -0.0622 0.2011 0.9776
vn -0.0469 0.2097 0.9766
vn -0.0345 0.2100 0.9771
vn -0.0623 0.2242 0.9725
vn -0.1334 0.2559 0.9574
vn -0.1269 0.2680 0.9550
vn -0.0867 0.2575 0.9624
vn -0.1023 0.2636 0.9592
vn -0.1286 0.2628 0.9563
vn -0.1554 0.2222 0.9625
vn -0.1591 0.1732 0.9719
vn -0.0957 0.1548 0.9833
vn 0.0349 0.1523 0.9877
vn 0.0944 0.1436 0.9851
vn 0.0540 0.1371 0.9891
vn 0.0215 0.1312 0.9911
vn 0.0283 0.1178 0.9926
vn 0.0639 0.1013 0.9928
vn 0.0608 0.0794 0.9950
vn 0.0669 0.0400 0.9970
vn 0.0688 0.0079 0.9976
vn -0.0004 0.0149 0.9999
vn -0.0913 0.0141 0.9957
vn -0.1186 -0.0221 0.9927
vn -0.0478 -0.0487 0.9977
vn 0.0312 -0.0565 0.9979
vn 0.0294 -0.0630 0.9976
vn 0.0509 -0.0606 0.9969
vn 0.1211 -0.0313 0.9921
vn 0.1226 0.0104 0.9924
vn 0.0962 0.0243 0.9951
vn 0.1182 0.0068 0.9930
vn 0.1240 -0.0131 0.9922
vn 0.0397 -0.0156 0.9991
vn 0.0061 -0.0088 0.9999
vn 0.0521 -0.0139 0.9985
vn 0.1075 -0.0226 0.9940
vn 0.1781 -0.0075 0.9840
vn 0.1837 0.0266 0.9826
vn 0.1045 0.0517 0.9932
vn 0.0651 0.0724 0.9953
vn 0.0803 0.1052 0.9912
vn 0.0745 0.1472 0.9863
vn 0.0200 0.1934 0.9809
vn -0.0435 0.2292 0.9724
vn -0.0568 0.2534 0.9657
vn -0.0804 0.2725 0.9588
vn -0.1425 0.2762 0.9505
vn -0.1580 0.2721 0.9492
vn -0.1329 0.2527 0.9584
vn -0.1281 0.2336 0.9639
vn -0.0450 0.2339 0.9712
vn -0.0462 0.2225 0.9738
vn -0.0520 0.2070 0.9770
vn -0.1019 0.2136 0.9716
vn -0.1257 0.2357 0.9637
vn -0.0851 0.2527 0.9638
vn -0.0869 0.2621 0.9611
vn -0.1385 0.2649 0.9543
vn -0.1872 0.2604 0.9472
vn -0.1776 0.2540 0.9508
vn -0.1085 0.2406 0.9645
vn 0.0004 0.1985 0.9801
vn 0.0688 0.1469 0.9868
vn 0.0544 0.1287 0.9902
vn 0.0240 0.1379 0.9902
vn 0.0146 0.1400 0.9900
vn 0.0333 0.1130 0.9930
vn 0.0228 0.0666 0.9975
vn 0.0175 0.0187 0.9997
vn 0.0493 -0.0181 0.9986
vn 0.0153 -0.0289 0.9995
vn -0.1009 -0.0222 0.9946
vn -0.1313 -0.0091 0.9913
vn -0.0521 -0.0001 0.9986
vn 0.0098 -0.0181 0.9998
vn 0.0245 -0.0379 0.9990
vn 0.0781 -0.0178 0.9968
vn 0.1627 0.0228 0.9864
vn 0.1397 0.0419 0.9893
vn 0.0807 0.0308 0.9963
vn 0.0912 0.0057 0.9958
vn 0.0945 -0.0318 0.9950
vn 0.0426 -0.0567 0.9975
vn 0.0231 -0.0438 0.9988
vn 0.0540 -0.0198 0.9983
vn 0.1080 -0.0087 0.9941
vn 0.1814 -0.0199 0.9832
vn 0.1894 -0.0443 0.9809
vn 0.1202 -0.0475 0.9916
vn 0.0999 -0.0178 0.9948
vn 0.1207 0.0241 0.9924
vn 0.1192 0.0657 0.9907
vn 0.0779 0.1199 0.9897
vn 0.0118 0.1940 0.9809
vn -0.0182 0.2585 0.9658
vn -0.0696 0.2828 0.9567
vn -0.1442 0.2825 0.9484
vn -0.1656 0.2760 0.9468
vn -0.1654 0.2585 0.9518
vn -0.1708 0.2448 0.9544
vn -0.0805 0.2077 0.9749
vn -0.0780 0.1896 0.9788
vn -0.0644 0.1633 0.9845
vn -0.0764 0.1695 0.9826
vn -0.0993 0.1996 0.9748
vn -0.0810 0.2150 0.9733
vn -0.0934 0.2043 0.9744
vn -0.1419 0.1925 0.9710
vn -0.1772 0.2045 0.9627
vn -0.1802 0.2227 0.9581
vn -0.1480 0.2030 0.9679
vn -0.0609 0.1540 0.9862
vn 0.0389 0.1171 0.9924
vn 0.0522 0.1038 0.9932
vn 0.0258 0.0944 0.9952
vn 0.0114 0.0909 0.9958
vn -0.0033 0.0789 0.9969
vn -0.0207 0.0458 0.9987
vn -0.0155 0.0174 0.9997
vn 0.0167 -0.0113 0.9998
vn 0.0032 -0.0452 0.9990
vn -0.0716 -0.0339 0.9969
vn -0.0921 0.0231 0.9955
vn -0.0611 0.0448 0.9971
vn -0.0401 0.0039 0.9992
vn 0.0227 -0.0280 0.9994
vn 0.1197 -0.0080 0.9928
vn 0.1754 0.0058 0.9845
vn 0.1259 -0.0141 0.9919
vn 0.0657 -0.0319 0.9973
vn 0.0774 -0.0356 0.9964
vn 0.0648 -0.0418 0.9970
vn 0.0360 -0.0537 0.9979
vn 0.0382 -0.0582 0.9976
vn 0.0622 -0.0587 0.9963
vn 0.1101 -0.0590 0.9922
vn 0.1622 -0.0646 0.9846
vn 0.1720 -0.0777 0.9820
vn 0.1406 -0.0726 0.9874
vn 0.1361 -0.0456 0.9897
vn 0.1529 -0.0177 0.9881
vn 0.1589 0.0137 0.9872
vn 0.1370 0.0592 0.9888
vn 0.0840 0.1148 0.9898
vn 0.0165 0.1518 0.9883
vn -0.0609 0.1679 0.9839
vn -0.1362 0.1866 0.9729
vn -0.1768 0.1950 0.9647
vn -0.1709 0.2025 0.9643
vn -0.1613 0.2134 0.9636
vn -0.1124 0.0894 0.9896
vn -0.0978 0.0914 0.9910
vn -0.0725 0.0928 0.9930
vn -0.0556 0.1003 0.9934
vn -0.0769 0.1128 0.9906
vn -0.0804 0.1225 0.9892
vn -0.0980 0.1311 0.9865
vn -0.1550 0.1262 0.9798
vn -0.1656 0.1150 0.9795
vn -0.1841 0.1104 0.9767
vn -0.1969 0.0842 0.9768
vn -0.1098 0.0416 0.9931
vn 0.0198 0.0119 0.9997
vn 0.0486 0.0024 0.9988
vn 0.0220 0.0044 0.9997
vn 0.0135 0.0061 0.9999
vn -0.0190 0.0047 0.9998
vn -0.0369 0.0061 0.9993
vn -0.0198 0.0142 0.9997
vn -0.0071 0.0148 0.9999
vn -0.0235 -0.0019 0.9997
vn -0.0295 0.0026 0.9996
vn -0.0318 0.0485 0.9983
vn -0.0686 0.0794 0.9945
vn -0.0758 0.0763 0.9942
vn 0.0185 0.0674 0.9976
vn 0.1216 0.0459 0.9915
vn 0.1429 0.0006 0.9897
vn 0.1068 -0.0332 0.9937
vn 0.0716 -0.0294 0.9970
vn 0.0759 -0.0211 0.9969
vn 0.0580 -0.0233 0.9980
vn 0.0358 -0.0186 0.9992
vn 0.0298 -0.0228 0.9993
vn 0.0468 -0.0460 0.9978
vn 0.1107 -0.0595 0.9921
vn 0.1564 -0.0584 0.9860
vn 0.1675 -0.0561 0.9843
vn 0.1702 -0.0364 0.9847
vn 0.1604 -0.0088 0.9870
vn 0.1654 0.0011 0.9862
vn 0.1801 0.0044 0.9836
vn 0.1666 0.0110 0.9860
vn 0.1193 0.0205 0.9927
vn 0.0384 0.0390 0.9985
vn -0.0409 0.0648 0.9971
vn -0.1259 0.0769 0.9891
vn -0.1872 0.0707 0.9798
vn -0.1590 0.0711 0.9847
vn -0.1280 0.0776 0.9887
vn -0.1085 -0.0480 0.9929
vn -0.0870 -0.0381 0.9955
vn -0.0604 -0.0157 0.9980
vn -0.0448 0.0001 0.9990
vn -0.0563 0.0190 0.9982
vn -0.0599 0.0522 0.9968
vn -0.0804 0.0821 0.9934
vn -0.1521 0.1067 0.9826
vn -0.1756 0.1097 0.9783
vn -0.2014 0.0859 0.9757
vn -0.2255 0.0646 0.9721
vn -0.1399 0.0479 0.9890
vn -0.0065 0.0210 0.9998
vn 0.0322 -0.0125 0.9994
vn 0.0162 -0.0369 0.9992
vn 0.0140 -0.0438 0.9989
vn -0.0068 0.0140 0.9999
vn -0.0069 0.0488 0.9988
vn -0.0169 0.0513 0.9985
vn -0.0215 0.0600 0.9980
vn 0.0025 0.0890 0.9960
vn 0.0065 0.1134 0.9935
vn -0.0493 0.1390 0.9891
vn -0.0652 0.1696 0.9834
vn 0.0018 0.1714 0.9852
vn 0.0686 0.1244 0.9899
vn 0.0836 0.0574 0.9948
vn 0.0786 0.0023 0.9969
vn 0.0860 -0.0157 0.9962
vn 0.0839 -0.0014 0.9965
vn 0.0496 0.0003 0.9988
vn 0.0350 -0.0137 0.9993
vn 0.0226 -0.0176 0.9996
vn 0.0198 -0.0287 0.9994
vn 0.0889 -0.0638 0.9940
vn 0.1495 -0.0925 0.9844
vn 0.1725 -0.0954 0.9804
vn 0.1953 -0.0827 0.9772
vn 0.1810 -0.0619 0.9815
vn 0.1678 -0.0477 0.9847
vn 0.1780 -0.0504 0.9827
vn 0.1665 -0.0590 0.9843
vn 0.1307 -0.0569 0.9898
vn 0.0709 -0.0313 0.9970
vn -0.0270 -0.0110 0.9996
vn -0.1384 -0.0225 0.9901
vn -0.1923 -0.0341 0.9808
vn -0.1580 -0.0384 0.9867
vn -0.1246 -0.0435 0.9912
vn -0.1029 -0.1057 0.9891
vn -0.0664 -0.0962 0.9931
vn -0.0225 -0.0609 0.9979
vn -0.0205 -0.0146 0.9997
vn -0.0263 0.0210 0.9994
vn -0.0419 0.0361 0.9985
vn -0.0686 0.0362 0.9970
vn -0.1180 0.0576 0.9913
vn -0.1860 0.0778 0.9795
vn -0.2156 0.0764 0.9735
vn -0.2184 0.0896 0.9717
vn -0.1623 0.0922 0.9824
vn -0.0467 0.0578 0.9972
vn -0.0114 0.0074 0.9999
vn -0.0011 -0.0292 0.9996
vn 0.0241 -0.0295 0.9993
vn 0.0304 0.0010 0.9995
vn 0.0492 0.0507 0.9975
vn 0.0074 0.0862 0.9963
vn -0.0278 0.0869 0.9958
vn 0.0110 0.0997 0.9950
vn 0.0274 0.1270 0.9915
vn 0.0082 0.1289 0.9916
vn -0.0238 0.1297 0.9913
vn -0.0413 0.1472 0.9882
vn -0.0162 0.1524 0.9882
vn 0.0134 0.1275 0.9917
vn 0.0199 0.0766 0.9969
vn 0.0356 0.0252 0.9990
vn 0.0832 -0.0027 0.9965
vn 0.0889 -0.0148 0.9959
vn 0.0362 -0.0249 0.9990
vn 0.0212 -0.0380 0.9991
vn 0.0131 -0.0572 0.9983
vn -0.0155 -0.0906 0.9958
vn 0.0388 -0.1401 0.9894
vn 0.1402 -0.1662 0.9761
vn 0.1971 -0.1431 0.9699
vn 0.2076 -0.1153 0.9714
vn 0.1927 -0.1105 0.9750
vn 0.1713 -0.1087 0.9792
vn 0.1640 -0.1152 0.9797
vn 0.1498 -0.1361 0.9793
vn 0.1293 -0.1545 0.9795
vn 0.0943 -0.1556 0.9833
vn -0.0182 -0.1439 0.9894
vn -0.1369 -0.1230 0.9829
vn -0.1791 -0.0975 0.9790
vn -0.1648 -0.0885 0.9823
vn -0.1474 -0.0915 0.9848
vn -0.0945 -0.0526 0.9941
vn -0.0445 -0.0402 0.9982
vn 0.0170 -0.0144 0.9998
vn 0.0137 0.0132 0.9998
vn -0.0095 0.0287 0.9995
vn -0.0441 0.0280 0.9986
vn -0.0693 0.0249 0.9973
vn -0.0976 0.0233 0.9950
vn -0.1734 0.0365 0.9842
vn -0.1994 0.0682 0.9775
vn -0.1892 0.1018 0.9766
vn -0.1802 0.1122 0.9772
vn -0.1128 0.0638 0.9916
vn -0.0650 -0.0057 0.9979
vn -0.0067 -0.0285 0.9996
vn 0.0511 -0.0068 0.9987
vn 0.0744 0.0338 0.9967
vn 0.0961 0.0751 0.9925
vn 0.0130 0.0927 0.9956
vn -0.0385 0.0868 0.9955
vn 0.0248 0.0769 0.9967
vn 0.0288 0.0640 0.9975
vn -0.0027 0.0527 0.9986
vn -0.0066 0.0582 0.9983
vn -0.0113 0.0879 0.9961
vn -0.0187 0.1108 0.9937
vn -0.0248 0.0959 0.9951
vn -0.0220 0.0677 0.9975
vn 0.0129 0.0546 0.9984
vn 0.0652 0.0415 0.9970
vn 0.0599 0.0062 0.9982
vn 0.0135 -0.0357 0.9993
vn -0.0021 -0.0686 0.9976
vn -0.0210 -0.1064 0.9941
vn -0.0504 -0.1412 0.9887
vn 0.0075 -0.1572 0.9875
vn 0.1509 -0.1473 0.9775
vn 0.2414 -0.1107 0.9641
vn 0.2176 -0.0834 0.9725
vn 0.1858 -0.0866 0.9788
vn 0.1639 -0.1043 0.9809
vn 0.1335 -0.1363 0.9816
vn 0.1253 -0.1698 0.9775
vn 0.1159 -0.1877 0.9754
vn 0.0826 -0.2101 0.9742
vn -0.0096 -0.2255 0.9742
vn -0.0987 -0.2009 0.9746
vn -0.1364 -0.1469 0.9797
vn -0.1473 -0.0959 0.9844
vn -0.1468 -0.0751 0.9863
vn -0.0603 0.0154 0.9981
vn -0.0185 0.0294 0.9994
vn 0.0269 0.0397 0.9988
vn 0.0270 0.0355 0.9990
vn -0.0048 0.0381 0.9993
vn -0.0393 0.0483 0.9981
vn -0.0665 0.0589 0.9960
vn -0.0999 0.0605 0.9932
vn -0.1403 0.0782 0.9870
vn -0.1680 0.1117 0.9794
vn -0.1695 0.1293 0.9770
vn -0.1956 0.1221 0.9731
vn -0.1907 0.0764 0.9787
vn -0.1118 0.0198 0.9935
vn 0.0024 0.0043 1.0000
vn 0.0802 0.0210 0.9966
vn 0.1028 0.0381 0.9940
vn 0.1095 0.0384 0.9932
vn 0.0199 0.0416 0.9989
vn -0.0420 0.0513 0.9978
vn 0.0035 0.0368 0.9993
vn 0.0123 0.0116 0.9999
vn -0.0023 0.0068 1.0000
vn 0.0170 0.0254 0.9995
vn 0.0234 0.0539 0.9983
vn -0.0233 0.0608 0.9979
vn -0.0483 0.0479 0.9977
vn -0.0236 0.0515 0.9984
vn 0.0099 0.0599 0.9982
vn 0.0431 0.0479 0.9979
vn 0.0297 0.0308 0.9991
vn -0.0231 0.0059 0.9997
vn -0.0419 -0.0372 0.9984
vn -0.0594 -0.0766 0.9953
vn -0.0719 -0.1004 0.9924
vn 0.0016 -0.1114 0.9938
vn 0.1609 -0.1142 0.9803
vn 0.2623 -0.1142 0.9582
vn 0.2215 -0.1149 0.9684
vn 0.1736 -0.1201 0.9775
vn 0.1480 -0.1307 0.9803
vn 0.1039 -0.1451 0.9839
vn 0.1076 -0.1585 0.9815
vn 0.0985 -0.1757 0.9795
vn 0.0499 -0.2039 0.9777
vn -0.0122 -0.2237 0.9746
vn -0.0563 -0.2087 0.9764
vn -0.0733 -0.1595 0.9845
vn -0.0897 -0.0898 0.9919
vn -0.0920 -0.0518 0.9944
vn -0.0366 0.0338 0.9988
vn -0.0045 0.0536 0.9986
vn 0.0231 0.0696 0.9973
vn 0.0266 0.0620 0.9977
vn -0.0019 0.0609 0.9981
vn -0.0320 0.0683 0.9972
vn -0.0629 0.0764 0.9951
vn -0.1013 0.0874 0.9910
vn -0.1204 0.1075 0.9869
vn -0.1533 0.1302 0.9796
vn -0.1659 0.1403 0.9761
vn -0.2043 0.1160 0.9720
vn -0.2259 0.0684 0.9718
vn -0.1321 0.0360 0.9906
vn 0.0072 0.0318 0.9995
vn 0.0921 0.0422 0.9949
vn 0.1079 0.0316 0.9937
vn 0.1050 -0.0015 0.9945
vn 0.0277 0.0020 0.9996
vn -0.0402 0.0301 0.9987
vn -0.0130 0.0213 0.9997
vn 0.0035 0.0007 1.0000
vn 0.0017 -0.0015 1.0000
vn 0.0316 0.0142 0.9994
vn 0.0374 0.0294 0.9989
vn -0.0303 0.0223 0.9993
vn -0.0543 0.0229 0.9983
vn -0.0141 0.0424 0.9990
vn 0.0089 0.0446 0.9990
vn 0.0320 0.0338 0.9989
vn 0.0236 0.0401 0.9989
vn -0.0417 0.0426 0.9982
vn -0.0661 0.0139 0.9977
vn -0.0748 -0.0253 0.9969
vn -0.0807 -0.0596 0.9950
vn -0.0006 -0.0883 0.9961
vn 0.1580 -0.1179 0.9804
vn 0.2598 -0.1498 0.9540
vn 0.2223 -0.1625 0.9613
vn 0.1685 -0.1621 0.9723
vn 0.1418 -0.1648 0.9761
vn 0.0963 -0.1541 0.9834
vn 0.1016 -0.1516 0.9832
vn 0.0874 -0.1883 0.9782
vn 0.0322 -0.2217 0.9746
vn -0.0152 -0.2132 0.9769
vn -0.0384 -0.1835 0.9823
vn -0.0410 -0.1463 0.9884
vn -0.0517 -0.0884 0.9947
vn -0.0491 -0.0521 0.9974
vt 0.000000 0.000000
vt 0.020408 0.000000
vt 0.020408 0.020408
vt 0.000000 0.020408
vt 0.040816 0.000000
vt 0.040816 0.020408
vt 0.061224 0.000000
vt 0.061224 0.020408
vt 0.081633 0.000000
vt 0.081633 0.020408
vt 0.102041 0.000000
vt 0.102041 0.020408
vt 0.122449 0.000000
vt 0.122449 0.020408
vt 0.142857 0.000000
vt 0.142857 0.020408
vt 0.163265 0.000000
vt 0.163265 0.020408
vt 0.183673 0.000000
vt 0.183673 0.020408
vt 0.204082 0.000000
vt 0.204082 0.020408
vt 0.224490 0.000000
vt 0.224490 0.020408
vt 0.244898 0.000000
vt 0.244898 0.020408
vt 0.265306 0.000000
vt 0.265306 0.020408
vt 0.285714 0.000000
vt 0.285714 0.020408
vt 0.306122 0.000000
vt 0.306122 0.020408
vt 0.326531 0.000000
vt 0.326531 0.020408
vt 0.346939 0.000000
vt 0.346939 0.020408
vt 0.367347 0.000000
vt 0.367347 0.020408
vt 0.387755 0.000000
vt 0.387755 0.020408
vt 0.408163 0.000000
vt 0.408163 0.020408
vt 0.428571 0.000000
vt 0.428571 0.020408
vt 0.448980 0.000000
vt 0.448980 0.020408
vt 0.469388 0.000000
vt 0.469388 0.020408
vt 0.489796 0.000000
vt 0.489796 0.020408
vt 0.510204 0.000000
vt 0.510204 0.020408
vt 0.530612 0.000000
vt 0.530612 0.020408
vt 0.551020 0.000000
vt 0.551020 0.020408
vt 0.571429 0.000000
vt 0.571429 0.020408
vt 0.591837 0.000000
vt 0.591837 0.020408
vt 0.612245 0.000000
vt 0.612245 0.020408
vt 0.632653 0.000000
vt 0.632653 0.020408
vt 0.653061 0.000000
vt 0.653061 0.020408
vt 0.673469 0.000000
vt 0.673469 0.020408
vt 0.693878 0.000000
vt 0.693878 0.020408
vt 0.714286 0.000000
vt 0.714286 0.020408
vt 0.734694 0.000000
vt 0.734694 0.020408
vt 0.755102 0.000000
vt 0.755102 0.020408
vt 0.775510 0.000000
vt 0.775510 0.020408
vt 0.795918 0.000000
vt 0.795918 0.020408
vt 0.816326 0.000000
vt 0.816326 0.020408
vt 0.836735 0.000000
vt 0.836735 0.020408
vt 0.857143 0.000000
vt 0.857143 0.020408
vt 0.877551 0.000000
vt 0.877551 0.020408
vt 0.897959 0.000000
vt 0.897959 0.020408
vt 0.918367 0.000000
vt 0.918367 0.020408
vt 0.938775 0.000000
vt 0.938775 0.020408
vt 0.959184 0.000000
vt 0.959184 0.020408
vt 0.979592 0.000000
vt 0.979592 0.020408
vt 1.000000 0.000000
vt 1.000000 0.020408
vt 0.020408 0.040816
vt 0.000000 0.040816
vt 0.040816 0.040816
vt 0.061224 0.040816
vt 0.081633 0.040816
vt 0.102041 0.040816
vt 0.122449 0.040816
vt 0.142857 0.040816
vt 0.163265 0.040816
vt 0.183673 0.040816
vt 0.204082 0.040816
vt 0.224490 0.040816
vt 0.244898 0.040816
vt 0.265306 0.040816
vt 0.285714 0.040816
vt 0.306122 0.040816
vt 0.326531 0.040816
vt 0.346939 0.040816
vt 0.367347 0.040816
vt 0.387755 0.040816
vt 0.408163 0.040816
vt 0.428571 0.040816
vt 0.448980 0.040816
vt 0.469388 0.040816
vt 0.489796 0.040816
vt 0.510204 0.040816
vt 0.530612 0.040816
vt 0.551020 0.040816
vt 0.571429 0.040816
vt 0.591837 0.040816
vt 0.612245 0.040816
vt 0.632653 0.040816
vt 0.653061 0.040816
vt 0.673469 0.040816
vt 0.693878 0.040816
vt 0.714286 0.040816
vt 0.734694 0.040816
vt 0.755102 0.040816
vt 0.775510 0.040816
vt 0.795918 0.040816
vt 0.816326 0.040816
vt 0.836735 0.040816
vt 0.857143 0.040816
vt 0.877551 0.040816
vt 0.897959 0.040816
vt 0.918367 0.040816
vt 0.938775 0.040816
vt 0.959184 0.040816
vt 0.979592 0.040816
vt 1.000000 0.040816
vt 0.020408 0.061224
vt 0.000000 0.061224
vt 0.040816 0.061224
vt 0.061224 0.061224
vt 0.081633 0.061224
vt 0.102041 0.061224
vt 0.122449 0.061224
vt 0.142857 0.061224
vt 0.163265 0.061224
vt 0.183673 0.061224
vt 0.204082 0.061224
vt 0.224490 0.061224
vt 0.244898 0.061224
vt 0.265306 0.061224
vt 0.285714 0.061224
vt 0.306122 0.061224
vt 0.326531 0.061224
vt 0.346939 0.061224
vt 0.367347 0.061224
vt 0.387755 0.061224
vt 0.408163 0.061224
vt 0.428571 0.061224
vt 0.448980 0.061224
vt 0.469388 0.061224
vt 0.489796 0.061224
vt 0.510204 0.061224
vt 0.530612 0.061224
vt 0.551020 0.061224
vt 0.571429 0.061224
vt 0.591837 0.061224
vt 0.612245 0.061224
vt 0.632653 0.061224
vt 0.653061 0.061224
vt 0.673469 0.061224
vt 0.693878 0.061224
vt 0.714286 0.061224
vt 0.734694 0.061224
vt 0.755102 0.061224
vt 0.775510 0.061224
vt 0.795918 0.061224
vt 0.816326 0.061224
vt 0.836735 0.061224
vt 0.857143 0.061224
vt 0.877551 0.061224
vt 0.897959 0.061224
vt 0.918367 0.061224
vt 0.938775 0.061224
vt 0.959184 0.061224
vt 0.979592 0.061224
vt 1.000000 0.061224
vt 0.020408 0.081633
vt 0.000000 0.081633
vt 0.040816 0.081633
vt 0.061224 0.081633
vt 0.081633 0.081633
vt 0.102041 0.081633
vt 0.122449 0.081633
vt 0.142857 0.081633
vt 0.163265 0.081633
vt 0.183673 0.081633
vt 0.204082 0.081633
vt 0.224490 0.081633
vt 0.244898 0.081633
vt 0.265306 0.081633
vt 0.285714 0.081633
vt 0.306122 0.081633
vt 0.326531 0.081633
vt 0.346939 0.081633
vt 0.367347 0.081633
vt 0.387755 0.081633
vt 0.408163 0.081633
vt 0.428571 0.081633
vt 0.448980 0.081633
vt 0.469388 0.081633
vt 0.489796 0.081633
vt 0.510204 0.081633
vt 0.530612 0.081633
vt 0.551020 0.081633
vt 0.571429 0.081633
vt 0.591837 0.081633
vt 0.612245 0.081633
vt 0.632653 0.081633
vt 0.653061 0.081633
vt 0.673469 0.081633
vt 0.693878 0.081633
vt 0.714286 0.081633
vt 0.734694 0.081633
vt 0.755102 0.081633
vt 0.775510 0.081633
vt 0.795918 0.081633
vt 0.816326 0.081633
vt 0.836735 0.081633
vt 0.857143 0.081633
vt 0.877551 0.081633
vt 0.897959 0.081633
vt 0.918367 0.081633
vt 0.938775 0.081633
vt 0.959184 0.081633
vt 0.979592 0.081633
vt 1.000000 0.081633
vt 0.020408 0.102041
vt 0.000000 0.102041
vt 0.040816 0.102041
vt 0.061224 0.102041
vt 0.081633 0.102041
vt 0.102041 0.102041
vt 0.122449 0.102041
vt 0.142857 0.102041
vt 0.163265 0.102041
vt 0.183673 0.102041
vt 0.204082 0.102041
vt 0.224490 0.102041
vt 0.244898 0.102041
vt 0.265306 0.102041
vt 0.285714 0.102041
vt 0.306122 0.102041
vt 0.326531 0.102041
vt 0.346939 0.102041
vt 0.367347 0.102041
vt 0.387755 0.102041
vt 0.408163 0.102041
vt 0.428571 0.102041
vt 0.448980 0.102041
vt 0.469388 0.102041
vt 0.489796 0.102041
vt 0.510204 0.102041
vt 0.530612 0.102041
vt 0.551020 0.102041
vt 0.571429 0.102041
vt 0.591837 0.102041
vt 0.612245 0.102041
vt 0.632653 0.102041
vt 0.653061 0.102041
vt 0.673469 0.102041
vt 0.693878 0.102041
vt 0.714286 0.102041
vt 0.734694 0.102041
vt 0.755102 0.102041
vt 0.775510 0.102041
vt 0.795918 0.102041
vt 0.816326 0.102041
vt 0.836735 0.102041
vt 0.857143 0.102041
vt 0.877551 0.102041
vt 0.897959 0.102041
vt 0.918367 0.102041
vt 0.938775 0.102041
vt 0.959184 0.102041
vt 0.979592 0.102041
vt 1.000000 0.102041
vt 0.020408 0.122449
vt 0.000000 0.122449
vt 0.040816 0.122449
vt 0.061224 0.122449
vt 0.081633 0.122449
vt 0.102041 0.122449
vt 0.122449 0.122449
vt 0.142857 0.122449
vt 0.163265 0.122449
vt 0.183673 0.122449
vt 0.204082 0.122449
vt 0.224490 0.122449
vt 0.244898 0.122449
vt 0.265306 0.122449
vt 0.285714 0.122449
vt 0.306122 0.122449
vt 0.326531 0.122449
vt 0.346939 0.122449
vt 0.367347 0.122449
vt 0.387755 0.122449
vt 0.408163 0.122449
vt 0.428571 0.122449
vt 0.448980 0.122449
vt 0.469388 0.122449
vt 0.489796 0.122449
vt 0.510204 0.122449
vt 0.530612 0.122449
vt 0.551020 0.122449
vt 0.571429 0.122449
vt 0.591837 0.122449
vt 0.612245 0.122449
vt 0.632653 0.122449
vt 0.653061 0.122449
vt 0.673469 0.122449
vt 0.693878 0.122449
vt 0.714286 0.122449
vt 0.734694 0.122449
vt 0.755102 0.122449
vt 0.775510 0.122449
vt 0.795918 0.122449
vt 0.816326 0.122449
vt 0.836735 0.122449
vt 0.857143 0.122449
vt 0.877551 0.122449
vt 0.897959 0.122449
vt 0.918367 0.122449
vt 0.938775 0.122449
vt 0.959184 0.122449
vt 0.979592 0.122449
vt 1.000000 0.122449
vt 0.020408 0.142857
vt 0.000000 0.142857
vt 0.040816 0.142857
vt 0.061224 0.142857
vt 0.081633 0.142857
vt 0.102041 0.142857
vt 0.122449 0.142857
vt 0.142857 0.142857
vt 0.163265 0.142857
vt 0.183673 0.142857
vt 0.204082 0.142857
vt 0.224490 0.142857
vt 0.244898 0.142857
vt 0.265306 0.142857
vt 0.285714 0.142857
vt 0.306122 0.142857
vt 0.326531 0.142857
vt 0.346939 0.142857
vt 0.367347 0.142857
vt 0.387755 0.142857
vt 0.408163 0.142857
vt 0.428571 0.142857
vt 0.448980 0.142857
vt 0.469388 0.142857
vt 0.489796 0.142857
vt 0.510204 0.142857
vt 0.530612 0.142857
vt 0.551020 0.142857
vt 0.571429 0.142857
vt 0.591837 0.142857
vt 0.612245 0.142857
vt 0.632653 0.142857
vt 0.653061 0.142857
vt 0.673469 0.142857
vt 0.693878 0.142857
vt 0.714286 0.142857
vt 0.734694 0.142857
vt 0.755102 0.142857
vt 0.775510 0.142857
vt 0.795918 0.142857
vt 0.816326 0.142857
vt 0.836735 0.142857
vt 0.857143 0.142857
vt 0.877551 0.142857
vt 0.897959 0.142857
vt 0.918367 0.142857
vt 0.938775 0.142857
vt 0.959184 0.142857
vt 0.979592 0.142857
vt 1.000000 0.142857
vt 0.020408 0.163265
vt 0.000000 0.163265
vt 0.040816 0.163265
vt 0.061224 0.163265
vt 0.081633 0.163265
vt 0.102041 0.163265
vt 0.122449 0.163265
vt 0.142857 0.163265
vt 0.163265 0.163265
vt 0.183673 0.163265
vt 0.204082 0.163265
vt 0.224490 0.163265
vt 0.244898 0.163265
vt 0.265306 0.163265
vt 0.285714 0.163265
vt 0.306122 0.163265
vt 0.326531 0.163265
vt 0.346939 0.163265
vt 0.367347 0.163265
vt 0.387755 0.163265
vt 0.408163 0.163265
vt 0.428571 0.163265
vt 0.448980 0.163265
vt 0.469388 0.163265
vt 0.489796 0.163265
vt 0.510204 0.163265
vt 0.530612 0.163265
vt 0.551020 0.163265
vt 0.571429 0.163265
vt 0.591837 0.163265
vt 0.612245 0.163265
vt 0.632653 0.163265
vt 0.653061 0.163265
vt 0.673469 0.163265
vt 0.693878 0.163265
vt 0.714286 0.163265
vt 0.734694 0.163265
vt 0.755102 0.163265
vt 0.775510 0.163265
vt 0.795918 0.163265
vt 0.816326 0.163265
vt 0.836735 0.163265
vt 0.857143 0.163265
vt 0.877551 0.163265
vt 0.897959 0.163265
vt 0.918367 0.163265
vt 0.938775 0.163265
vt 0.959184 0.163265
vt 0.979592 0.163265
vt 1.000000 0.163265
vt 0.020408 0.183673
vt 0.000000 0.183673
vt 0.040816 0.183673
vt 0.061224 0.183673
vt 0.081633 0.183673
vt 0.102041 0.183673
vt 0.122449 0.183673
vt 0.142857 0.183673
vt 0.163265 0.183673
vt 0.183673 0.183673
vt 0.204082 0.183673
vt 0.224490 0.183673
vt 0.244898 0.183673
vt 0.265306 0.183673
vt 0.285714 0.183673
vt 0.306122 0.183673
vt 0.326531 0.183673
vt 0.346939 0.183673
vt 0.367347 0.183673
vt 0.387755 0.183673
vt 0.408163 0.183673
vt 0.428571 0.183673
vt 0.448980 0.183673
vt 0.469388 0.183673
vt 0.489796 0.183673
vt 0.510204 0.183673
vt 0.530612 0.183673
vt 0.551020 0.183673
vt 0.571429 0.183673
vt 0.591837 0.183673
vt 0.612245 0.183673
vt 0.632653 0.183673
vt 0.653061 0.183673
vt 0.673469 0.183673
vt 0.693878 0.183673
vt 0.714286 0.183673
vt 0.734694 0.183673
vt 0.755102 0.183673
vt 0.775510 0.183673
vt 0.795918 0.183673
vt 0.816326 0.183673
vt 0.836735 0.183673
vt 0.857143 0.183673
vt 0.877551 0.183673
vt 0.897959 0.183673
vt 0.918367 0.183673
vt 0.938775 0.183673
vt 0.959184 0.183673
vt 0.979592 0.183673
vt 1.000000 0.183673
vt 0.020408 0.204082
vt 0.000000 0.204082
vt 0.040816 0.204082
vt 0.061224 0.204082
vt 0.081633 0.204082
vt 0.102041 0.204082
vt 0.122449 0.204082
vt 0.142857 0.204082
vt 0.163265 0.204082
vt 0.183673 0.204082
vt 0.204082 0.204082
vt 0.224490 0.204082
vt 0.244898 0.204082
vt 0.265306 0.204082
vt 0.285714 0.204082
vt 0.306122 0.204082
vt 0.326531 0.204082
vt 0.346939 0.204082
vt 0.367347 0.204082
vt 0.387755 0.204082
vt 0.408163 0.204082
vt 0.428571 0.204082
vt 0.448980 0.204082
vt 0.469388 0.204082
vt 0.489796 0.204082
vt 0.510204 0.204082
vt 0.530612 0.204082
vt 0.551020 0.204082
vt 0.571429 0.204082
vt 0.591837 0.204082
vt 0.612245 0.204082
vt 0.632653 0.204082
vt 0.653061 0.204082
vt 0.673469 0.204082
vt 0.693878 0.204082
vt 0.714286 0.204082
vt 0.734694 0.204082
vt 0.755102 0.204082
vt 0.775510 0.204082
vt 0.795918 0.204082
vt 0.816326 0.204082
vt 0.836735 0.204082
vt 0.857143 0.204082
vt 0.877551 0.204082
vt 0.897959 0.204082
vt 0.918367 0.204082
vt 0.938775 0.204082
vt 0.959184 0.204082
vt 0.979592 0.204082
vt 1.000000 0.204082
vt 0.020408 0.224490
vt 0.000000 0.224490
vt 0.040816 0.224490
vt 0.061224 0.224490
vt 0.081633 0.224490
vt 0.102041 0.224490
vt 0.122449 0.224490
vt 0.142857 0.224490
vt 0.163265 0.224490
vt 0.183673 0.224490
vt 0.204082 0.224490
vt 0.224490 0.224490
vt 0.244898 0.224490
vt 0.265306 0.224490
vt 0.285714 0.224490
vt 0.306122 0.224490
vt 0.326531 0.224490
vt 0.346939 0.224490
vt 0.367347 0.224490
vt 0.387755 0.224490
vt 0.408163 0.224490
vt 0.428571 0.224490
vt 0.448980 0.224490
vt 0.469388 0.224490
vt 0.489796 0.224490
vt 0.510204 0.224490
vt 0.530612 0.224490
vt 0.551020 0.224490
vt 0.571429 0.224490
vt 0.591837 0.224490
vt 0.612245 0.224490
vt 0.632653 0.224490
vt 0.653061 0.224490
vt 0.673469 0.224490
vt 0.693878 0.224490
vt 0.714286 0.224490
vt 0.734694 0.224490
vt 0.755102 0.224490
vt 0.775510 0.224490
vt 0.795918 0.224490
vt 0.816326 0.224490
vt 0.836735 0.224490
vt 0.857143 0.224490
vt 0.877551 0.224490
vt 0.897959 0.224490
vt 0.918367 0.224490
vt 0.938775 0.224490
vt 0.959184 0.224490
vt 0.979592 0.224490
vt 1.000000 0.224490
vt 0.020408 0.244898
vt 0.000000 0.244898
vt 0.040816 0.244898
vt 0.061224 0.244898
vt 0.081633 0.244898
vt 0.102041 0.244898
vt 0.122449 0.244898
vt 0.142857 0.244898
vt 0.163265 0.244898
vt 0.183673 0.244898
vt 0.204082 0.244898
vt 0.224490 0.244898
vt 0.244898 0.244898
vt 0.265306 0.244898
vt 0.285714 0.244898
vt 0.306122 0.244898
vt 0.326531 0.244898
vt 0.346939 0.244898
vt 0.367347 0.244898
vt 0.387755 0.244898
vt 0.408163 0.244898
vt 0.428571 0.244898
vt 0.448980 0.244898
vt 0.469388 0.244898
vt 0.489796 0.244898
vt 0.510204 0.244898
vt 0.530612 0.244898
vt 0.551020 0.244898
vt 0.571429 0.244898
vt 0.591837 0.244898
vt 0.612245 0.244898
vt 0.632653 0.244898
vt 0.653061 0.244898
vt 0.673469 0.244898
vt 0.693878 0.244898
vt 0.714286 0.244898
vt 0.734694 0.244898
vt 0.755102 0.244898
vt 0.775510 0.244898
vt 0.795918 0.244898
vt 0.816326 0.244898
vt 0.836735 0.244898
vt 0.857143 0.244898
vt 0.877551 0.244898
vt 0.897959 0.244898
vt 0.918367 0.244898
vt 0.938775 0.244898
vt 0.959184 0.244898
vt 0.979592 0.244898
vt 1.000000 0.244898
vt 0.020408 0.265306
vt 0.000000 0.265306
vt 0.040816 0.265306
vt 0.061224 0.265306
vt 0.081633 0.265306
vt 0.102041 0.265306
vt 0.122449 0.265306
vt 0.142857 0.265306
vt 0.163265 0.265306
vt 0.183673 0.265306
vt 0.204082 0.265306
vt 0.224490 0.265306
vt 0.244898 0.265306
vt 0.265306 0.265306
vt 0.285714 0.265306
vt 0.306122 0.265306
vt 0.326531 0.265306
vt 0.346939 0.265306
vt 0.367347 0.265306
vt 0.387755 0.265306
vt 0.408163 0.265306
vt 0.428571 0.265306
vt 0.448980 0.265306
vt 0.469388 0.265306
vt 0.489796 0.265306
vt 0.510204 0.265306
vt 0.530612 0.265306
vt 0.551020 0.265306
vt 0.571429 0.265306
vt 0.591837 0.265306
vt 0.612245 0.265306
vt 0.632653 0.265306
vt 0.653061 0.265306
vt 0.673469 0.265306
vt 0.693878 0.265306
vt 0.714286 0.265306
vt 0.734694 0.265306
vt 0.755102 0.265306
vt 0.775510 0.265306
vt 0.795918 0.265306
vt 0.816326 0.265306
vt 0.836735 0.265306
vt 0.857143 0.265306
vt 0.877551 0.265306
vt 0.897959 0.265306
vt 0.918367 0.265306
vt 0.938775 0.265306
vt 0.959184 0.265306
vt 0.979592 0.265306
vt 1.000000 0.265306
vt 0.020408 0.285714
vt 0.000000 0.285714
vt 0.040816 0.285714
vt 0.061224 0.285714
vt 0.081633 0.285714
vt 0.102041 0.285714
vt 0.122449 0.285714
vt 0.142857 0.285714
vt 0.163265 0.285714
vt 0.183673 0.285714
vt 0.204082 0.285714
vt 0.224490 0.285714
vt 0.244898 0.285714
vt 0.265306 0.285714
vt 0.285714 0.285714
vt 0.306122 0.285714
vt 0.326531 0.285714
vt 0.346939 0.285714
vt 0.367347 0.285714
vt 0.387755 0.285714
vt 0.408163 0.285714
vt 0.428571 0.285714
vt 0.448980 0.285714
vt 0.469388 0.285714
vt 0.489796 0.285714
vt 0.510204 0.285714
vt 0.530612 0.285714
vt 0.551020 0.285714
vt 0.571429 0.285714
vt 0.591837 0.285714
vt 0.612245 0.285714
vt 0.632653 0.285714
vt 0.653061 0.285714
vt 0.673469 0.285714
vt 0.693878 0.285714
vt 0.714286 0.285714
vt 0.734694 0.285714
vt 0.755102 0.285714
vt 0.775510 0.285714
vt 0.795918 0.285714
vt 0.816326 0.285714
vt 0.836735 0.285714
vt 0.857143 0.285714
vt 0.877551 0.285714
vt 0.897959 0.285714
vt 0.918367 0.285714
vt 0.938775 0.285714
vt 0.959184 0.285714
vt 0.979592 0.285714
vt 1.000000 0.285714
vt 0.020408 0.306122
vt 0.000000 0.306122
vt 0.040816 0.306122
vt 0.061224 0.306122
vt 0.081633 0.306122
vt 0.102041 0.306122
vt 0.122449 0.306122
vt 0.142857 0.306122
vt 0.163265 0.306122
vt 0.183673 0.306122
vt 0.204082 0.306122
vt 0.224490 0.306122
vt 0.244898 0.306122
vt 0.265306 0.306122
vt 0.285714 0.306122
vt 0.306122 0.306122
vt 0.326531 0.306122
vt 0.346939 0.306122
vt 0.367347 0.306122
vt 0.387755 0.306122
vt 0.408163 0.306122
vt 0.428571 0.306122
vt 0.448980 0.306122
vt 0.469388 0.306122
vt 0.489796 0.306122
vt 0.510204 0.306122
vt 0.530612 0.306122
vt 0.551020 0.306122
vt 0.571429 0.306122
vt 0.591837 0.306122
vt 0.612245 0.306122
vt 0.632653 0.306122
vt 0.653061 0.306122
vt 0.673469 0.306122
vt 0.693878 0.306122
vt 0.714286 0.306122
vt 0.734694 0.306122
vt 0.755102 0.306122
vt 0.775510 0.306122
vt 0.795918 0.306122
vt 0.816326 0.306122
vt 0.836735 0.306122
vt 0.857143 0.306122
vt 0.877551 0.306122
vt 0.897959 0.306122
vt 0.918367 0.306122
vt 0.938775 0.306122
vt 0.959184 0.306122
vt 0.979592 0.306122
vt 1.000000 0.306122
vt 0.020408 0.326531
vt 0.000000 0.326531
vt 0.040816 0.326531
vt 0.061224 0.326531
vt 0.081633 0.326531
vt 0.102041 0.326531
vt 0.122449 0.326531
vt 0.142857 0.326531
vt 0.163265 0.326531
vt 0.183673 0.326531
vt 0.204082 0.326531
vt 0.224490 0.326531
vt 0.244898 0.326531
vt 0.265306 0.326531
vt 0.285714 0.326531
vt 0.306122 0.326531
vt 0.326531 0.326531
vt 0.346939 0.326531
vt 0.367347 0.326531
vt 0.387755 0.326531
vt 0.408163 0.326531
vt 0.428571 0.326531
vt 0.448980 0.326531
vt 0.469388 0.326531
vt 0.489796 0.326531
vt 0.510204 0.326531
vt 0.530612 0.326531
vt 0.551020 0.326531
vt 0.571429 0.326531
vt 0.591837 0.326531
vt 0.612245 0.326531
vt 0.632653 0.326531
vt 0.653061 0.326531
vt 0.673469 0.326531
vt 0.693878 0.326531
vt 0.714286 0.326531
vt 0.734694 0.326531
vt 0.755102 0.326531
vt 0.775510 0.326531
vt 0.795918 0.326531
vt 0.816326 0.326531
vt 0.836735 0.326531
vt 0.857143 0.326531
vt 0.877551 0.326531
vt 0.897959 0.326531
vt 0.918367 0.326531
vt 0.938775 0.326531
vt 0.959184 0.326531
vt 0.979592 0.326531
vt 1.000000 0.326531
vt 0.020408 0.346939
vt 0.000000 0.346939
vt 0.040816 0.346939
vt 0.061224 0.346939
vt 0.081633 0.346939
vt 0.102041 0.346939
vt 0.122449 0.346939
vt 0.142857 0.346939
vt 0.163265 0.346939
vt 0.183673 0.346939
vt 0.204082 0.346939
vt 0.224490 0.346939
vt 0.244898 0.346939
vt 0.265306 0.346939
vt 0.285714 0.346939
vt 0.306122 0.346939
vt 0.326531 0.346939
vt 0.346939 0.346939
vt 0.367347 0.346939
vt 0.387755 0.346939
vt 0.408163 0.346939
vt 0.428571 0.346939
vt 0.448980 0.346939
vt 0.469388 0.346939
vt 0.489796 0.346939
vt 0.510204 0.346939
vt 0.530612 0.346939
vt 0.551020 0.346939
vt 0.571429 0.346939
vt 0.591837 0.346939
vt 0.612245 0.346939
vt 0.632653 0.346939
vt 0.653061 0.346939
vt 0.673469 0.346939
vt 0.693878 0.346939
vt 0.714286 0.346939
vt 0.734694 0.346939
vt 0.755102 0.346939
vt 0.775510 0.346939
vt 0.795918 0.346939
vt 0.816326 0.346939
vt 0.836735 0.346939
vt 0.857143 0.346939
vt 0.877551 0.346939
vt 0.897959 0.346939
vt 0.918367 0.346939
vt 0.938775 0.346939
vt 0.959184 0.346939
vt 0.979592 0.346939
vt 1.000000 0.346939
vt 0.020408 0.367347
vt 0.000000 0.367347
vt 0.040816 0.367347
vt 0.061224 0.367347
vt 0.081633 0.367347
vt 0.102041 0.367347
vt 0.122449 0.367347
vt 0.142857 0.367347
vt 0.163265 0.367347
vt 0.183673 0.367347
vt 0.204082 0.367347
vt 0.224490 0.367347
vt 0.244898 0.367347
vt 0.265306 0.367347
vt 0.285714 0.367347
vt 0.306122 0.367347
vt 0.326531 0.367347
vt 0.346939 0.367347
vt 0.367347 0.367347
vt 0.387755 0.367347
vt 0.408163 0.367347
vt 0.428571 0.367347
vt 0.448980 0.367347
vt 0.469388 0.367347
vt 0.489796 0.367347
vt 0.510204 0.367347
vt 0.530612 0.367347
vt 0.551020 0.367347
vt 0.571429 0.367347
vt 0.591837 0.367347
vt 0.612245 0.367347
vt 0.632653 0.367347
vt 0.653061 0.367347
vt 0.673469 0.367347
vt 0.693878 0.367347
vt 0.714286 0.367347
vt 0.734694 0.367347
vt 0.755102 0.367347
vt 0.775510 0.367347
vt 0.795918 0.367347
vt 0.816326 0.367347
vt 0.836735 0.367347
vt 0.857143 0.367347
vt 0.877551 0.367347
vt 0.897959 0.367347
vt 0.918367 0.367347
vt 0.938775 0.367347
vt 0.959184 0.367347
vt 0.979592 0.367347
vt 1.000000 0.367347
vt 0.020408 0.387755
vt 0.000000 0.387755
vt 0.040816 0.387755
vt 0.061224 0.387755
vt 0.081633 0.387755
vt 0.102041 0.387755
vt 0.122449 0.387755
vt 0.142857 0.387755
vt 0.163265 0.387755
vt 0.183673 0.387755
vt 0.204082 0.387755
vt 0.224490 0.387755
vt 0.244898 0.387755
vt 0.265306 0.387755
vt 0.285714 0.387755
vt 0.306122 0.387755
vt 0.326531 0.387755
vt 0.346939 0.387755
vt 0.367347 0.387755
vt 0.387755 0.387755
vt 0.408163 0.387755
vt 0.428571 0.387755
vt 0.448980 0.387755
vt 0.469388 0.387755
vt 0.489796 0.387755
vt 0.510204 0.387755
vt 0.530612 0.387755
vt 0.551020 0.387755
vt 0.571429 0.387755
vt 0.591837 0.387755
vt 0.612245 0.387755
vt 0.632653 0.387755
vt 0.653061 0.387755
vt 0.673469 0.387755
vt 0.693878 0.387755
vt 0.714286 0.387755
vt 0.734694 0.387755
vt 0.755102 0.387755
vt 0.775510 0.387755
vt 0.795918 0.387755
vt 0.816326 0.387755
vt 0.836735 0.387755
vt 0.857143 0.387755
vt 0.877551 0.387755
vt 0.897959 0.387755
vt 0.918367 0.387755
vt 0.938775 0.387755
vt 0.959184 0.387755
vt 0.979592 0.387755
vt 1.000000 0.387755
vt 0.020408 0.408163
vt 0.000000 0.408163
vt 0.040816 0.408163
vt 0.061224 0.408163
vt 0.081633 0.408163
vt 0.102041 0.408163
vt 0.122449 0.408163
vt 0.142857 0.408163
vt 0.163265 0.408163
vt 0.183673 0.408163
vt 0.204082 0.408163
vt 0.224490 0.408163
vt 0.244898 0.408163
vt 0.265306 0.408163
vt 0.285714 0.408163
vt 0.306122 0.408163
vt 0.326531 0.408163
vt 0.346939 0.408163
vt 0.367347 0.408163
vt 0.387755 0.408163
vt 0.408163 0.408163
vt 0.428571 0.408163
vt 0.448980 0.408163
vt 0.469388 0.408163
vt 0.489796 0.408163
vt 0.510204 0.408163
vt 0.530612 0.408163
vt 0.551020 0.408163
vt 0.571429 0.408163
vt 0.591837 0.408163
vt 0.612245 0.408163
vt 0.632653 0.408163
vt 0.653061 0.408163
vt 0.673469 0.408163
vt 0.693878 0.408163
vt 0.714286 0.408163
vt 0.734694 0.408163
vt 0.755102 0.408163
vt 0.775510 0.408163
vt 0.795918 0.408163
vt 0.816326 0.408163
vt 0.836735 0.408163
vt 0.857143 0.408163
vt 0.877551 0.408163
vt 0.897959 0.408163
vt 0.918367 0.408163
vt 0.938775 0.408163
vt 0.959184 0.408163
vt 0.979592 0.408163
vt 1.000000 0.408163
vt 0.020408 0.428571
vt 0.000000 0.428571
vt 0.040816 0.428571
vt 0.061224 0.428571
vt 0.081633 0.428571
vt 0.102041 0.428571
vt 0.122449 0.428571
vt 0.142857 0.428571
vt 0.163265 0.428571
vt 0.183673 0.428571
vt 0.204082 0.428571
vt 0.224490 0.428571
vt 0.244898 0.428571
vt 0.265306 0.428571
vt 0.285714 0.428571
vt 0.306122 0.428571
vt 0.326531 0.428571
vt 0.346939 0.428571
vt 0.367347 0.428571
vt 0.387755 0.428571
vt 0.408163 0.428571
vt 0.428571 0.428571
vt 0.448980 0.428571
vt 0.469388 0.428571
vt 0.489796 0.428571
vt 0.510204 0.428571
vt 0.530612 0.428571
vt 0.551020 0.428571
vt 0.571429 0.428571
vt 0.591837 0.428571
vt 0.612245 0.428571
vt 0.632653 0.428571
vt 0.653061 0.428571
vt 0.673469 0.428571
vt 0.693878 0.428571
vt 0.714286 0.428571
vt 0.734694 0.428571
vt 0.755102 0.428571
vt 0.775510 0.428571
vt 0.795918 0.428571
vt 0.816326 0.428571
vt 0.836735 0.428571
vt 0.857143 0.428571
vt 0.877551 0.428571
vt 0.897959 0.428571
vt 0.918367 0.428571
vt 0.938775 0.428571
vt 0.959184 0.428571
vt 0.979592 0.428571
vt 1.000000 0.428571
vt 0.020408 0.448980
vt 0.000000 0.448980
vt 0.040816 0.448980
vt 0.061224 0.448980
vt 0.081633 0.448980
vt 0.102041 0.448980
vt 0.122449 0.448980
vt 0.142857 0.448980
vt 0.163265 0.448980
vt 0.183673 0.448980
vt 0.204082 0.448980
vt 0.224490 0.448980
vt 0.244898 0.448980
vt 0.265306 0.448980
vt 0.285714 0.448980
vt 0.306122 0.448980
vt 0.326531 0.448980
vt 0.346939 0.448980
vt 0.367347 0.448980
vt 0.387755 0.448980
vt 0.408163 0.448980
vt 0.428571 0.448980
vt 0.448980 0.448980
vt 0.469388 0.448980
vt 0.489796 0.448980
vt 0.510204 0.448980
vt 0.530612 0.448980
vt 0.551020 0.448980
vt 0.571429 0.448980
vt 0.591837 0.448980
vt 0.612245 0.448980
vt 0.632653 0.448980
vt 0.653061 0.448980
vt 0.673469 0.448980
vt 0.693878 0.448980
vt 0.714286 0.448980
vt 0.734694 0.448980
vt 0.755102 0.448980
vt 0.775510 0.448980
vt 0.795918 0.448980
vt 0.816326 0.448980
vt 0.836735 0.448980
vt 0.857143 0.448980
vt 0.877551 0.448980
vt 0.897959 0.448980
vt 0.918367 0.448980
vt 0.938775 0.448980
vt 0.959184 0.448980
vt 0.979592 0.448980
vt 1.000000 0.448980
vt 0.020408 0.469388
vt 0.000000 0.469388
vt 0.040816 0.469388
vt 0.061224 0.469388
vt 0.081633 0.469388
vt 0.102041 0.469388
vt 0.122449 0.469388
vt 0.142857 0.469388
vt 0.163265 0.469388
vt 0.183673 0.469388
vt 0.204082 0.469388
vt 0.224490 0.469388
vt 0.244898 0.469388
vt 0.265306 0.469388
vt 0.285714 0.469388
vt 0.306122 0.469388
vt 0.326531 0.469388
vt 0.346939 0.469388
vt 0.367347 0.469388
vt 0.387755 0.469388
vt 0.408163 0.469388
vt 0.428571 0.469388
vt 0.448980 0.469388
vt 0.469388 0.469388
vt 0.489796 0.469388
vt 0.510204 0.469388
vt 0.530612 0.469388
vt 0.551020 0.469388
vt 0.571429 0.469388
vt 0.591837 0.469388
vt 0.612245 0.469388
vt 0.632653 0.469388
vt 0.653061 0.469388
vt 0.673469 0.469388
vt 0.693878 0.469388
vt 0.714286 0.469388
vt 0.734694 0.469388
vt 0.755102 0.469388
vt 0.775510 0.469388
vt 0.795918 0.469388
vt 0.816326 0.469388
vt 0.836735 0.469388
vt 0.857143 0.469388
vt 0.877551 0.469388
vt 0.897959 0.469388
vt 0.918367 0.469388
vt 0.938775 0.469388
vt 0.959184 0.469388
vt 0.979592 0.469388
vt 1.000000 0.469388
vt 0.020408 0.489796
vt 0.000000 0.489796
vt 0.040816 0.489796
vt 0.061224 0.489796
vt 0.081633 0.489796
vt 0.102041 0.489796
vt 0.122449 0.489796
vt 0.142857 0.489796
vt 0.163265 0.489796
vt 0.183673 0.489796
vt 0.204082 0.489796
vt 0.224490 0.489796
vt 0.244898 0.489796
vt 0.265306 0.489796
vt 0.285714 0.489796
vt 0.306122 0.489796
vt 0.326531 0.489796
vt 0.346939 0.489796
vt 0.367347 0.489796
vt 0.387755 0.489796
vt 0.408163 0.489796
vt 0.428571 0.489796
vt 0.448980 0.489796
vt 0.469388 0.489796
vt 0.489796 0.489796
vt 0.510204 0.489796
vt 0.530612 0.489796
vt 0.551020 0.489796
vt 0.571429 0.489796
vt 0.591837 0.489796
vt 0.612245 0.489796
vt 0.632653 0.489796
vt 0.653061 0.489796
vt 0.673469 0.489796
vt 0.693878 0.489796
vt 0.714286 0.489796
vt 0.734694 0.489796
vt 0.755102 0.489796
vt 0.775510 0.489796
vt 0.795918 0.489796
vt 0.816326 0.489796
vt 0.836735 0.489796
vt 0.857143 0.489796
vt 0.877551 0.489796
vt 0.897959 0.489796
vt 0.918367 0.489796
vt 0.938775 0.489796
vt 0.959184 0.489796
vt 0.979592 0.489796
vt 1.000000 0.489796
vt 0.020408 0.510204
vt 0.000000 0.510204
vt 0.040816 0.510204
vt 0.061224 0.510204
vt 0.081633 0.510204
vt 0.102041 0.510204
vt 0.122449 0.510204
vt 0.142857 0.510204
vt 0.163265 0.510204
vt 0.183673 0.510204
vt 0.204082 0.510204
vt 0.224490 0.510204
vt 0.244898 0.510204
vt 0.265306 0.510204
vt 0.285714 0.510204
vt 0.306122 0.510204
vt 0.326531 0.510204
vt 0.346939 0.510204
vt 0.367347 0.510204
vt 0.387755 0.510204
vt 0.408163 0.510204
vt 0.428571 0.510204
vt 0.448980 0.510204
vt 0.469388 0.510204
vt 0.489796 0.510204
vt 0.510204 0.510204
vt 0.530612 0.510204
vt 0.551020 0.510204
vt 0.571429 0.510204
vt 0.591837 0.510204
vt 0.612245 0.510204
vt 0.632653 0.510204
vt 0.653061 0.510204
vt 0.673469 0.510204
vt 0.693878 0.510204
vt 0.714286 0.510204
vt 0.734694 0.510204
vt 0.755102 0.510204
vt 0.775510 0.510204
vt 0.795918 0.510204
vt 0.816326 0.510204
vt 0.836735 0.510204
vt 0.857143 0.510204
vt 0.877551 0.510204
vt 0.897959 0.510204
vt 0.918367 0.510204
vt 0.938775 0.510204
vt 0.959184 0.510204
vt 0.979592 0.510204
vt 1.000000 0.510204
vt 0.020408 0.530612
vt 0.000000 0.530612
vt 0.040816 0.530612
vt 0.061224 0.530612
vt 0.081633 0.530612
vt 0.102041 0.530612
vt 0.122449 0.530612
vt 0.142857 0.530612
vt 0.163265 0.530612
vt 0.183673 0.530612
vt 0.204082 0.530612
vt 0.224490 0.530612
vt 0.244898 0.530612
vt 0.265306 0.530612
vt 0.285714 0.530612
vt 0.306122 0.530612
vt 0.326531 0.530612
vt 0.346939 0.530612
vt 0.367347 0.530612
vt 0.387755 0.530612
vt 0.408163 0.530612
vt 0.428571 0.530612
vt 0.448980 0.530612
vt 0.469388 0.530612
vt 0.489796 0.530612
vt 0.510204 0.530612
vt 0.530612 0.530612
vt 0.551020 0.530612
vt 0.571429 0.530612
vt 0.591837 0.530612
vt 0.612245 0.530612
vt 0.632653 0.530612
vt 0.653061 0.530612
vt 0.673469 0.530612
vt 0.693878 0.530612
vt 0.714286 0.530612
vt 0.734694 0.530612
vt 0.755102 0.530612
vt 0.775510 0.530612
vt 0.795918 0.530612
vt 0.816326 0.530612
vt 0.836735 0.530612
vt 0.857143 0.530612
vt 0.877551 0.530612
vt 0.897959 0.530612
vt 0.918367 0.530612
vt 0.938775 0.530612
vt 0.959184 0.530612
vt 0.979592 0.530612
vt 1.000000 0.530612
vt 0.020408 0.551020
vt 0.000000 0.551020
vt 0.040816 0.551020
vt 0.061224 0.551020
vt 0.081633 0.551020
vt 0.102041 0.551020
vt 0.122449 0.551020
vt 0.142857 0.551020
vt 0.163265 0.551020
vt 0.183673 0.551020
vt 0.204082 0.551020
vt 0.224490 0.551020
vt 0.244898 0.551020
vt 0.265306 0.551020
vt 0.285714 0.551020
vt 0.306122 0.551020
vt 0.326531 0.551020
vt 0.346939 0.551020
vt 0.367347 0.551020
vt 0.387755 0.551020
vt 0.408163 0.551020
vt 0.428571 0.551020
vt 0.448980 0.551020
vt 0.469388 0.551020
vt 0.489796 0.551020
vt 0.510204 0.551020
vt 0.530612 0.551020
vt 0.551020 0.551020
vt 0.571429 0.551020
vt 0.591837 0.551020
vt 0.612245 0.551020
vt 0.632653 0.551020
vt 0.653061 0.551020
vt 0.673469 0.551020
vt 0.693878 0.551020
vt 0.714286 0.551020
vt 0.734694 0.551020
vt 0.755102 0.551020
vt 0.775510 0.551020
vt 0.795918 0.551020
vt 0.816326 0.551020
vt 0.836735 0.551020
vt 0.857143 0.551020
vt 0.877551 0.551020
vt 0.897959 0.551020
vt 0.918367 0.551020
vt 0.938775 0.551020
vt 0.959184 0.551020
vt 0.979592 0.551020
vt 1.000000 0.551020
vt 0.020408 0.571429
vt 0.000000 0.571429
vt 0.040816 0.571429
vt 0.061224 0.571429
vt 0.081633 0.571429
vt 0.102041 0.571429
vt 0.122449 0.571429
vt 0.142857 0.571429
vt 0.163265 0.571429
vt 0.183673 0.571429
vt 0.204082 0.571429
vt 0.224490 0.571429
vt 0.244898 0.571429
vt 0.265306 0.571429
vt 0.285714 0.571429
vt 0.306122 0.571429
vt 0.326531 0.571429
vt 0.346939 0.571429
vt 0.367347 0.571429
vt 0.387755 0.571429
vt 0.408163 0.571429
vt 0.428571 0.571429
vt 0.448980 0.571429
vt 0.469388 0.571429
vt 0.489796 0.571429
vt 0.510204 0.571429
vt 0.530612 0.571429
vt 0.551020 0.571429
vt 0.571429 0.571429
vt 0.591837 0.571429
vt 0.612245 0.571429
vt 0.632653 0.571429
vt 0.653061 0.571429
vt 0.673469 0.571429
vt 0.693878 0.571429
vt 0.714286 0.571429
vt 0.734694 0.571429
vt 0.755102 0.571429
vt 0.775510 0.571429
vt 0.795918 0.571429
vt 0.816326 0.571429
vt 0.836735 0.571429
vt 0.857143 0.571429
vt 0.877551 0.571429
vt 0.897959 0.571429
vt 0.918367 0.571429
vt 0.938775 0.571429
vt 0.959184 0.571429
vt 0.979592 0.571429
vt 1.000000 0.571429
vt 0.020408 0.591837
vt 0.000000 0.591837
vt 0.040816 0.591837
vt 0.061224 0.591837
vt 0.081633 0.591837
vt 0.102041 0.591837
vt 0.122449 0.591837
vt 0.142857 0.591837
vt 0.163265 0.591837
vt 0.183673 0.591837
vt 0.204082 0.591837
vt 0.224490 0.591837
vt 0.244898 0.591837
vt 0.265306 0.591837
vt 0.285714 0.591837
vt 0.306122 0.591837
vt 0.326531 0.591837
vt 0.346939 0.591837
vt 0.367347 0.591837
vt 0.387755 0.591837
vt 0.408163 0.591837
vt 0.428571 0.591837
vt 0.448980 0.591837
vt 0.469388 0.591837
vt 0.489796 0.591837
vt 0.510204 0.591837
vt 0.530612 0.591837
vt 0.551020 0.591837
vt 0.571429 0.591837
vt 0.591837 0.591837
vt 0.612245 0.591837
vt 0.632653 0.591837
vt 0.653061 0.591837
vt 0.673469 0.591837
vt 0.693878 0.591837
vt 0.714286 0.591837
vt 0.734694 0.591837
vt 0.755102 0.591837
vt 0.775510 0.591837
vt 0.795918 0.591837
vt 0.816326 0.591837
vt 0.836735 0.591837
vt 0.857143 0.591837
vt 0.877551 0.591837
vt 0.897959 0.591837
vt 0.918367 0.591837
vt 0.938775 0.591837
vt 0.959184 0.591837
vt 0.979592 0.591837
vt 1.000000 0.591837
vt 0.020408 0.612245
vt 0.000000 0.612245
vt 0.040816 0.612245
vt 0.061224 0.612245
vt 0.081633 0.612245
vt 0.102041 0.612245
vt 0.122449 0.612245
vt 0.142857 0.612245
vt 0.163265 0.612245
vt 0.183673 0.612245
vt 0.204082 0.612245
vt 0.224490 0.612245
vt 0.244898 0.612245
vt 0.265306 0.612245
vt 0.285714 0.612245
vt 0.306122 0.612245
vt 0.326531 0.612245
vt 0.346939 0.612245
vt 0.367347 0.612245
vt 0.387755 0.612245
vt 0.408163 0.612245
vt 0.428571 0.612245
vt 0.448980 0.612245
vt 0.469388 0.612245
vt 0.489796 0.612245
vt 0.510204 0.612245
vt 0.530612 0.612245
vt 0.551020 0.612245
vt 0.571429 0.612245
vt 0.591837 0.612245
vt 0.612245 0.612245
vt 0.632653 0.612245
vt 0.653061 0.612245
vt 0.673469 0.612245
vt 0.693878 0.612245
vt 0.714286 0.612245
vt 0.734694 0.612245
vt 0.755102 0.612245
vt 0.775510 0.612245
vt 0.795918 0.612245
vt 0.816326 0.612245
vt 0.836735 0.612245
vt 0.857143 0.612245
vt 0.877551 0.612245
vt 0.897959 0.612245
vt 0.918367 0.612245
vt 0.938775 0.612245
vt 0.959184 0.612245
vt 0.979592 0.612245
vt 1.000000 0.612245
vt 0.020408 0.632653
vt 0.000000 0.632653
vt 0.040816 0.632653
vt 0.061224 0.632653
vt 0.081633 0.632653
vt 0.102041 0.632653
vt 0.122449 0.632653
vt 0.142857 0.632653
vt 0.163265 0.632653
vt 0.183673 0.632653
vt 0.204082 0.632653
vt 0.224490 0.632653
vt 0.244898 0.632653
vt 0.265306 0.632653
vt 0.285714 0.632653
vt 0.306122 0.632653
vt 0.326531 0.632653
vt 0.346939 0.632653
vt 0.367347 0.632653
vt 0.387755 0.632653
vt 0.408163 0.632653
vt 0.428571 0.632653
vt 0.448980 0.632653
vt 0.469388 0.632653
vt 0.489796 0.632653
vt 0.510204 0.632653
vt 0.530612 0.632653
vt 0.551020 0.632653
vt 0.571429 0.632653
vt 0.591837 0.632653
vt 0.612245 0.632653
vt 0.632653 0.632653
vt 0.653061 0.632653
vt 0.673469 0.632653
vt 0.693878 0.632653
vt 0.714286 0.632653
vt 0.734694 0.632653
vt 0.755102 0.632653
vt 0.775510 0.632653
vt 0.795918 0.632653
vt 0.816326 0.632653
vt 0.836735 0.632653
vt 0.857143 0.632653
vt 0.877551 0.632653
vt 0.897959 0.632653
vt 0.918367 0.632653
vt 0.938775 0.632653
vt 0.959184 0.632653
vt 0.979592 0.632653
vt 1.000000 0.632653
vt 0.020408 0.653061
vt 0.000000 0.653061
vt 0.040816 0.653061
vt 0.061224 0.653061
vt 0.081633 0.653061
vt 0.102041 0.653061
vt 0.122449 0.653061
vt 0.142857 0.653061
vt 0.163265 0.653061
vt 0.183673 0.653061
vt 0.204082 0.653061
vt 0.224490 0.653061
vt 0.244898 0.653061
vt 0.265306 0.653061
vt 0.285714 0.653061
vt 0.306122 0.653061
vt 0.326531 0.653061
vt 0.346939 0.653061
vt 0.367347 0.653061
vt 0.387755 0.653061
vt 0.408163 0.653061
vt 0.428571 0.653061
vt 0.448980 0.653061
vt 0.469388 0.653061
vt 0.489796 0.653061
vt 0.510204 0.653061
vt 0.530612 0.653061
vt 0.551020 0.653061
vt 0.571429 0.653061
vt 0.591837 0.653061
vt 0.612245 0.653061
vt 0.632653 0.653061
vt 0.653061 0.653061
vt 0.673469 0.653061
vt 0.693878 0.653061
vt 0.714286 0.653061
vt 0.734694 0.653061
vt 0.755102 0.653061
vt 0.775510 0.653061
vt 0.795918 0.653061
vt 0.816326 0.653061
vt 0.836735 0.653061
vt 0.857143 0.653061
vt 0.877551 0.653061
vt 0.897959 0.653061
vt 0.918367 0.653061
vt 0.938775 0.653061
vt 0.959184 0.653061
vt 0.979592 0.653061
vt 1.000000 0.653061
vt 0.020408 0.673469
vt 0.000000 0.673469
vt 0.040816 0.673469
vt 0.061224 0.673469
vt 0.081633 0.673469
vt 0.102041 0.673469
vt 0.122449 0.673469
vt 0.142857 0.673469
vt 0.163265 0.673469
vt 0.183673 0.673469
vt 0.204082 0.673469
vt 0.224490 0.673469
vt 0.244898 0.673469
vt 0.265306 0.673469
vt 0.285714 0.673469
vt 0.306122 0.673469
vt 0.326531 0.673469
vt 0.346939 0.673469
vt 0.367347 0.673469
vt 0.387755 0.673469
vt 0.408163 0.673469
vt 0.428571 0.673469
vt 0.448980 0.673469
vt 0.469388 0.673469
vt 0.489796 0.673469
vt 0.510204 0.673469
vt 0.530612 0.673469
vt 0.551020 0.673469
vt 0.571429 0.673469
vt 0.591837 0.673469
vt 0.612245 0.673469
vt 0.632653 0.673469
vt 0.653061 0.673469
vt 0.673469 0.673469
vt 0.693878 0.673469
vt 0.714286 0.673469
vt 0.734694 0.673469
vt 0.755102 0.673469
vt 0.775510 0.673469
vt 0.795918 0.673469
vt 0.816326 0.673469
vt 0.836735 0.673469
vt 0.857143 0.673469
vt 0.877551 0.673469
vt 0.897959 0.673469
vt 0.918367 0.673469
vt 0.938775 0.673469
vt 0.959184 0.673469
vt 0.979592 0.673469
vt 1.000000 0.673469
vt 0.020408 0.693878
vt 0.000000 0.693878
vt 0.040816 0.693878
vt 0.061224 0.693878
vt 0.081633 0.693878
vt 0.102041 0.693878
vt 0.122449 0.693878
vt 0.142857 0.693878
vt 0.163265 0.693878
vt 0.183673 0.693878
vt 0.204082 0.693878
vt 0.224490 0.693878
vt 0.244898 0.693878
vt 0.265306 0.693878
vt 0.285714 0.693878
vt 0.306122 0.693878
vt 0.326531 0.693878
vt 0.346939 0.693878
vt 0.367347 0.693878
vt 0.387755 0.693878
vt 0.408163 0.693878
vt 0.428571 0.693878
vt 0.448980 0.693878
vt 0.469388 0.693878
vt 0.489796 0.693878
vt 0.510204 0.693878
vt 0.530612 0.693878
vt 0.551020 0.693878
vt 0.571429 0.693878
vt 0.591837 0.693878
vt 0.612245 0.693878
vt 0.632653 0.693878
vt 0.653061 0.693878
vt 0.673469 0.693878
vt 0.693878 0.693878
vt 0.714286 0.693878
vt 0.734694 0.693878
vt 0.755102 0.693878
vt 0.775510 0.693878
vt 0.795918 0.693878
vt 0.816326 0.693878
vt 0.836735 0.693878
vt 0.857143 0.693878
vt 0.877551 0.693878
vt 0.897959 0.693878
vt 0.918367 0.693878
vt 0.938775 0.693878
vt 0.959184 0.693878
vt 0.979592 0.693878
vt 1.000000 0.693878
vt 0.020408 0.714286
vt 0.000000 0.714286
vt 0.040816 0.714286
vt 0.061224 0.714286
vt 0.081633 0.714286
vt 0.102041 0.714286
vt 0.122449 0.714286
vt 0.142857 0.714286
vt 0.163265 0.714286
vt 0.183673 0.714286
vt 0.204082 0.714286
vt 0.224490 0.714286
vt 0.244898 0.714286
vt 0.265306 0.714286
vt 0.285714 0.714286
vt 0.306122 0.714286
vt 0.326531 0.714286
vt 0.346939 0.714286
vt 0.367347 0.714286
vt 0.387755 0.714286
vt 0.408163 0.714286
vt 0.428571 0.714286
vt 0.448980 0.714286
vt 0.469388 0.714286
vt 0.489796 0.714286
vt 0.510204 0.714286
vt 0.530612 0.714286
vt 0.551020 0.714286
vt 0.571429 0.714286
vt 0.591837 0.714286
vt 0.612245 0.714286
vt 0.632653 0.714286
vt 0.653061 0.714286
vt 0.673469 0.714286
vt 0.693878 0.714286
vt 0.714286 0.714286
vt 0.734694 0.714286
vt 0.755102 0.714286
vt 0.775510 0.714286
vt 0.795918 0.714286
vt 0.816326 0.714286
vt 0.836735 0.714286
vt 0.857143 0.714286
vt 0.877551 0.714286
vt 0.897959 0.714286
vt 0.918367 0.714286
vt 0.938775 0.714286
vt 0.959184 0.714286
vt 0.979592 0.714286
vt 1.000000 0.714286
vt 0.020408 0.734694
vt 0.000000 0.734694
vt 0.040816 0.734694
vt 0.061224 0.734694
vt 0.081633 0.734694
vt 0.102041 0.734694
vt 0.122449 0.734694
vt 0.142857 0.734694
vt 0.163265 0.734694
vt 0.183673 0.734694
vt 0.204082 0.734694
vt 0.224490 0.734694
vt 0.244898 0.734694
vt 0.265306 0.734694
vt 0.285714 0.734694
vt 0.306122 0.734694
vt 0.326531 0.734694
vt 0.346939 0.734694
vt 0.367347 0.734694
vt 0.387755 0.734694
vt 0.408163 0.734694
vt 0.428571 0.734694
vt 0.448980 0.734694
vt 0.469388 0.734694
vt 0.489796 0.734694
vt 0.510204 0.734694
vt 0.530612 0.734694
vt 0.551020 0.734694
vt 0.571429 0.734694
vt 0.591837 0.734694
vt 0.612245 0.734694
vt 0.632653 0.734694
vt 0.653061 0.734694
vt 0.673469 0.734694
vt 0.693878 0.734694
vt 0.714286 0.734694
vt 0.734694 0.734694
vt 0.755102 0.734694
vt 0.775510 0.734694
vt 0.795918 0.734694
vt 0.816326 0.734694
vt 0.836735 0.734694
vt 0.857143 0.734694
vt 0.877551 0.734694
vt 0.897959 0.734694
vt 0.918367 0.734694
vt 0.938775 0.734694
vt 0.959184 0.734694
vt 0.979592 0.734694
vt 1.000000 0.734694
vt 0.020408 0.755102
vt 0.000000 0.755102
vt 0.040816 0.755102
vt 0.061224 0.755102
vt 0.081633 0.755102
vt 0.102041 0.755102
vt 0.122449 0.755102
vt 0.142857 0.755102
vt 0.163265 0.755102
vt 0.183673 0.755102
vt 0.204082 0.755102
vt 0.224490 0.755102
vt 0.244898 0.755102
vt 0.265306 0.755102
vt 0.285714 0.755102
vt 0.306122 0.755102
vt 0.326531 0.755102
vt 0.346939 0.755102
vt 0.367347 0.755102
vt 0.387755 0.755102
vt 0.408163 0.755102
vt 0.428571 0.755102
vt 0.448980 0.755102
vt 0.469388 0.755102
vt 0.489796 0.755102
vt 0.510204 0.755102
vt 0.530612 0.755102
vt 0.551020 0.755102
vt 0.571429 0.755102
vt 0.591837 0.755102
vt 0.612245 0.755102
vt 0.632653 0.755102
vt 0.653061 0.755102
vt 0.673469 0.755102
vt 0.693878 0.755102
vt 0.714286 0.755102
vt 0.734694 0.755102
vt 0.755102 0.755102
vt 0.775510 0.755102
vt 0.795918 0.755102
vt 0.816326 0.755102
vt 0.836735 0.755102
vt 0.857143 0.755102
vt 0.877551 0.755102
vt 0.897959 0.755102
vt 0.918367 0.755102
vt 0.938775 0.755102
vt 0.959184 0.755102
vt 0.979592 0.755102
vt 1.000000 0.755102
vt 0.020408 0.775510
vt 0.000000 0.775510
vt 0.040816 0.775510
vt 0.061224 0.775510
vt 0.081633 0.775510
vt 0.102041 0.775510
vt 0.122449 0.775510
vt 0.142857 0.775510
vt 0.163265 0.775510
vt 0.183673 0.775510
vt 0.204082 0.775510
vt 0.224490 0.775510
vt 0.244898 0.775510
vt 0.265306 0.775510
vt 0.285714 0.775510
vt 0.306122 0.775510
vt 0.326531 0.775510
vt 0.346939 0.775510
vt 0.367347 0.775510
vt 0.387755 0.775510
vt 0.408163 0.775510
vt 0.428571 0.775510
vt 0.448980 0.775510
vt 0.469388 0.775510
vt 0.489796 0.775510
vt 0.510204 0.775510
vt 0.530612 0.775510
vt 0.551020 0.775510
vt 0.571429 0.775510
vt 0.591837 0.775510
vt 0.612245 0.775510
vt 0.632653 0.775510
vt 0.653061 0.775510
vt 0.673469 0.775510
vt 0.693878 0.775510
vt 0.714286 0.775510
vt 0.734694 0.775510
vt 0.755102 0.775510
vt 0.775510 0.775510
vt 0.795918 0.775510
vt 0.816326 0.775510
vt 0.836735 0.775510
vt 0.857143 0.775510
vt 0.877551 0.775510
vt 0.897959 0.775510
vt 0.918367 0.775510
vt 0.938775 0.775510
vt 0.959184 0.775510
vt 0.979592 0.775510
vt 1.000000 0.775510
vt 0.020408 0.795918
vt 0.000000 0.795918
vt 0.040816 0.795918
vt 0.061224 0.795918
vt 0.081633 0.795918
vt 0.102041 0.795918
vt 0.122449 0.795918
vt 0.142857 0.795918
vt 0.163265 0.795918
vt 0.183673 0.795918
vt 0.204082 0.795918
vt 0.224490 0.795918
vt 0.244898 0.795918
vt 0.265306 0.795918
vt 0.285714 0.795918
vt 0.306122 0.795918
vt 0.326531 0.795918
vt 0.346939 0.795918
vt 0.367347 0.795918
vt 0.387755 0.795918
vt 0.408163 0.795918
vt 0.428571 0.795918
vt 0.448980 0.795918
vt 0.469388 0.795918
vt 0.489796 0.795918
vt 0.510204 0.795918
vt 0.530612 0.795918
vt 0.551020 0.795918
vt 0.571429 0.795918
vt 0.591837 0.795918
vt 0.612245 0.795918
vt 0.632653 0.795918
vt 0.653061 0.795918
vt 0.673469 0.795918
vt 0.693878 0.795918
vt 0.714286 0.795918
vt 0.734694 0.795918
vt 0.755102 0.795918
vt 0.775510 0.795918
vt 0.795918 0.795918
vt 0.816326 0.795918
vt 0.836735 0.795918
vt 0.857143 0.795918
vt 0.877551 0.795918
vt 0.897959 0.795918
vt 0.918367 0.795918
vt 0.938775 0.795918
vt 0.959184 0.795918
vt 0.979592 0.795918
vt 1.000000 0.795918
vt 0.020408 0.816326
vt 0.000000 0.816326
vt 0.040816 0.816326
vt 0.061224 0.816326
vt 0.081633 0.816326
vt 0.102041 0.816326
vt 0.122449 0.816326
vt 0.142857 0.816326
vt 0.163265 0.816326
vt 0.183673 0.816326
vt 0.204082 0.816326
vt 0.224490 0.816326
vt 0.244898 0.816326
vt 0.265306 0.816326
vt 0.285714 0.816326
vt 0.306122 0.816326
vt 0.326531 0.816326
vt 0.346939 0.816326
vt 0.367347 0.816326
vt 0.387755 0.816326
vt 0.408163 0.816326
vt 0.428571 0.816326
vt 0.448980 0.816326
vt 0.469388 0.816326
vt 0.489796 0.816326
vt 0.510204 0.816326
vt 0.530612 0.816326
vt 0.551020 0.816326
vt 0.571429 0.816326
vt 0.591837 0.816326
vt 0.612245 0.816326
vt 0.632653 0.816326
vt 0.653061 0.816326
vt 0.673469 0.816326
vt 0.693878 0.816326
vt 0.714286 0.816326
vt 0.734694 0.816326
vt 0.755102 0.816326
vt 0.775510 0.816326
vt 0.795918 0.816326
vt 0.816326 0.816326
vt 0.836735 0.816326
vt 0.857143 0.816326
vt 0.877551 0.816326
vt 0.897959 0.816326
vt 0.918367 0.816326
vt 0.938775 0.816326
vt 0.959184 0.816326
vt 0.979592 0.816326
vt 1.000000 0.816326
vt 0.020408 0.836735
vt 0.000000 0.836735
vt 0.040816 0.836735
vt 0.061224 0.836735
vt 0.081633 0.836735
vt 0.102041 0.836735
vt 0.122449 0.836735
vt 0.142857 0.836735
vt 0.163265 0.836735
vt 0.183673 0.836735
vt 0.204082 0.836735
vt 0.224490 0.836735
vt 0.244898 0.836735
vt 0.265306 0.836735
vt 0.285714 0.836735
vt 0.306122 0.836735
vt 0.326531 0.836735
vt 0.346939 0.836735
vt 0.367347 0.836735
vt 0.387755 0.836735
vt 0.408163 0.836735
vt 0.428571 0.836735
vt 0.448980 0.836735
vt 0.469388 0.836735
vt 0.489796 0.836735
vt 0.510204 0.836735
vt 0.530612 0.836735
vt 0.551020 0.836735
vt 0.571429 0.836735
vt 0.591837 0.836735
vt 0.612245 0.836735
vt 0.632653 0.836735
vt 0.653061 0.836735
vt 0.673469 0.836735
vt 0.693878 0.836735
vt 0.714286 0.836735
vt 0.734694 0.836735
vt 0.755102 0.836735
vt 0.775510 0.836735
vt 0.795918 0.836735
vt 0.816326 0.836735
vt 0.836735 0.836735
vt 0.857143 0.836735
vt 0.877551 0.836735
vt 0.897959 0.836735
vt 0.918367 0.836735
vt 0.938775 0.836735
vt 0.959184 0.836735
vt 0.979592 0.836735
vt 1.000000 0.836735
vt 0.020408 0.857143
vt 0.000000 0.857143
vt 0.040816 0.857143
vt 0.061224 0.857143
vt 0.081633 0.857143
vt 0.102041 0.857143
vt 0.122449 0.857143
vt 0.142857 0.857143
vt 0.163265 0.857143
vt 0.183673 0.857143
vt 0.204082 0.857143
vt 0.224490 0.857143
vt 0.244898 0.857143
vt 0.265306 0.857143
vt 0.285714 0.857143
vt 0.306122 0.857143
vt 0.326531 0.857143
vt 0.346939 0.857143
vt 0.367347 0.857143
vt 0.387755 0.857143
vt 0.408163 0.857143
vt 0.428571 0.857143
vt 0.448980 0.857143
vt 0.469388 0.857143
vt 0.489796 0.857143
vt 0.510204 0.857143
vt 0.530612 0.857143
vt 0.551020 0.857143
vt 0.571429 0.857143
vt 0.591837 0.857143
vt 0.612245 0.857143
vt 0.632653 0.857143
vt 0.653061 0.857143
vt 0.673469 0.857143
vt 0.693878 0.857143
vt 0.714286 0.857143
vt 0.734694 0.857143
vt 0.755102 0.857143
vt 0.775510 0.857143
vt 0.795918 0.857143
vt 0.816326 0.857143
vt 0.836735 0.857143
vt 0.857143 0.857143
vt 0.877551 0.857143
vt 0.897959 0.857143
vt 0.918367 0.857143
vt 0.938775 0.857143
vt 0.959184 0.857143
vt 0.979592 0.857143
vt 1.000000 0.857143
vt 0.020408 0.877551
vt 0.000000 0.877551
vt 0.040816 0.877551
vt 0.061224 0.877551
vt 0.081633 0.877551
vt 0.102041 0.877551
vt 0.122449 0.877551
vt 0.142857 0.877551
vt 0.163265 0.877551
vt 0.183673 0.877551
vt 0.204082 0.877551
vt 0.224490 0.877551
vt 0.244898 0.877551
vt 0.265306 0.877551
vt 0.285714 0.877551
vt 0.306122 0.877551
vt 0.326531 0.877551
vt 0.346939 0.877551
vt 0.367347 0.877551
vt 0.387755 0.877551
vt 0.408163 0.877551
vt 0.428571 0.877551
vt 0.448980 0.877551
vt 0.469388 0.877551
vt 0.489796 0.877551
vt 0.510204 0.877551
vt 0.530612 0.877551
vt 0.551020 0.877551
vt 0.571429 0.877551
vt 0.591837 0.877551
vt 0.612245 0.877551
vt 0.632653 0.877551
vt 0.653061 0.877551
vt 0.673469 0.877551
vt 0.693878 0.877551
vt 0.714286 0.877551
vt 0.734694 0.877551
vt 0.755102 0.877551
vt 0.775510 0.877551
vt 0.795918 0.877551
vt 0.816326 0.877551
vt 0.836735 0.877551
vt 0.857143 0.877551
vt 0.877551 0.877551
vt 0.897959 0.877551
vt 0.918367 0.877551
vt 0.938775 0.877551
vt 0.959184 0.877551
vt 0.979592 0.877551
vt 1.000000 0.877551
vt 0.020408 0.897959
vt 0.000000 0.897959
vt 0.040816 0.897959
vt 0.061224 0.897959
vt 0.081633 0.897959
vt 0.102041 0.897959
vt 0.122449 0.897959
vt 0.142857 0.897959
vt 0.163265 0.897959
vt 0.183673 0.897959
vt 0.204082 0.897959
vt 0.224490 0.897959
vt 0.244898 0.897959
vt 0.265306 0.897959
vt 0.285714 0.897959
vt 0.306122 0.897959
vt 0.326531 0.897959
vt 0.346939 0.897959
vt 0.367347 0.897959
vt 0.387755 0.897959
vt 0.408163 0.897959
vt 0.428571 0.897959
vt 0.448980 0.897959
vt 0.469388 0.897959
vt 0.489796 0.897959
vt 0.510204 0.897959
vt 0.530612 0.897959
vt 0.551020 0.897959
vt 0.571429 0.897959
vt 0.591837 0.897959
vt 0.612245 0.897959
vt 0.632653 0.897959
vt 0.653061 0.897959
vt 0.673469 0.897959
vt 0.693878 0.897959
vt 0.714286 0.897959
vt 0.734694 0.897959
vt 0.755102 0.897959
vt 0.775510 0.897959
vt 0.795918 0.897959
vt 0.816326 0.897959
vt 0.836735 0.897959
vt 0.857143 0.897959
vt 0.877551 0.897959
vt 0.897959 0.897959
vt 0.918367 0.897959
vt 0.938775 0.897959
vt 0.959184 0.897959
vt 0.979592 0.897959
vt 1.000000 0.897959
vt 0.020408 0.918367
vt 0.000000 0.918367
vt 0.040816 0.918367
vt 0.061224 0.918367
vt 0.081633 0.918367
vt 0.102041 0.918367
vt 0.122449 0.918367
vt 0.142857 0.918367
vt 0.163265 0.918367
vt 0.183673 0.918367
vt 0.204082 0.918367
vt 0.224490 0.918367
vt 0.244898 0.918367
vt 0.265306 0.918367
vt 0.285714 0.918367
vt 0.306122 0.918367
vt 0.326531 0.918367
vt 0.346939 0.918367
vt 0.367347 0.918367
vt 0.387755 0.918367
vt 0.408163 0.918367
vt 0.428571 0.918367
vt 0.448980 0.918367
vt 0.469388 0.918367
vt 0.489796 0.918367
vt 0.510204 0.918367
vt 0.530612 0.918367
vt 0.551020 0.918367
vt 0.571429 0.918367
vt 0.591837 0.918367
vt 0.612245 0.918367
vt 0.632653 0.918367
vt 0.653061 0.918367
vt 0.673469 0.918367
vt 0.693878 0.918367
vt 0.714286 0.918367
vt 0.734694 0.918367
vt 0.755102 0.918367
vt 0.775510 0.918367
vt 0.795918 0.918367
vt 0.816326 0.918367
vt 0.836735 0.918367
vt 0.857143 0.918367
vt 0.877551 0.918367
vt 0.897959 0.918367
vt 0.918367 0.918367
vt 0.938775 0.918367
vt 0.959184 0.918367
vt 0.979592 0.918367
vt 1.000000 0.918367
vt 0.020408 0.938775
vt 0.000000 0.938775
vt 0.040816 0.938775
vt 0.061224 0.938775
vt 0.081633 0.938775
vt 0.102041 0.938775
vt 0.122449 0.938775
vt 0.142857 0.938775
vt 0.163265 0.938775
vt 0.183673 0.938775
vt 0.204082 0.938775
vt 0.224490 0.938775
vt 0.244898 0.938775
vt 0.265306 0.938775
vt 0.285714 0.938775
vt 0.306122 0.938775
vt 0.326531 0.938775
vt 0.346939 0.938775
vt 0.367347 0.938775
vt 0.387755 0.938775
vt 0.408163 0.938775
vt 0.428571 0.938775
vt 0.448980 0.938775
vt 0.469388 0.938775
vt 0.489796 0.938775
vt 0.510204 0.938775
vt 0.530612 0.938775
vt 0.551020 0.938775
vt 0.571429 0.938775
vt 0.591837 0.938775
vt 0.612245 0.938775
vt 0.632653 0.938775
vt 0.653061 0.938775
vt 0.673469 0.938775
vt 0.693878 0.938775
vt 0.714286 0.938775
vt 0.734694 0.938775
vt 0.755102 0.938775
vt 0.775510 0.938775
vt 0.795918 0.938775
vt 0.816326 0.938775
vt 0.836735 0.938775
vt 0.857143 0.938775
vt 0.877551 0.938775
vt 0.897959 0.938775
vt 0.918367 0.938775
vt 0.938775 0.938775
vt 0.959184 0.938775
vt 0.979592 0.938775
vt 1.000000 0.938775
vt 0.020408 0.959184
vt 0.000000 0.959184
vt 0.040816 0.959184
vt 0.061224 0.959184
vt 0.081633 0.959184
vt 0.102041 0.959184
vt 0.122449 0.959184
vt 0.142857 0.959184
vt 0.163265 0.959184
vt 0.183673 0.959184
vt 0.204082 0.959184
vt 0.224490 0.959184
vt 0.244898 0.959184
vt 0.265306 0.959184
vt 0.285714 0.959184
vt 0.306122 0.959184
vt 0.326531 0.959184
vt 0.346939 0.959184
vt 0.367347 0.959184
vt 0.387755 0.959184
vt 0.408163 0.959184
vt 0.428571 0.959184
vt 0.448980 0.959184
vt 0.469388 0.959184
vt 0.489796 0.959184
vt 0.510204 0.959184
vt 0.530612 0.959184
vt 0.551020 0.959184
vt 0.571429 0.959184
vt 0.591837 0.959184
vt 0.612245 0.959184
vt 0.632653 0.959184
vt 0.653061 0.959184
vt 0.673469 0.959184
vt 0.693878 0.959184
vt 0.714286 0.959184
vt 0.734694 0.959184
vt 0.755102 0.959184
vt 0.775510 0.959184
vt 0.795918 0.959184
vt 0.816326 0.959184
vt 0.836735 0.959184
vt 0.857143 0.959184
vt 0.877551 0.959184
vt 0.897959 0.959184
vt 0.918367 0.959184
vt 0.938775 0.959184
vt 0.959184 0.959184
vt 0.979592 0.959184
vt 1.000000 0.959184
vt 0.020408 0.979592
vt 0.000000 0.979592
vt 0.040816 0.979592
vt 0.061224 0.979592
vt 0.081633 0.979592
vt 0.102041 0.979592
vt 0.122449 0.979592
vt 0.142857 0.979592
vt 0.163265 0.979592
vt 0.183673 0.979592
vt 0.204082 0.979592
vt 0.224490 0.979592
vt 0.244898 0.979592
vt 0.265306 0.979592
vt 0.285714 0.979592
vt 0.306122 0.979592
vt 0.326531 0.979592
vt 0.346939 0.979592
vt 0.367347 0.979592
vt 0.387755 0.979592
vt 0.408163 0.979592
vt 0.428571 0.979592
vt 0.448980 0.979592
vt 0.469388 0.979592
vt 0.489796 0.979592
vt 0.510204 0.979592
vt 0.530612 0.979592
vt 0.551020 0.979592
vt 0.571429 0.979592
vt 0.591837 0.979592
vt 0.612245 0.979592
vt 0.632653 0.979592
vt 0.653061 0.979592
vt 0.673469 0.979592
vt 0.693878 0.979592
vt 0.714286 0.979592
vt 0.734694 0.979592
vt 0.755102 0.979592
vt 0.775510 0.979592
vt 0.795918 0.979592
vt 0.816326 0.979592
vt 0.836735 0.979592
vt 0.857143 0.979592
vt 0.877551 0.979592
vt 0.897959 0.979592
vt 0.918367 0.979592
vt 0.938775 0.979592
vt 0.959184 0.979592
vt 0.979592 0.979592
vt 1.000000 0.979592
vt 0.020408 1.000000
vt 0.000000 1.000000
vt 0.040816 1.000000
vt 0.061224 1.000000
vt 0.081633 1.000000
vt 0.102041 1.000000
vt 0.122449 1.000000
vt 0.142857 1.000000
vt 0.163265 1.000000
vt 0.183673 1.000000
vt 0.204082 1.000000
vt 0.224490 1.000000
vt 0.244898 1.000000
vt 0.265306 1.000000
vt 0.285714 1.000000
vt 0.306122 1.000000
vt 0.326531 1.000000
vt 0.346939 1.000000
vt 0.367347 1.000000
vt 0.387755 1.000000
vt 0.408163 1.000000
vt 0.428571 1.000000
vt 0.448980 1.000000
vt 0.469388 1.000000
vt 0.489796 1.000000
vt 0.510204 1.000000
vt 0.530612 1.000000
vt 0.551020 1.000000
vt 0.571429 1.000000
vt 0.591837 1.000000
vt 0.612245 1.000000
vt 0.632653 1.000000
vt 0.653061 1.000000
vt 0.673469 1.000000
vt 0.693878 1.000000
vt 0.714286 1.000000
vt 0.734694 1.000000
vt 0.755102 1.000000
vt 0.775510 1.000000
vt 0.795918 1.000000
vt 0.816326 1.000000
vt 0.836735 1.000000
vt 0.857143 1.000000
vt 0.877551 1.000000
vt 0.897959 1.000000
vt 0.918367 1.000000
vt 0.938775 1.000000
vt 0.959184 1.000000
vt 0.979592 1.000000
vt 1.000000 1.000000
s 1
f 1/1/1 2/2/2 52/3/52 51/4/51
f 2/2/2 3/5/3 53/6/53 52/3/52
f 3/5/3 4/7/4 54/8/54 53/6/53
f 4/7/4 5/9/5 55/10/55 54/8/54
f 5/9/5 6/11/6 56/12/56 55/10/55
f 6/11/6 7/13/7 57/14/57 56/12/56
f 7/13/7 8/15/8 58/16/58 57/14/57
f 8/15/8 9/17/9 59/18/59 58/16/58
f 9/17/9 10/19/10 60/20/60 59/18/59
f 10/19/10 11/21/11 61/22/61 60/20/60
f 11/21/11 12/23/12 62/24/62 61/22/61
f 12/23/12 13/25/13 63/26/63 62/24/62
f 13/25/13 14/27/14 64/28/64 63/26/63
f 14/27/14 15/29/15 65/30/65 64/28/64
f 15/29/15 16/31/16 66/32/66 65/30/65
f 16/31/16 17/33/17 67/34/67 66/32/66
f 17/33/17 18/35/18 68/36/68 67/34/67
f 18/35/18 19/37/19 69/38/69 68/36/68
f 19/37/19 20/39/20 70/40/70 69/38/69
f 20/39/20 21/41/21 71/42/71 70/40/70
f 21/41/21 22/43/22 72/44/72 71/42/71
f 22/43/22 23/45/23 73/46/73 72/44/72
f 23/45/23 24/47/24 74/48/74 73/46/73
f 24/47/24 25/49/25 75/50/75 74/48/74
f 25/49/25 26/51/26 76/52/76 75/50/75
f 26/51/26 27/53/27 77/54/77 76/52/76
f 27/53/27 28/55/28 78/56/78 77/54/77
f 28/55/28 29/57/29 79/58/79 78/56/78
f 29/57/29 30/59/30 80/60/80 79/58/79
f 30/59/30 31/61/31 81/62/81 80/60/80
f 31/61/31 32/63/32 82/64/82 81/62/81
f 32/63/32 33/65/33 83/66/83 82/64/82
f 33/65/33 34/67/34 84/68/84 83/66/83
f 34/67/34 35/69/35 85/70/85 84/68/84
f 35/69/35 36/71/36 86/72/86 85/70/85
f 36/71/36 37/73/37 87/74/87 86/72/86
f 37/73/37 38/75/38 88/76/88 87/74/87
f 38/75/38 39/77/39 89/78/89 88/76/88
f 39/77/39 40/79/40 90/80/90 89/78/89
f 40/79/40 41/81/41 91/82/91 90/80/90
f 41/81/41 42/83/42 92/84/92 91/82/91
f 42/83/42 43/85/43 93/86/93 92/84/92
f 43/85/43 44/87/44 94/88/94 93/86/93
f 44/87/44 45/89/45 95/90/95 94/88/94
f 45/89/45 46/91/46 96/92/96 95/90/95
f 46/91/46 47/93/47 97/94/97 96/92/96
f 47/93/47 48/95/48 98/96/98 97/94/97
f 48/95/48 49/97/49 99/98/99 98/96/98
f 49/97/49 50/99/50 100/100/100 99/98/99
f 51/4/51 52/3/52 102/101/102 101/102/101
f 52/3/52 53/6/53 103/103/103 102/101/102
f 53/6/53 54/8/54 104/104/104 103/103/103
f 54/8/54 55/10/55 105/105/105 104/104/104
f 55/10/55 56/12/56 106/106/106 105/105/105
f 56/12/56 57/14/57 107/107/107 106/106/106
f 57/14/57 58/16/58 108/108/108 107/107/107
f 58/16/58 59/18/59 109/109/109 108/108/108
f 59/18/59 60/20/60 110/110/110 109/109/109
f 60/20/60 61/22/61 111/111/111 110/110/110
f 61/22/61 62/24/62 112/112/112 111/111/111
f 62/24/62 63/26/63 113/113/113 112/112/112
f 63/26/63 64/28/64 114/114/114 113/113/113
f 64/28/64 65/30/65 115/115/115 114/114/114
f 65/30/65 66/32/66 116/116/116 115/115/115
f 66/32/66 67/34/67 117/117/117 116/116/116
f 67/34/67 68/36/68 118/118/118 117/117/117
f 68/36/68 69/38/69 119/119/119 118/118/118
f 69/38/69 70/40/70 120/120/120 119/119/119
f 70/40/70 71/42/71 121/121/121 120/120/120
f 71/42/71 72/44/72 122/122/122 121/121/121
f 72/44/72 73/46/73 123/123/123 122/122/122
f 73/46/73 74/48/74 124/124/124 123/123/123
f 74/48/74 75/50/75 125/125/125 124/124/124
f 75/50/75 76/52/76 126/126/126 125/125/125
f 76/52/76 77/54/77 127/127/127 126/126/126
f 77/54/77 78/56/78 128/128/128 127/127/127
f 78/56/78 79/58/79 129/129/129 128/128/128
f 79/58/79 80/60/80 130/130/130 129/129/129
f 80/60/80 81/62/81 131/131/131 130/130/130
f 81/62/81 82/64/82 132/132/132 131/131/131
f 82/64/82 83/66/83 133/133/133 132/132/132
f 83/66/83 84/68/84 134/134/134 133/133/133
f 84/68/84 85/70/85 135/135/135 134/134/134
f 85/70/85 86/72/86 136/136/136 135/135/135
f 86/72/86 87/74/87 137/137/137 136/136/136
f 87/74/87 88/76/88 138/138/138 137/137/137
f 88/76/88 89/78/89 139/139/139 138/138/138
f 89/78/89 90/80/90 140/140/140 139/139/139
f 90/80/90 91/82/91 141/141/141 140/140/140
f 91/82/91 92/84/92 142/142/142 141/141/141
f 92/84/92 93/86/93 143/143/143 142/142/142
f 93/86/93 94/88/94 144/144/144 143/143/143
f 94/88/94 95/90/95 145/145/145 144/144/144
f 95/90/95 96/92/96 146/146/146 145/145/145
f 96/92/96 97/94/97 147/147/147 146/146/146
f 97/94/97 98/96/98 148/148/148 147/147/147
f 98/96/98 99/98/99 149/149/149 148/148/148
f 99/98/99 100/100/100 150/150/150 149/149/149
f 101/102/101 102/101/102 152/151/152 151/152/151
f 102/101/102 103/103/103 153/153/153 152/151/152
f 103/103/103 104/104/104 154/154/154 153/153/153
f 104/104/104 105/105/105 155/155/155 154/154/154
f 105/105/105 106/106/106 156/156/156 155/155/155
f 106/106/106 107/107/107 157/157/157 156/156/156
f 107/107/107 108/108/108 158/158/158 157/157/157
f 108/108/108 109/109/109 159/159/159 158/158/158
f 109/109/109 110/110/110 160/160/160 159/159/159
f 110/110/110 111/111/111 161/161/161 160/160/160
f 111/111/111 112/112/112 162/162/162 161/161/161
f 112/112/112 113/113/113 163/163/163 162/162/162
f 113/113/113 114/114/114 164/164/164 163/163/163
f 114/114/114 115/115/115 165/165/165 164/164/164
f 115/115/115 116/116/116 166/166/166 165/165/165
f 116/116/116 117/117/117 167/167/167 166/166/166
f 117/117/117 118/118/118 168/168/168 167/167/167
f 118/118/118 119/119/119 169/169/169 168/168/168
f 119/119/119 120/120/120 170/170/170 169/169/169
f 120/120/120 121/121/121 171/171/171 170/170/170
f 121/121/121 122/122/122 172/172/172 171/171/171
f 122/122/122 123/123/123 173/173/173 172/172/172
f 123/123/123 124/124/124 174/174/174 173/173/173
f 124/124/124 125/125/125 175/175/175 174/174/174
f 125/125/125 126/126/126 176/176/176 175/175/175
f 126/126/126 127/127/127 177/177/177 176/176/176
f 127/127/127 128/128/128 178/178/178 177/177/177
f 128/128/128 129/129/129 179/179/179 178/178/178
f 129/129/129 130/130/130 180/180/180 179/179/179
f 130/130/130 131/131/131 181/181/181 180/180/180
f 131/131/131 132/132/132 182/182/182 181/181/181
f 132/132/132 133/133/133 183/183/183 182/182/182
f 133/133/133 134/134/134 184/184/184 183/183/183
f 134/134/134 135/135/135 185/185/185 184/184/184
f 135/135/135 136/136/136 186/186/186 185/185/185
f 136/136/136 137/137/137 187/187/187 186/186/186
f 137/137/137 138/138/138 188/188/188 187/187/187
f 138/138/138 139/139/139 189/189/189 188/188/188
f 139/139/139 140/140/140 190/190/190 189/189/189
f 140/140/140 141/141/141 191/191/191 190/190/190
f 141/141/141 142/142/142 192/192/192 191/191/191
f 142/142/142 143/143/143 193/193/193 192/192/192
f 143/143/143 144/144/144 194/194/194 193/193/193
f 144/144/144 145/145/145 195/195/195 194/194/194
f 145/145/145 146/146/146 196/196/196 195/195/195
f 146/146/146 147/147/147 197/197/197 196/196/196
f 147/147/147 148/148/148 198/198/198 197/197/197
f 148/148/148 149/149/149 199/199/199 198/198/198
f 149/149/149 150/150/150 200/200/200 199/199/199
f 151/152/151 152/151/152 202/201/202 201/202/201
f 152/151/152 153/153/153 203/203/203 202/201/202
f 153/153/153 154/154/154 204/204/204 203/203/203
f 154/154/154 155/155/155 205/205/205 204/204/204
f 155/155/155 156/156/156 206/206/206 205/205/205
f 156/156/156 157/157/157 207/207/207 206/206/206
f 157/157/157 158/158/158 208/208/208 207/207/207
f 158/158/158 159/159/159 209/209/209 208/208/208
f 159/159/159 160/160/160 210/210/210 209/209/209
f 160/160/160 161/161/161 211/211/211 210/210/210
f 161/161/161 162/162/162 212/212/212 211/211/211
f 162/162/162 163/163/163 213/213/213 212/212/212
f 163/163/163 164/164/164 214/214/214 213/213/213
f 164/164/164 165/165/165 215/215/215 214/214/214
f 165/165/165 166/166/166 216/216/216 215/215/215
f 166/166/166 167/167/167 217/217/217 216/216/216
f 167/167/167 168/168/168 218/218/218 217/217/217
f 168/168/168 169/169/169 219/219/219 218/218/218
f 169/169/169 170/170/170 220/220/220 219/219/219
f 170/170/170 171/171/171 221/221/221 220/220/220
f 171/171/171 172/172/172 222/222/222 221/221/221
f 172/172/172 173/173/173 223/223/223 222/222/222
f 173/173/173 174/174/174 224/224/224 223/223/223
f 174/174/174 175/175/175 225/225/225 224/224/224
f 175/175/175 176/176/176 226/226/226 225/225/225
f 176/176/176 177/177/177 227/227/227 226/226/226
f 177/177/177 178/178/178 228/228/228 227/227/227
f 178/178/178 179/179/179 229/229/229 228/228/228
f 179/179/179 180/180/180 230/230/230 229/229/229
f 180/180/180 181/181/181 231/231/231 230/230/230
f 181/181/181 182/182/182 232/232/232 231/231/231
f 182/182/182 183/183/183 233/233/233 232/232/232
f 183/183/183 184/184/184 234/234/234 233/233/233
f 184/184/184 185/185/185 235/235/235 234/234/234
f 185/185/185 186/186/186 236/236/236 235/235/235
f 186/186/186 187/187/187 237/237/237 236/236/236
f 187/187/187 188/188/188 238/238/238 237/237/237
f 188/188/188 189/189/189 239/239/239 238/238/238
f 189/189/189 190/190/190 240/240/240 239/239/239
f 190/190/190 191/191/191 241/241/241 240/240/240
f 191/191/191 192/192/192 242/242/242 241/241/241
f 192/192/192 193/193/193 243/243/243 242/242/242
f 193/193/193 194/194/194 244/244/244 243/243/243
f 194/194/194 195/195/195 245/245/245 244/244/244
f 195/195/195 196/196/196 246/246/246 245/245/245
f 196/196/196 197/197/197 247/247/247 246/246/246
f 197/197/197 198/198/198 248/248/248 247/247/247
f 198/198/198 199/199/199 249/249/249 248/248/248
f 199/199/199 200/200/200 250/250/250 249/249/249
f 201/202/201 202/201/202 252/251/252 251/252/251
f 202/201/202 203/203/203 253/253/253 252/251/252
f 203/203/203 204/204/204 254/254/254 253/253/253
f 204/204/204 205/205/205 255/255/255 254/254/254
f 205/205/205 206/206/206 256/256/256 255/255/255
f 206/206/206 207/207/207 257/257/257 256/256/256
f 207/207/207 208/208/208 258/258/258 257/257/257
f 208/208/208 209/209/209 259/259/259 258/258/258
f 209/209/209 210/210/210 260/260/260 259/259/259
f 210/210/210 211/211/211 261/261/261 260/260/260
f 211/211/211 212/212/212 262/262/262 261/261/261
f 212/212/212 213/213/213 263/263/263 262/262/262
f 213/213/213 214/214/214 264/264/264 263/263/263
f 214/214/214 215/215/215 265/265/265 264/264/264
f 215/215/215 216/216/216 266/266/266 265/265/265
f 216/216/216 217/217/217 267/267/267 266/266/266
f 217/217/217 218/218/218 268/268/268 267/267/267
f 218/218/218 219/219/219 269/269/269 268/268/268
f 219/219/219 220/220/220 270/270/270 269/269/269
f 220/220/220 221/221/221 271/271/271 270/270/270
f 221/221/221 222/222/222 272/272/272 271/271/271
f 222/222/222 223/223/223 273/273/273 272/272/272
f 223/223/223 224/224/224 274/274/274 273/273/273
f 224/224/224 225/225/225 275/275/275 274/274/274
f 225/225/225 226/226/226 276/276/276 275/275/275
f 226/226/226 227/227/227 277/277/277 276/276/276
f 227/227/227 228/228/228 278/278/278 277/277/277
f 228/228/228 229/229/229 279/279/279 278/278/278
f 229/229/229 230/230/230 280/280/280 279/279/279
f 230/230/230 231/231/231 281/281/281 280/280/280
f 231/231/231 232/232/232 282/282/282 281/281/281
f 232/232/232 233/233/233 283/283/283 282/282/282
f 233/233/233 234/234/234 284/284/284 283/283/283
f 234/234/234 235/235/235 285/285/285 284/284/284
f 235/235/235 236/236/236 286/286/286 285/285/285
f 236/236/236 237/237/237 287/287/287 286/286/286
f 237/237/237 238/238/238 288/288/288 287/287/287
f 238/238/238 239/239/239 289/289/289 288/288/288
f 239/239/239 240/240/240 290/290/290 289/289/289
f 240/240/240 241/241/241 291/291/291 290/290/290
f 241/241/241 242/242/242 292/292/292 291/291/291
f 242/242/242 243/243/243 293/293/293 292/292/292
f 243/243/243 244/244/244 294/294/294 293/293/293
f 244/244/244 245/245/245 295/295/295 294/294/294
f 245/245/245 246/246/246 296/296/296 295/295/295
f 246/246/246 247/247/247 297/297/297 296/296/296
f 247/247/247 248/248/248 298/298/298 297/297/297
f 248/248/248 249/249/249 299/299/299 298/298/298
f 249/249/249 250/250/250 300/300/300 299/299/299
f 251/252/251 252/251/252 302/301/302 301/302/301
f 252/251/252 253/253/253 303/303/303 302/301/302
f 253/253/253 254/254/254 304/304/304 303/303/303
f 254/254/254 255/255/255 305/305/305 304/304/304
f 255/255/255 256/256/256 306/306/306 305/305/305
f 256/256/256 257/257/257 307/307/307 306/306/306
f 257/257/257 258/258/258 308/308/308 307/307/307
f 258/258/258 259/259/259 309/309/309 308/308/308
f 259/259/259 260/260/260 310/310/310 309/309/309
f 260/260/260 261/261/261 311/311/311 310/310/310
f 261/261/261 262/262/262 312/312/312 311/311/311
f 262/262/262 263/263/263 313/313/313 312/312/312
f 263/263/263 264/264/264 314/314/314 313/313/313
f 264/264/264 265/265/265 315/315/315 314/314/314
f 265/265/265 266/266/266 316/316/316 315/315/315
f 266/266/266 267/267/267 317/317/317 316/316/316
f 267/267/267 268/268/268 318/318/318 317/317/317
f 268/268/268 269/269/269 319/319/319 318/318/318
f 269/269/269 270/270/270 320/320/320 319/319/319
f 270/270/270 271/271/271 321/321/321 320/320/320
f 271/271/271 272/272/272 322/322/322 321/321/321
f 272/272/272 273/273/273 323/323/323 322/322/322
f 273/273/273 274/274/274 324/324/324 323/323/323
f 274/274/274 275/275/275 325/325/325 324/324/324
f 275/275/275 276/276/276 326/326/326 325/325/325
f 276/276/276 277/277/277 327/327/327 326/326/326
f 277/277/277 278/278/278 328/328/328 327/327/327
f 278/278/278 279/279/279 329/329/329 328/328/328
f 279/279/279 280/280/280 330/330/330 329/329/329
f 280/280/280 281/281/281 331/331/331 330/330/330
f 281/281/281 282/282/282 332/332/332 331/331/331
f 282/282/282 283/283/283 333/333/333 332/332/332
f 283/283/283 284/284/284 334/334/334 333/333/333
f 284/284/284 285/285/285 335/335/335 334/334/334
f 285/285/285 286/286/286 336/336/336 335/335/335
f 286/286/286 287/287/287 337/337/337 336/336/336
f 287/287/287 288/288/288 338/338/338 337/337/337
f 288/288/288 289/289/289 339/339/339 338/338/338
f 289/289/289 290/290/290 340/340/340 339/339/339
f 290/290/290 291/291/291 341/341/341 340/340/340
f 291/291/291 292/292/292 342/342/342 341/341/341
f 292/292/292 293/293/293 343/343/343 342/342/342
f 293/293/293 294/294/294 344/344/344 343/343/343
f 294/294/294 295/295/295 345/345/345 344/344/344
f 295/295/295 296/296/296 346/346/346 345/345/345
f 296/296/296 297/297/297 347/347/347 346/346/346
f 297/297/297 298/298/298 348/348/348 347/347/347
f 298/298/298 299/299/299 349/349/349 348/348/348
f 299/299/299 300/300/300 350/350/350 349/349/349
f 301/302/301 302/301/302 352/351/352 351/352/351
f 302/301/302 303/303/303 353/353/353 352/351/352
f 303/303/303 304/304/304 354/354/354 353/353/353
f 304/304/304 305/305/305 355/355/355 354/354/354
f 305/305/305 306/306/306 356/356/356 355/355/355
f 306/306/306 307/307/307 357/357/357 356/356/356
f 307/307/307 308/308/308 358/358/358 357/357/357
f 308/308/308 309/309/309 359/359/359 358/358/358
f 309/309/309 310/310/310 360/360/360 359/359/359
f 310/310/310 311/311/311 361/361/361 360/360/360
f 311/311/311 312/312/312 362/362/362 361/361/361
f 312/312/312 313/313/313 363/363/363 362/362/362
f 313/313/313 314/314/314 364/364/364 363/363/363
f 314/314/314 315/315/315 365/365/365 364/364/364
f 315/315/315 316/316/316 366/366/366 365/365/365
f 316/316/316 317/317/317 367/367/367 366/366/366
f 317/317/317 318/318/318 368/368/368 367/367/367
f 318/318/318 319/319/319 369/369/369 368/368/368
f 319/319/319 320/320/320 370/370/370 369/369/369
f 320/320/320 321/321/321 371/371/371 370/370/370
f 321/321/321 322/322/322 372/372/372 371/371/371
f 322/322/322 323/323/323 373/373/373 372/372/372
f 323/323/323 324/324/324 374/374/374 373/373/373
f 324/324/324 325/325/325 375/375/375 374/374/374
f 325/325/325 326/326/326 376/376/376 375/375/375
f 326/326/326 327/327/327 377/377/377 376/376/376
f 327/327/327 328/328/328 378/378/378 377/377/377
f 328/328/328 329/329/329 379/379/379 378/378/378
f 329/329/329 330/330/330 380/380/380 379/379/379
f 330/330/330 331/331/331 381/381/381 380/380/380
f 331/331/331 332/332/332 382/382/382 381/381/381
f 332/332/332 333/333/333 383/383/383 382/382/382
f 333/333/333 334/334/334 384/384/384 383/383/383
f 334/334/334 335/335/335 385/385/385 384/384/384
f 335/335/335 336/336/336 386/386/386 385/385/385
f 336/336/336 337/337/337 387/387/387 386/386/386
f 337/337/337 338/338/338 388/388/388 387/387/387
f 338/338/338 339/339/339 389/389/389 388/388/388
f 339/339/339 340/340/340 390/390/390 389/389/389
f 340/340/340 341/341/341 391/391/391 390/390/390
f 341/341/341 342/342/342 392/392/392 391/391/391
f 342/342/342 343/343/343 393/393/393 392/392/392
f 343/343/343 344/344/344 394/394/394 393/393/393
f 344/344/344 345/345/345 395/395/395 394/394/394
f 345/345/345 346/346/346 396/396/396 395/395/395
f 346/346/346 347/347/347 397/397/397 396/396/396
f 347/347/347 348/348/348 398/398/398 397/397/397
f 348/348/348 349/349/349 399/399/399 398/398/398
f 349/349/349 350/350/350 400/400/400 399/399/399
f 351/352/351 352/351/352 402/401/402 401/402/401
f 352/351/352 353/353/353 403/403/403 402/401/402
f 353/353/353 354/354/354 404/404/404 403/403/403
f 354/354/354 355/355/355 405/405/405 404/404/404
f 355/355/355 356/356/356 406/406/406 405/405/405
f 356/356/356 357/357/357 407/407/407 406/406/406
f 357/357/357 358/358/358 408/408/408 407/407/407
f 358/358/358 359/359/359 409/409/409 408/408/408
f 359/359/359 360/360/360 410/410/410 409/409/409
f 360/360/360 361/361/361 411/411/411 410/410/410
f 361/361/361 362/362/362 412/412/412 411/411/411
f 362/362/362 363/363/363 413/413/413 412/412/412
f 363/363/363 364/364/364 414/414/414 413/413/413
f 364/364/364 365/365/365 415/415/415 414/414/414
f 365/365/365 366/366/366 416/416/416 415/415/415
f 366/366/366 367/367/367 417/417/417 416/416/416
f 367/367/367 368/368/368 418/418/418 417/417/417
f 368/368/368 369/369/369 419/419/419 418/418/418
f 369/369/369 370/370/370 420/420/420 419/419/419
f 370/370/370 371/371/371 421/421/421 420/420/420
f 371/371/371 372/372/372 422/422/422 421/421/421
f 372/372/372 373/373/373 423/423/423 422/422/422
f 373/373/373 374/374/374 424/424/424 423/423/423
f 374/374/374 375/375/375 425/425/425 424/424/424
f 375/375/375 376/376/376 426/426/426 425/425/425
f 376/376/376 377/377/377 427/427/427 426/426/426
f 377/377/377 378/378/378 428/428/428 427/427/427
f 378/378/378 379/379/379 429/429/429 428/428/428
f 379/379/379 380/380/380 430/430/430 429/429/429
f 380/380/380 381/381/381 431/431/431 430/430/430
f 381/381/381 382/382/382 432/432/432 431/431/431
f 382/382/382 383/383/383 433/433/433 432/432/432
f 383/383/383 384/384/384 434/434/434 433/433/433
f 384/384/384 385/385/385 435/435/435 434/434/434
f 385/385/385 386/386/386 436/436/436 435/435/435
f 386/386/386 387/387/387 437/437/437 436/436/436
f 387/387/387 388/388/388 438/438/438 437/437/437
f 388/388/388 389/389/389 439/439/439 438/438/438
f 389/389/389 390/390/390 440/440/440 439/439/439
f 390/390/390 391/391/391 441/441/441 440/440/440
f 391/391/391 392/392/392 442/442/442 441/441/441
f 392/392/392 393/393/393 443/443/443 442/442/442
f 393/393/393 394/394/394 444/444/444 443/443/443
f 394/394/394 395/395/395 445/445/445 444/444/444
f 395/395/395 396/396/396 446/446/446 445/445/445
f 396/396/396 397/397/397 447/447/447 446/446/446
f 397/397/397 398/398/398 448/448/448 447/447/447
f 398/398/398 399/399/399 449/449/449 448/448/448
f 399/399/399 400/400/400 450/450/450 449/449/449
f 401/402/401 402/401/402 452/451/452 451/452/451
f 402/401/402 403/403/403 453/453/453 452/451/452
f 403/403/403 404/404/404 454/454/454 453/453/453
f 404/404/404 405/405/405 455/455/455 454/454/454
f 405/405/405 406/406/406 456/456/456 455/455/455
f 406/406/406 407/407/407 457/457/457 456/456/456
f 407/407/407 408/408/408 458/458/458 457/457/457
f 408/408/408 409/409/409 459/459/459 458/458/458
f 409/409/409 410/410/410 460/460/460 459/459/459
f 410/410/410 411/411/411 461/461/461 460/460/460
f 411/411/411 412/412/412 462/462/462 461/461/461
f 412/412/412 413/413/413 463/463/463 462/462/462
f 413/413/413 414/414/414 464/464/464 463/463/463
f 414/414/414 415/415/415 465/465/465 464/464/464
f 415/415/415 416/416/416 466/466/466 465/465/465
f 416/416/416 417/417/417 467/467/467 466/466/466
f 417/417/417 418/418/418 468/468/468 467/467/467
f 418/418/418 419/419/419 469/469/469 468/468/468
f 419/419/419 420/420/420 470/470/470 469/469/469
f 420/420/420 421/421/421 471/471/471 470/470/470
f 421/421/421 422/422/422 472/472/472 471/471/471
f 422/422/422 423/423/423 473/473/473 472/472/472
f 423/423/423 424/424/424 474/474/474 473/473/473
f 424/424/424 425/425/425 475/475/475 474/474/474
f 425/425/425 426/426/426 476/476/476 475/475/475
f 426/426/426 427/427/427 477/477/477 476/476/476
f 427/427/427 428/428/428 478/478/478 477/477/477
f 428/428/428 429/429/429 479/479/479 478/478/478
f 429/429/429 430/430/430 480/480/480 479/479/479
f 430/430/430 431/431/431 481/481/481 480/480/480
f 431/431/431 432/432/432 482/482/482 481/481/481
f 432/432/432 433/433/433 483/483/483 482/482/482
f 433/433/433 434/434/434 484/484/484 483/483/483
f 434/434/434 435/435/435 485/485/485 484/484/484
f 435/435/435 436/436/436 486/486/486 485/485/485
f 436/436/436 437/437/437 487/487/487 486/486/486
f 437/437/437 438/438/438 488/488/488 487/487/487
f 438/438/438 439/439/439 489/489/489 488/488/488
f 439/439/439 440/440/440 490/490/490 489/489/489
f 440/440/440 441/441/441 491/491/491 490/490/490
f 441/441/441 442/442/442 492/492/492 491/491/491
f 442/442/442 443/443/443 493/493/493 492/492/492
f 443/443/443 444/444/444 494/494/494 493/493/493
f 444/444/444 445/445/445 495/495/495 494/494/494
f 445/445/445 446/446/446 496/496/496 495/495/495
f 446/446/446 447/447/447 497/497/497 496/496/496
f 447/447/447 448/448/448 498/498/498 497/497/497
f 448/448/448 449/449/449 499/499/499 498/498/498
f 449/449/449 450/450/450 500/500/500 499/499/499
f 451/452/451 452/451/452 502/501/502 501/502/501
f 452/451/452 453/453/453 503/503/503 502/501/502
f 453/453/453 454/454/454 504/504/504 503/503/503
f 454/454/454 455/455/455 505/505/505 504/504/504
f 455/455/455 456/456/456 506/506/506 505/505/505
f 456/456/456 457/457/457 507/507/507 506/506/506
f 457/457/457 458/458/458 508/508/508 507/507/507
f 458/458/458 459/459/459 509/509/509 508/508/508
f 459/459/459 460/460/460 510/510/510 509/509/509
f 460/460/460 461/461/461 511/511/511 510/510/510
f 461/461/461 462/462/462 512/512/512 511/511/511
f 462/462/462 463/463/463 513/513/513 512/512/512
f 463/463/463 464/464/464 514/514/514 513/513/513
f 464/464/464 465/465/465 515/515/515 514/514/514
f 465/465/465 466/466/466 516/516/516 515/515/515
f 466/466/466 467/467/467 517/517/517 516/516/516
f 467/467/467 468/468/468 518/518/518 517/517/517
f 468/468/468 469/469/469 519/519/519 518/518/518
f 469/469/469 470/470/470 520/520/520 519/519/519
f 470/470/470 471/471/471 521/521/521 520/520/520
f 471/471/471 472/472/472 522/522/522 521/521/521
f 472/472/472 473/473/473 523/523/523 522/522/522
f 473/473/473 474/474/474 524/524/524 523/523/523
f 474/474/474 475/475/475 525/525/525 524/524/524
f 475/475/475 476/476/476 526/526/526 525/525/525
f 476/476/476 477/477/477 527/527/527 526/526/526
f 477/477/477 478/478/478 528/528/528 527/527/527
f 478/478/478 479/479/479 529/529/529 528/528/528
f 479/479/479 480/480/480 530/530/530 529/529/529
f 480/480/480 481/481/481 531/531/531 530/530/530
f 481/481/481 482/482/482 532/532/532 531/531/531
f 482/482/482 483/483/483 533/533/533 532/532/532
f 483/483/483 484/484/484 534/534/534 533/533/533
f 484/484/484 485/485/485 535/535/535 534/534/534
f 485/485/485 486/486/486 536/536/536 535/535/535
f 486/486/486 487/487/487 537/537/537 536/536/536
f 487/487/487 488/488/488 538/538/538 537/537/537
f 488/488/488 489/489/489 539/539/539 538/538/538
f 489/489/489 490/490/490 540/540/540 539/539/539
f 490/490/490 491/491/491 541/541/541 540/540/540
f 491/491/491 492/492/492 542/542/542 541/541/541
f 492/492/492 493/493/493 543/543/543 542/542/542
f 493/493/493 494/494/494 544/544/544 543/543/543
f 494/494/494 495/495/495 545/545/545 544/544/544
f 495/495/495 496/496/496 546/546/546 545/545/545
f 496/496/496 497/497/497 547/547/547 546/546/546
f 497/497/497 498/498/498 548/548/548 547/547/547
f 498/498/498 499/499/499 549/549/549 548/548/548
f 499/499/499 500/500/500 550/550/550 549/549/549
f 501/502/501 502/501/502 552/551/552 551/552/551
f 502/501/502 503/503/503 553/553/553 552/551/552
f 503/503/503 504/504/504 554/554/554 553/553/553
f 504/504/504 505/505/505 555/555/555 554/554/554
f 505/505/505 506/506/506 556/556/556 555/555/555
f 506/506/506 507/507/507 557/557/557 556/556/556
f 507/507/507 508/508/508 558/558/558 557/557/557
f 508/508/508 509/509/509 559/559/559 558/558/558
f 509/509/509 510/510/510 560/560/560 559/559/559
f 510/510/510 511/511/511 561/561/561 560/560/560
f 511/511/511 512/512/512 562/562/562 561/561/561
f 512/512/512 513/513/513 563/563/563 562/562/562
f 513/513/513 514/514/514 564/564/564 563/563/563
f 514/514/514 515/515/515 565/565/565 564/564/564
f 515/515/515 516/516/516 566/566/566 565/565/565
f 516/516/516 517/517/517 567/567/567 566/566/566
f 517/517/517 518/518/518 568/568/568 567/567/567
f 518/518/518 519/519/519 569/569/569 568/568/568
f 519/519/519 520/520/520 570/570/570 569/569/569
f 520/520/520 521/521/521 571/571/571 570/570/570
f 521/521/521 522/522/522 572/572/572 571/571/571
f 522/522/522 523/523/523 573/573/573 572/572/572
f 523/523/523 524/524/524 574/574/574 573/573/573
f 524/524/524 525/525/525 575/575/575 574/574/574
f 525/525/525 526/526/526 576/576/576 575/575/575
f 526/526/526 527/527/527 577/577/577 576/576/576
f 527/527/527 528/528/528 578/578/578 577/577/577
f 528/528/528 529/529/529 579/579/579 578/578/578
f 529/529/529 530/530/530 580/580/580 579/579/579
f 530/530/530 531/531/531 581/581/581 580/580/580
f 531/531/531 532/532/532 582/582/582 581/581/581
f 532/532/532 533/533/533 583/583/583 582/582/582
f 533/533/533 534/534/534 584/584/584 583/583/583
f 534/534/534 535/535/535 585/585/585 584/584/584
f 535/535/535 536/536/536 586/586/586 585/585/585
f 536/536/536 537/537/537 587/587/587 586/586/586
f 537/537/537 538/538/538 588/588/588 587/587/587
f 538/538/538 539/539/539 589/589/589 588/588/588
f 539/539/539 540/540/540 590/590/590 589/589/589
f 540/540/540 541/541/541 591/591/591 590/590/590
f 541/541/541 542/542/542 592/592/592 591/591/591
f 542/542/542 543/543/543 593/593/593 592/592/592
f 543/543/543 544/544/544 594/594/594 593/593/593
f 544/544/544 545/545/545 595/595/595 594/594/594
f 545/545/545 546/546/546 596/596/596 595/595/595
f 546/546/546 547/547/547 597/597/597 596/596/596
f 547/547/547 548/548/548 598/598/598 597/597/597
f 548/548/548 549/549/549 599/599/599 598/598/598
f 549/549/549 550/550/550 600/600/600 599/599/599
f 551/552/551 552/551/552 602/601/602 601/602/601
f 552/551/552 553/553/553 603/603/603 602/601/602
f 553/553/553 554/554/554 604/604/604 603/603/603
f 554/554/554 555/555/555 605/605/605 604/604/604
f 555/555/555 556/556/556 606/606/606 605/605/605
f 556/556/556 557/557/557 607/607/607 606/606/606
f 557/557/557 558/558/558 608/608/608 607/607/607
f 558/558/558 559/559/559 609/609/609 608/608/608
f 559/559/559 560/560/560 610/610/610 609/609/609
f 560/560/560 561/561/561 611/611/611 610/610/610
f 561/561/561 562/562/562 612/612/612 611/611/611
f 562/562/562 563/563/563 613/613/613 612/612/612
f 563/563/563 564/564/564 614/614/614 613/613/613
f 564/564/564 565/565/565 615/615/615 614/614/614
f 565/565/565 566/566/566 616/616/616 615/615/615
f 566/566/566 567/567/567 617/617/617 616/616/616
f 567/567/567 568/568/568 618/618/618 617/617/617
f 568/568/568 569/569/569 619/619/619 618/618/618
f 569/569/569 570/570/570 620/620/620 619/619/619
f 570/570/570 571/571/571 621/621/621 620/620/620
f 571/571/571 572/572/572 622/622/622 621/621/621
f 572/572/572 573/573/573 623/623/623 622/622/622
f 573/573/573 574/574/574 624/624/624 623/623/623
f 574/574/574 575/575/575 625/625/625 624/624/624
f 575/575/575 576/576/576 626/626/626 625/625/625
f 576/576/576 577/577/577 627/627/627 626/626/626
f 577/577/577 578/578/578 628/628/628 627/627/627
f 578/578/578 579/579/579 629/629/629 628/628/628
f 579/579/579 580/580/580 630/630/630 629/629/629
f 580/580/580 581/581/581 631/631/631 630/630/630
f 581/581/581 582/582/582 632/632/632 631/631/631
f 582/582/582 583/583/583 633/633/633 632/632/632
f 583/583/583 584/584/584 634/634/634 633/633/633
f 584/584/584 585/585/585 635/635/635 634/634/634
f 585/585/585 586/586/586 636/636/636 635/635/635
f 586/586/586 587/587/587 637/637/637 636/636/636
f 587/587/587 588/588/588 638/638/638 637/637/637
f 588/588/588 589/589/589 639/639/639 638/638/638
f 589/589/589 590/590/590 640/640/640 639/639/639
f 590/590/590 591/591/591 641/641/641 640/640/640
f 591/591/591 592/592/592 642/642/642 641/641/641
f 592/592/592 593/593/593 643/643/643 642/642/642
f 593/593/593 594/594/594 644/644/644 643/643/643
f 594/594/594 595/595/595 645/645/645 644/644/644
f 595/595/595 596/596/596 646/646/646 645/645/645
f 596/596/596 597/597/597 647/647/647 646/646/646
f 597/597/597 598/598/598 648/648/648 647/647/647
f 598/598/598 599/599/599 649/649/649 648/648/648
f 599/599/599 600/600/600 650/650/650 649/649/649
f 601/602/601 602/601/602 652/651/652 651/652/651
f 602/601/602 603/603/603 653/653/653 652/651/652
f 603/603/603 604/604/604 654/654/654 653/653/653
f 604/604/604 605/605/605 655/655/655 654/654/654
f 605/605/605 606/606/606 656/656/656 655/655/655
f 606/606/606 607/607/607 657/657/657 656/656/656
f 607/607/607 608/608/608 658/658/658 657/657/657
f 608/608/608 609/609/609 659/659/659 658/658/658
f 609/609/609 610/610/610 660/660/660 659/659/659
f 610/610/610 611/611/611 661/661/661 660/660/660
f 611/611/611 612/612/612 662/662/662 661/661/661
f 612/612/612 613/613/613 663/663/663 662/662/662
f 613/613/613 614/614/614 664/664/664 663/663/663
f 614/614/614 615/615/615 665/665/665 664/664/664
f 615/615/615 616/616/616 666/666/666 665/665/665
f 616/616/616 617/617/617 667/667/667 666/666/666
f 617/617/617 618/618/618 668/668/668 667/667/667
f 618/618/618 619/619/619 669/669/669 668/668/668
f 619/619/619 620/620/620 670/670/670 669/669/669
f 620/620/620 621/621/621 671/671/671 670/670/670
f 621/621/621 622/622/622 672/672/672 671/671/671
f 622/622/622 623/623/623 673/673/673 672/672/672
f 623/623/623 624/624/624 674/674/674 673/673/673
f 624/624/624 625/625/625 675/675/675 674/674/674
f 625/625/625 626/626/626 676/676/676 675/675/675
f 626/626/626 627/627/627 677/677/677 676/676/676
f 627/627/627 628/628/628 678/678/678 677/677/677
f 628/628/628 629/629/629 679/679/679 678/678/678
f 629/629/629 630/630/630 680/680/680 679/679/679
f 630/630/630 631/631/631 681/681/681 680/680/680
f 631/631/631 632/632/632 682/682/682 681/681/681
f 632/632/632 633/633/633 683/683/683 682/682/682
f 633/633/633 634/634/634 684/684/684 683/683/683
f 634/634/634 635/635/635 685/685/685 684/684/684
f 635/635/635 636/636/636 686/686/686 685/685/685
f 636/636/636 637/637/637 687/687/687 686/686/686
f 637/637/637 638/638/638 688/688/688 687/687/687
f 638/638/638 639/639/639 689/689/689 688/688/688
f 639/639/639 640/640/640 690/690/690 689/689/689
f 640/640/640 641/641/641 691/691/691 690/690/690
f 641/641/641 642/642/642 692/692/692 691/691/691
f 642/642/642 643/643/643 693/693/693 692/692/692
f 643/643/643 644/644/644 694/694/694 693/693/693
f 644/644/644 645/645/645 695/695/695 694/694/694
f 645/645/645 646/646/646 696/696/696 695/695/695
f 646/646/646 647/647/647 697/697/697 696/696/696
f 647/647/647 648/648/648 698/698/698 697/697/697
f 648/648/648 649/649/649 699/699/699 698/698/698
f 649/649/649 650/650/650 700/700/700 699/699/699
f 651/652/651 652/651/652 702/701/702 701/702/701
f 652/651/652 653/653/653 703/703/703 702/701/702
f 653/653/653 654/654/654 704/704/704 703/703/703
f 654/654/654 655/655/655 705/705/705 704/704/704
f 655/655/655 656/656/656 706/706/706 705/705/705
f 656/656/656 657/657/657 707/707/707 706/706/706
f 657/657/657 658/658/658 708/708/708 707/707/707
f 658/658/658 659/659/659 709/709/709 708/708/708
f 659/659/659 660/660/660 710/710/710 709/709/709
f 660/660/660 661/661/661 711/711/711 710/710/710
f 661/661/661 662/662/662 712/712/712 711/711/711
f 662/662/662 663/663/663 713/713/713 712/712/712
f 663/663/663 664/664/664 714/714/714 713/713/713
f 664/664/664 665/665/665 715/715/715 714/714/714
f 665/665/665 666/666/666 716/716/716 715/715/715
f 666/666/666 667/667/667 717/717/717 716/716/716
f 667/667/667 668/668/668 718/718/718 717/717/717
f 668/668/668 669/669/669 719/719/719 718/718/718
f 669/669/669 670/670/670 720/720/720 719/719/719
f 670/670/670 671/671/671 721/721/721 720/720/720
f 671/671/671 672/672/672 722/722/722 721/721/721
f 672/672/672 673/673/673 723/723/723 722/722/722
f 673/673/673 674/674/674 724/724/724 723/723/723
f 674/674/674 675/675/675 725/725/725 724/724/724
f 675/675/675 676/676/676 726/726/726 725/725/725
f 676/676/676 677/677/677 727/727/727 726/726/726
f 677/677/677 678/678/678 728/728/728 727/727/727
f 678/678/678 679/679/679 729/729/729 728/728/728
f 679/679/679 680/680/680 730/730/730 729/729/729
f 680/680/680 681/681/681 731/731/731 730/730/730
f 681/681/681 682/682/682 732/732/732 731/731/731
f 682/682/682 683/683/683 733/733/733 732/732/732
f 683/683/683 684/684/684 734/734/734 733/733/733
f 684/684/684 685/685/685 735/735/735 734/734/734
f 685/685/685 686/686/686 736/736/736 735/735/735
f 686/686/686 687/687/687 737/737/737 736/736/736
f 687/687/687 688/688/688 738/738/738 737/737/737
f 688/688/688 689/689/689 739/739/739 738/738/738
f 689/689/689 690/690/690 740/740/740 739/739/739
f 690/690/690 691/691/691 741/741/741 740/740/740
f 691/691/691 692/692/692 742/742/742 741/741/741
f 692/692/692 693/693/693 743/743/743 742/742/742
f 693/693/693 694/694/694 744/744/744 743/743/743
f 694/694/694 695/695/695 745/745/745 744/744/744
f 695/695/695 696/696/696 746/746/746 745/745/745
f 696/696/696 697/697/697 747/747/747 746/746/746
f 697/697/697 698/698/698 748/748/748 747/747/747
f 698/698/698 699/699/699 749/749/749 748/748/748
f 699/699/699 700/700/700 750/750/750 749/749/749
f 701/702/701 702/701/702 752/751/752 751/752/751
f 702/701/702 703/703/703 753/753/753 752/751/752
f 703/703/703 704/704/704 754/754/754 753/753/753
f 704/704/704 705/705/705 755/755/755 754/754/754
f 705/705/705 706/706/706 756/756/756 755/755/755
f 706/706/706 707/707/707 757/757/757 756/756/756
f 707/707/707 708/708/708 758/758/758 757/757/757
f 708/708/708 709/709/709 759/759/759 758/758/758
f 709/709/709 710/710/710 760/760/760 759/759/759
f 710/710/710 711/711/711 761/761/761 760/760/760
f 711/711/711 712/712/712 762/762/762 761/761/761
f 712/712/712 713/713/713 763/763/763 762/762/762
f 713/713/713 714/714/714 764/764/764 763/763/763
f 714/714/714 715/715/715 765/765/765 764/764/764
f 715/715/715 716/716/716 766/766/766 765/765/765
f 716/716/716 717/717/717 767/767/767 766/766/766
f 717/717/717 718/718/718 768/768/768 767/767/767
f 718/718/718 719/719/719 769/769/769 768/768/768
f 719/719/719 720/720/720 770/770/770 769/769/769
f 720/720/720 721/721/721 771/771/771 770/770/770
f 721/721/721 722/722/722 772/772/772 771/771/771
f 722/722/722 723/723/723 773/773/773 772/772/772
f 723/723/723 724/724/724 774/774/774 773/773/773
f 724/724/724 725/725/725 775/775/775 774/774/774
f 725/725/725 726/726/726 776/776/776 775/775/775
f 726/726/726 727/727/727 777/777/777 776/776/776
f 727/727/727 728/728/728 778/778/778 777/777/777
f 728/728/728 729/729/729 779/779/779 778/778/778
f 729/729/729 730/730/730 780/780/780 779/779/779
f 730/730/730 731/731/731 781/781/781 780/780/780
f 731/731/731 732/732/732 782/782/782 781/781/781
f 732/732/732 733/733/733 783/783/783 782/782/782
f 733/733/733 734/734/734 784/784/784 783/783/783
f 734/734/734 735/735/735 785/785/785 784/784/784
f 735/735/735 736/736/736 786/786/786 785/785/785
f 736/736/736 737/737/737 787/787/787 786/786/786
f 737/737/737 738/738/738 788/788/788 787/787/787
f 738/738/738 739/739/739 789/789/789 788/788/788
f 739/739/739 740/740/740 790/790/790 789/789/789
f 740/740/740 741/741/741 791/791/791 790/790/790
f 741/741/741 742/742/742 792/792/792 791/791/791
f 742/742/742 743/743/743 793/793/793 792/792/792
f 743/743/743 744/744/744 794/794/794 793/793/793
f 744/744/744 745/745/745 795/795/795 794/794/794
f 745/745/745 746/746/746 796/796/796 795/795/795
f 746/746/746 747/747/747 797/797/797 796/796/796
f 747/747/747 748/748/748 798/798/798 797/797/797
f 748/748/748 749/749/749 799/799/799 798/798/798
f 749/749/749 750/750/750 800/800/800 799/799/799
f 751/752/751 752/751/752 802/801/802 801/802/801
f 752/751/752 753/753/753 803/803/803 802/801/802
f 753/753/753 754/754/754 804/804/804 803/803/803
f 754/754/754 755/755/755 805/805/805 804/804/804
f 755/755/755 756/756/756 806/806/806 805/805/805
f 756/756/756 757/757/757 807/807/807 806/806/806
f 757/757/757 758/758/758 808/808/808 807/807/807
f 758/758/758 759/759/759 809/809/809 808/808/808
f 759/759/759 760/760/760 810/810/810 809/809/809
f 760/760/760 761/761/761 811/811/811 810/810/810
f 761/761/761 762/762/762 812/812/812 811/811/811
f 762/762/762 763/763/763 813/813/813 812/812/812
f 763/763/763 764/764/764 814/814/814 813/813/813
f 764/764/764 765/765/765 815/815/815 814/814/814
f 765/765/765 766/766/766 816/816/816 815/815/815
f 766/766/766 767/767/767 817/817/817 816/816/816
f 767/767/767 768/768/768 818/818/818 817/817/817
f 768/768/768 769/769/769 819/819/819 818/818/818
f 769/769/769 770/770/770 820/820/820 819/819/819
f 770/770/770 771/771/771 821/821/821 820/820/820
f 771/771/771 772/772/772 822/822/822 821/821/821
f 772/772/772 773/773/773 823/823/823 822/822/822
f 773/773/773 774/774/774 824/824/824 823/823/823
f 774/774/774 775/775/775 825/825/825 824/824/824
f 775/775/775 776/776/776 826/826/826 825/825/825
f 776/776/776 777/777/777 827/827/827 826/826/826
f 777/777/777 778/778/778 828/828/828 827/827/827
f 778/778/778 779/779/779 829/829/829 828/828/828
f 779/779/779 780/780/780 830/830/830 829/829/829
f 780/780/780 781/781/781 831/831/831 830/830/830
f 781/781/781 782/782/782 832/832/832 831/831/831
f 782/782/782 783/783/783 833/833/833 832/832/832
f 783/783/783 784/784/784 834/834/834 833/833/833
f 784/784/784 785/785/785 835/835/835 834/834/834
f 785/785/785 786/786/786 836/836/836 835/835/835
f 786/786/786 787/787/787 837/837/837 836/836/836
f 787/787/787 788/788/788 838/838/838 837/837/837
f 788/788/788 789/789/789 839/839/839 838/838/838
f 789/789/789 790/790/790 840/840/840 839/839/839
f 790/790/790 791/791/791 841/841/841 840/840/840
f 791/791/791 792/792/792 842/842/842 841/841/841
f 792/792/792 793/793/793 843/843/843 842/842/842
f 793/793/793 794/794/794 844/844/844 843/843/843
f 794/794/794 795/795/795 845/845/845 844/844/844
f 795/795/795 796/796/796 846/846/846 845/845/845
f 796/796/796 797/797/797 847/847/847 846/846/846
f 797/797/797 798/798/798 848/848/848 847/847/847
f 798/798/798 799/799/799 849/849/849 848/848/848
f 799/799/799 800/800/800 850/850/850 849/849/849
f 801/802/801 802/801/802 852/851/852 851/852/851
f 802/801/802 803/803/803 853/853/853 852/851/852
f 803/803/803 804/804/804 854/854/854 853/853/853
f 804/804/804 805/805/805 855/855/855 854/854/854
f 805/805/805 806/806/806 856/856/856 855/855/855
f 806/806/806 807/807/807 857/857/857 856/856/856
f 807/807/807 808/808/808 858/858/858 857/857/857
f 808/808/808 809/809/809 859/859/859 858/858/858
f 809/809/809 810/810/810 860/860/860 859/859/859
f 810/810/810 811/811/811 861/861/861 860/860/860
f 811/811/811 812/812/812 862/862/862 861/861/861
f 812/812/812 813/813/813 863/863/863 862/862/862
f 813/813/813 814/814/814 864/864/864 863/863/863
f 814/814/814 815/815/815 865/865/234 864/864/864
f 815/815/815 816/816/816 866/866/865 865/865/234
f 816/816/816 817/817/817 867/867/866 866/866/865
f 817/817/817 818/818/818 868/868/867 867/867/866
f 818/818/818 819/819/819 869/869/868 868/868/867
f 819/819/819 820/820/820 870/870/869 869/869/868
f 820/820/820 821/821/821 871/871/870 870/870/869
f 821/821/821 822/822/822 872/872/871 871/871/870
f 822/822/822 823/823/823 873/873/872 872/872/871
f 823/823/823 824/824/824 874/874/873 873/873/872
f 824/824/824 825/825/825 875/875/874 874/874/873
f 825/825/825 826/826/826 876/876/875 875/875/874
f 826/826/826 827/827/827 877/877/876 876/876/875
f 827/827/827 828/828/828 878/878/877 877/877/876
f 828/828/828 829/829/829 879/879/878 878/878/877
f 829/829/829 830/830/830 880/880/879 879/879/878
f 830/830/830 831/831/831 881/881/880 880/880/879
f 831/831/831 832/832/832 882/882/881 881/881/880
f 832/832/832 833/833/833 883/883/882 882/882/881
f 833/833/833 834/834/834 884/884/883 883/883/882
f 834/834/834 835/835/835 885/885/884 884/884/883
f 835/835/835 836/836/836 886/886/885 885/885/884
f 836/836/836 837/837/837 887/887/886 886/886/885
f 837/837/837 838/838/838 888/888/887 887/887/886
f 838/838/838 839/839/839 889/889/888 888/888/887
f 839/839/839 840/840/840 890/890/889 889/889/888
f 840/840/840 841/841/841 891/891/890 890/890/889
f 841/841/841 842/842/842 892/892/891 891/891/890
f 842/842/842 843/843/843 893/893/892 892/892/891
f 843/843/843 844/844/844 894/894/893 893/893/892
f 844/844/844 845/845/845 895/895/894 894/894/893
f 845/845/845 846/846/846 896/896/895 895/895/894
f 846/846/846 847/847/847 897/897/896 896/896/895
f 847/847/847 848/848/848 898/898/897 897/897/896
f 848/848/848 849/849/849 899/899/898 898/898/897
f 849/849/849 850/850/850 900/900/899 899/899/898
f 851/852/851 852/851/852 902/901/901 901/902/900
f 852/851/852 853/853/853 903/903/902 902/901/901
f 853/853/853 854/854/854 904/904/903 903/903/902
f 854/854/854 855/855/855 905/905/904 904/904/903
f 855/855/855 856/856/856 906/906/905 905/905/904
f 856/856/856 857/857/857 907/907/906 906/906/905
f 857/857/857 858/858/858 908/908/907 907/907/906
f 858/858/858 859/859/859 909/909/908 908/908/907
f 859/859/859 860/860/860 910/910/909 909/909/908
f 860/860/860 861/861/861 911/911/910 910/910/909
f 861/861/861 862/862/862 912/912/911 911/911/910
f 862/862/862 863/863/863 913/913/912 912/912/911
f 863/863/863 864/864/864 914/914/913 913/913/912
f 864/864/864 865/865/234 915/915/914 914/914/913
f 865/865/234 866/866/865 916/916/915 915/915/914
f 866/866/865 867/867/866 917/917/916 916/916/915
f 867/867/866 868/868/867 918/918/917 917/917/916
f 868/868/867 869/869/868 919/919/918 918/918/917
f 869/869/868 870/870/869 920/920/919 919/919/918
f 870/870/869 871/871/870 921/921/920 920/920/919
f 871/871/870 872/872/871 922/922/921 921/921/920
f 872/872/871 873/873/872 923/923/922 922/922/921
f 873/873/872 874/874/873 924/924/923 923/923/922
f 874/874/873 875/875/874 925/925/924 924/924/923
f 875/875/874 876/876/875 926/926/925 925/925/924
f 876/876/875 877/877/876 927/927/926 926/926/925
f 877/877/876 878/878/877 928/928/927 927/927/926
f 878/878/877 879/879/878 929/929/928 928/928/927
f 879/879/878 880/880/879 930/930/929 929/929/928
f 880/880/879 881/881/880 931/931/930 930/930/929
f 881/881/880 882/882/881 932/932/931 931/931/930
f 882/882/881 883/883/882 933/933/932 932/932/931
f 883/883/882 884/884/883 934/934/933 933/933/932
f 884/884/883 885/885/884 935/935/934 934/934/933
f 885/885/884 886/886/885 936/936/935 935/935/934
f 886/886/885 887/887/886 937/937/936 936/936/935
f 887/887/886 888/888/887 938/938/937 937/937/936
f 888/888/887 889/889/888 939/939/938 938/938/937
f 889/889/888 890/890/889 940/940/939 939/939/938
f 890/890/889 891/891/890 941/941/940 940/940/939
f 891/891/890 892/892/891 942/942/941 941/941/940
f 892/892/891 893/893/892 943/943/942 942/942/941
f 893/893/892 894/894/893 944/944/943 943/943/942
f 894/894/893 895/895/894 945/945/944 944/944/943
f 895/895/894 896/896/895 946/946/945 945/945/944
f 896/896/895 897/897/896 947/947/946 946/946/945
f 897/897/896 898/898/897 948/948/947 947/947/946
f 898/898/897 899/899/898 949/949/948 948/948/947
f 899/899/898 900/900/899 950/950/949 949/949/948
f 901/902/900 902/901/901 952/951/951 951/952/950
f 902/901/901 903/903/902 953/953/952 952/951/951
f 903/903/902 904/904/903 954/954/953 953/953/952
f 904/904/903 905/905/904 955/955/954 954/954/953
f 905/905/904 906/906/905 956/956/955 955/955/954
f 906/906/905 907/907/906 957/957/956 956/956/955
f 907/907/906 908/908/907 958/958/957 957/957/956
f 908/908/907 909/909/908 959/959/958 958/958/957
f 909/909/908 910/910/909 960/960/959 959/959/958
f 910/910/909 911/911/910 961/961/960 960/960/959
f 911/911/910 912/912/911 962/962/961 961/961/960
f 912/912/911 913/913/912 963/963/962 962/962/961
f 913/913/912 914/914/913 964/964/963 963/963/962
f 914/914/913 915/915/914 965/965/964 964/964/963
f 915/915/914 916/916/915 966/966/965 965/965/964
f 916/916/915 917/917/916 967/967/966 966/966/965
f 917/917/916 918/918/917 968/968/967 967/967/966
f 918/918/917 919/919/918 969/969/968 968/968/967
f 919/919/918 920/920/919 970/970/969 969/969/968
f 920/920/919 921/921/920 971/971/970 970/970/969
f 921/921/920 922/922/921 972/972/971 971/971/970
f 922/922/921 923/923/922 973/973/972 972/972/971
f 923/923/922 924/924/923 974/974/973 973/973/972
f 924/924/923 925/925/924 975/975/974 974/974/973
f 925/925/924 926/926/925 976/976/975 975/975/974
f 926/926/925 927/927/926 977/977/976 976/976/975
f 927/927/926 928/928/927 978/978/977 977/977/976
f 928/928/927 929/929/928 979/979/978 978/978/977
f 929/929/928 930/930/929 980/980/979 979/979/978
f 930/930/929 931/931/930 981/981/980 980/980/979
f 931/931/930 932/932/931 982/982/981 981/981/980
f 932/932/931 933/933/932 983/983/982 982/982/981
f 933/933/932 934/934/933 984/984/983 983/983/982
f 934/934/933 935/935/934 985/985/984 984/984/983
f 935/935/934 936/936/935 986/986/985 985/985/984
f 936/936/935 937/937/936 987/987/986 986/986/985
f 937/937/936 938/938/937 988/988/987 987/987/986
f 938/938/937 939/939/938 989/989/988 988/988/987
f 939/939/938 940/940/939 990/990/989 989/989/988
f 940/940/939 941/941/940 991/991/990 990/990/989
f 941/941/940 942/942/941 992/992/991 991/991/990
f 942/942/941 943/943/942 993/993/992 992/992/991
f 943/943/942 944/944/943 994/994/993 993/993/992
f 944/944/943 945/945/944 995/995/994 994/994/993
f 945/945/944 946/946/945 996/996/995 995/995/994
f 946/946/945 947/947/946 997/997/996 996/996/995
f 947/947/946 948/948/947 998/998/997 997/997/996
f 948/948/947 949/949/948 999/999/998 998/998/997
f 949/949/948 950/950/949 1000/1000/999 999/999/998
f 951/952/950 952/951/951 1002/1001/1001 1001/1002/1000
f 952/951/951 953/953/952 1003/1003/1002 1002/1001/1001
f 953/953/952 954/954/953 1004/1004/1003 1003/1003/1002
f 954/954/953 955/955/954 1005/1005/1004 1004/1004/1003
f 955/955/954 956/956/955 1006/1006/1005 1005/1005/1004
f 956/956/955 957/957/956 1007/1007/1006 1006/1006/1005
f 957/957/956 958/958/957 1008/1008/1007 1007/1007/1006
f 958/958/957 959/959/958 1009/1009/1008 1008/1008/1007
f 959/959/958 960/960/959 1010/1010/1009 1009/1009/1008
f 960/960/959 961/961/960 1011/1011/1010 1010/1010/1009
f 961/961/960 962/962/961 1012/1012/1011 1011/1011/1010
f 962/962/961 963/963/962 1013/1013/1012 1012/1012/1011
f 963/963/962 964/964/963 1014/1014/1013 1013/1013/1012
f 964/964/963 965/965/964 1015/1015/1014 1014/1014/1013
f 965/965/964 966/966/965 1016/1016/1015 1015/1015/1014
f 966/966/965 967/967/966 1017/1017/1016 1016/1016/1015
f 967/967/966 968/968/967 1018/1018/1017 1017/1017/1016
f 968/968/967 969/969/968 1019/1019/1018 1018/1018/1017
f 969/969/968 970/970/969 1020/1020/1019 1019/1019/1018
f 970/970/969 971/971/970 1021/1021/1020 1020/1020/1019
f 971/971/970 972/972/971 1022/1022/1021 1021/1021/1020
f 972/972/971 973/973/972 1023/1023/1022 1022/1022/1021
f 973/973/972 974/974/973 1024/1024/1023 1023/1023/1022
f 974/974/973 975/975/974 1025/1025/1024 1024/1024/1023
f 975/975/974 976/976/975 1026/1026/1025 1025/1025/1024
f 976/976/975 977/977/976 1027/1027/1026 1026/1026/1025
f 977/977/976 978/978/977 1028/1028/1027 1027/1027/1026
f 978/978/977 979/979/978 1029/1029/1028 1028/1028/1027
f 979/979/978 980/980/979 1030/1030/1029 1029/1029/1028
f 980/980/979 981/981/980 1031/1031/1030 1030/1030/1029
f 981/981/980 982/982/981 1032/1032/1031 1031/1031/1030
f 982/982/981 983/983/982 1033/1033/1032 1032/1032/1031
f 983/983/982 984/984/983 1034/1034/1033 1033/1033/1032
f 984/984/983 985/985/984 1035/1035/1034 1034/1034/1033
f 985/985/984 986/986/985 1036/1036/1035 1035/1035/1034
f 986/986/985 987/987/986 1037/1037/1036 1036/1036/1035
f 987/987/986 988/988/987 1038/1038/1037 1037/1037/1036
f 988/988/987 989/989/988 1039/1039/1038 1038/1038/1037
f 989/989/988 990/990/989 1040/1040/1039 1039/1039/1038
f 990/990/989 991/991/990 1041/1041/1040 1040/1040/1039
f 991/991/990 992/992/991 1042/1042/1041 1041/1041/1040
f 992/992/991 993/993/992 1043/1043/1042 1042/1042/1041
f 993/993/992 994/994/993 1044/1044/1043 1043/1043/1042
f 994/994/993 995/995/994 1045/1045/1044 1044/1044/1043
f 995/995/994 996/996/995 1046/1046/1045 1045/1045/1044
f 996/996/995 997/997/996 1047/1047/1046 1046/1046/1045
f 997/997/996 998/998/997 1048/1048/1047 1047/1047/1046
f 998/998/997 999/999/998 1049/1049/1048 1048/1048/1047
f 999/999/998 1000/1000/999 1050/1050/1049 1049/1049/1048
f 1001/1002/1000 1002/1001/1001 1052/1051/1051 1051/1052/1050
f 1002/1001/1001 1003/1003/1002 1053/1053/1052 1052/1051/1051
f 1003/1003/1002 1004/1004/1003 1054/1054/1053 1053/1053/1052
f 1004/1004/1003 1005/1005/1004 1055/1055/1054 1054/1054/1053
f 1005/1005/1004 1006/1006/1005 1056/1056/1055 1055/1055/1054
f 1006/1006/1005 1007/1007/1006 1057/1057/1056 1056/1056/1055
f 1007/1007/1006 1008/1008/1007 1058/1058/1057 1057/1057/1056
f 1008/1008/1007 1009/1009/1008 1059/1059/1058 1058/1058/1057
f 1009/1009/1008 1010/1010/1009 1060/1060/1059 1059/1059/1058
f 1010/1010/1009 1011/1011/1010 1061/1061/1060 1060/1060/1059
f 1011/1011/1010 1012/1012/1011 1062/1062/1061 1061/1061/1060
f 1012/1012/1011 1013/1013/1012 1063/1063/1062 1062/1062/1061
f 1013/1013/1012 1014/1014/1013 1064/1064/1063 1063/1063/1062
f 1014/1014/1013 1015/1015/1014 1065/1065/1064 1064/1064/1063
f 1015/1015/1014 1016/1016/1015 1066/1066/1065 1065/1065/1064
f 1016/1016/1015 1017/1017/1016 1067/1067/1066 1066/1066/1065
f 1017/1017/1016 1018/1018/1017 1068/1068/1067 1067/1067/1066
f 1018/1018/1017 1019/1019/1018 1069/1069/1068 1068/1068/1067
f 1019/1019/1018 1020/1020/1019 1070/1070/1069 1069/1069/1068
f 1020/1020/1019 1021/1021/1020 1071/1071/1070 1070/1070/1069
f 1021/1021/1020 1022/1022/1021 1072/1072/1071 1071/1071/1070
f 1022/1022/1021 1023/1023/1022 1073/1073/1072 1072/1072/1071
f 1023/1023/1022 1024/1024/1023 1074/1074/1073 1073/1073/1072
f 1024/1024/1023 1025/1025/1024 1075/1075/1074 1074/1074/1073
f 1025/1025/1024 1026/1026/1025 1076/1076/1075 1075/1075/1074
f 1026/1026/1025 1027/1027/1026 1077/1077/1076 1076/1076/1075
f 1027/1027/1026 1028/1028/1027 1078/1078/1077 1077/1077/1076
f 1028/1028/1027 1029/1029/1028 1079/1079/1078 1078/1078/1077
f 1029/1029/1028 1030/1030/1029 1080/1080/1079 1079/1079/1078
f 1030/1030/1029 1031/1031/1030 1081/1081/1080 1080/1080/1079
f 1031/1031/1030 1032/1032/1031 1082/1082/1081 1081/1081/1080
f 1032/1032/1031 1033/1033/1032 1083/1083/1082 1082/1082/1081
f 1033/1033/1032 1034/1034/1033 1084/1084/1083 1083/1083/1082
f 1034/1034/1033 1035/1035/1034 1085/1085/1084 1084/1084/1083
f 1035/1035/1034 1036/1036/1035 1086/1086/1085 1085/1085/1084
f 1036/1036/1035 1037/1037/1036 1087/1087/1086 1086/1086/1085
f 1037/1037/1036 1038/1038/1037 1088/1088/1087 1087/1087/1086
f 1038/1038/1037 1039/1039/1038 1089/1089/1088 1088/1088/1087
f 1039/1039/1038 1040/1040/1039 1090/1090/1089 1089/1089/1088
f 1040/1040/1039 1041/1041/1040 1091/1091/1090 1090/1090/1089
f 1041/1041/1040 1042/1042/1041 1092/1092/1091 1091/1091/1090
f 1042/1042/1041 1043/1043/1042 1093/1093/1092 1092/1092/1091
f 1043/1043/1042 1044/1044/1043 1094/1094/1093 1093/1093/1092
f 1044/1044/1043 1045/1045/1044 1095/1095/1094 1094/1094/1093
f 1045/1045/1044 1046/1046/1045 1096/1096/1095 1095/1095/1094
f 1046/1046/1045 1047/1047/1046 1097/1097/1096 1096/1096/1095
f 1047/1047/1046 1048/1048/1047 1098/1098/1097 1097/1097/1096
f 1048/1048/1047 1049/1049/1048 1099/1099/1098 1098/1098/1097
f 1049/1049/1048 1050/1050/1049 1100/1100/1099 1099/1099/1098
f 1051/1052/1050 1052/1051/1051 1102/1101/1101 1101/1102/1100
f 1052/1051/1051 1053/1053/1052 1103/1103/1102 1102/1101/1101
f 1053/1053/1052 1054/1054/1053 1104/1104/1103 1103/1103/1102
f 1054/1054/1053 1055/1055/1054 1105/1105/1104 1104/1104/1103
f 1055/1055/1054 1056/1056/1055 1106/1106/1105 1105/1105/1104
f 1056/1056/1055 1057/1057/1056 1107/1107/1106 1106/1106/1105
f 1057/1057/1056 1058/1058/1057 1108/1108/1107 1107/1107/1106
f 1058/1058/1057 1059/1059/1058 1109/1109/1108 1108/1108/1107
f 1059/1059/1058 1060/1060/1059 1110/1110/1109 1109/1109/1108
f 1060/1060/1059 1061/1061/1060 1111/1111/1110 1110/1110/1109
f 1061/1061/1060 1062/1062/1061 1112/1112/1111 1111/1111/1110
f 1062/1062/1061 1063/1063/1062 1113/1113/1112 1112/1112/1111
f 1063/1063/1062 1064/1064/1063 1114/1114/1113 1113/1113/1112
f 1064/1064/1063 1065/1065/1064 1115/1115/1114 1114/1114/1113
f 1065/1065/1064 1066/1066/1065 1116/1116/1115 1115/1115/1114
f 1066/1066/1065 1067/1067/1066 1117/1117/1116 1116/1116/1115
f 1067/1067/1066 1068/1068/1067 1118/1118/1117 1117/1117/1116
f 1068/1068/1067 1069/1069/1068 1119/1119/1118 1118/1118/1117
f 1069/1069/1068 1070/1070/1069 1120/1120/1119 1119/1119/1118
f 1070/1070/1069 1071/1071/1070 1121/1121/1120 1120/1120/1119
f 1071/1071/1070 1072/1072/1071 1122/1122/1121 1121/1121/1120
f 1072/1072/1071 1073/1073/1072 1123/1123/1122 1122/1122/1121
f 1073/1073/1072 1074/1074/1073 1124/1124/1123 1123/1123/1122
f 1074/1074/1073 1075/1075/1074 1125/1125/1124 1124/1124/1123
f 1075/1075/1074 1076/1076/1075 1126/1126/1125 1125/1125/1124
f 1076/1076/1075 1077/1077/1076 1127/1127/1126 1126/1126/1125
f 1077/1077/1076 1078/1078/1077 1128/1128/1127 1127/1127/1126
f 1078/1078/1077 1079/1079/1078 1129/1129/1128 1128/1128/1127
f 1079/1079/1078 1080/1080/1079 1130/1130/1129 1129/1129/1128
f 1080/1080/1079 1081/1081/1080 1131/1131/1130 1130/1130/1129
f 1081/1081/1080 1082/1082/1081 1132/1132/1131 1131/1131/1130
f 1082/1082/1081 1083/1083/1082 1133/1133/1132 1132/1132/1131
f 1083/1083/1082 1084/1084/1083 1134/1134/1133 1133/1133/1132
f 1084/1084/1083 1085/1085/1084 1135/1135/1134 1134/1134/1133
f 1085/1085/1084 1086/1086/1085 1136/1136/1135 1135/1135/1134
f 1086/1086/1085 1087/1087/1086 1137/1137/1136 1136/1136/1135
f 1087/1087/1086 1088/1088/1087 1138/1138/1137 1137/1137/1136
f 1088/1088/1087 1089/1089/1088 1139/1139/1138 1138/1138/1137
f 1089/1089/1088 1090/1090/1089 1140/1140/1139 1139/1139/1138
f 1090/1090/1089 1091/1091/1090 1141/1141/1140 1140/1140/1139
f 1091/1091/1090 1092/1092/1091 1142/1142/1141 1141/1141/1140
f 1092/1092/1091 1093/1093/1092 1143/1143/1142 1142/1142/1141
f 1093/1093/1092 1094/1094/1093 1144/1144/1143 1143/1143/1142
f 1094/1094/1093 1095/1095/1094 1145/1145/1144 1144/1144/1143
f 1095/1095/1094 1096/1096/1095 1146/1146/1145 1145/1145/1144
f 1096/1096/1095 1097/1097/1096 1147/1147/1146 1146/1146/1145
f 1097/1097/1096 1098/1098/1097 1148/1148/1147 1147/1147/1146
f 1098/1098/1097 1099/1099/1098 1149/1149/1148 1148/1148/1147
f 1099/1099/1098 1100/1100/1099 1150/1150/1149 1149/1149/1148
f 1101/1102/1100 1102/1101/1101 1152/1151/1151 1151/1152/1150
f 1102/1101/1101 1103/1103/1102 1153/1153/1152 1152/1151/1151
f 1103/1103/1102 1104/1104/1103 1154/1154/1153 1153/1153/1152
f 1104/1104/1103 1105/1105/1104 1155/1155/1154 1154/1154/1153
f 1105/1105/1104 1106/1106/1105 1156/1156/1155 1155/1155/1154
f 1106/1106/1105 1107/1107/1106 1157/1157/1156 1156/1156/1155
f 1107/1107/1106 1108/1108/1107 1158/1158/1157 1157/1157/1156
f 1108/1108/1107 1109/1109/1108 1159/1159/1158 1158/1158/1157
f 1109/1109/1108 1110/1110/1109 1160/1160/1159 1159/1159/1158
f 1110/1110/1109 1111/1111/1110 1161/1161/1160 1160/1160/1159
f 1111/1111/1110 1112/1112/1111 1162/1162/1161 1161/1161/1160
f 1112/1112/1111 1113/1113/1112 1163/1163/1162 1162/1162/1161
f 1113/1113/1112 1114/1114/1113 1164/1164/1163 1163/1163/1162
f 1114/1114/1113 1115/1115/1114 1165/1165/1164 1164/1164/1163
f 1115/1115/1114 1116/1116/1115 1166/1166/1165 1165/1165/1164
f 1116/1116/1115 1117/1117/1116 1167/1167/1166 1166/1166/1165
f 1117/1117/1116 1118/1118/1117 1168/1168/1167 1167/1167/1166
f 1118/1118/1117 1119/1119/1118 1169/1169/1168 1168/1168/1167
f 1119/1119/1118 1120/1120/1119 1170/1170/1169 1169/1169/1168
f 1120/1120/1119 1121/1121/1120 1171/1171/1170 1170/1170/1169
f 1121/1121/1120 1122/1122/1121 1172/1172/1171 1171/1171/1170
f 1122/1122/1121 1123/1123/1122 1173/1173/1172 1172/1172/1171
f 1123/1123/1122 1124/1124/1123 1174/1174/1173 1173/1173/1172
f 1124/1124/1123 1125/1125/1124 1175/1175/1174 1174/1174/1173
f 1125/1125/1124 1126/1126/1125 1176/1176/1175 1175/1175/1174
f 1126/1126/1125 1127/1127/1126 1177/1177/1176 1176/1176/1175
f 1127/1127/1126 1128/1128/1127 1178/1178/1177 1177/1177/1176
f 1128/1128/1127 1129/1129/1128 1179/1179/1178 1178/1178/1177
f 1129/1129/1128 1130/1130/1129 1180/1180/1179 1179/1179/1178
f 1130/1130/1129 1131/1131/1130 1181/1181/1180 1180/1180/1179
f 1131/1131/1130 1132/1132/1131 1182/1182/1181 1181/1181/1180
f 1132/1132/1131 1133/1133/1132 1183/1183/1182 1182/1182/1181
f 1133/1133/1132 1134/1134/1133 1184/1184/1183 1183/1183/1182
f 1134/1134/1133 1135/1135/1134 1185/1185/1184 1184/1184/1183
f 1135/1135/1134 1136/1136/1135 1186/1186/1185 1185/1185/1184
f 1136/1136/1135 1137/1137/1136 1187/1187/1186 1186/1186/1185
f 1137/1137/1136 1138/1138/1137 1188/1188/1187 1187/1187/1186
f 1138/1138/1137 1139/1139/1138 1189/1189/1188 1188/1188/1187
f 1139/1139/1138 1140/1140/1139 1190/1190/1189 1189/1189/1188
f 1140/1140/1139 1141/1141/1140 1191/1191/1190 1190/1190/1189
f 1141/1141/1140 1142/1142/1141 1192/1192/1191 1191/1191/1190
f 1142/1142/1141 1143/1143/1142 1193/1193/1192 1192/1192/1191
f 1143/1143/1142 1144/1144/1143 1194/1194/1193 1193/1193/1192
f 1144/1144/1143 1145/1145/1144 1195/1195/1194 1194/1194/1193
f 1145/1145/1144 1146/1146/1145 1196/1196/1195 1195/1195/1194
f 1146/1146/1145 1147/1147/1146 1197/1197/1196 1196/1196/1195
f 1147/1147/1146 1148/1148/1147 1198/1198/1197 1197/1197/1196
f 1148/1148/1147 1149/1149/1148 1199/1199/1198 1198/1198/1197
f 1149/1149/1148 1150/1150/1149 1200/1200/1199 1199/1199/1198
f 1151/1152/1150 1152/1151/1151 1202/1201/1201 1201/1202/1200
f 1152/1151/1151 1153/1153/1152 1203/1203/1202 1202/1201/1201
f 1153/1153/1152 1154/1154/1153 1204/1204/1203 1203/1203/1202
f 1154/1154/1153 1155/1155/1154 1205/1205/1204 1204/1204/1203
f 1155/1155/1154 1156/1156/1155 1206/1206/1205 1205/1205/1204
f 1156/1156/1155 1157/1157/1156 1207/1207/1206 1206/1206/1205
f 1157/1157/1156 1158/1158/1157 1208/1208/1207 1207/1207/1206
f 1158/1158/1157 1159/1159/1158 1209/1209/1208 1208/1208/1207
f 1159/1159/1158 1160/1160/1159 1210/1210/1209 1209/1209/1208
f 1160/1160/1159 1161/1161/1160 1211/1211/1210 1210/1210/1209
f 1161/1161/1160 1162/1162/1161 1212/1212/1211 1211/1211/1210
f 1162/1162/1161 1163/1163/1162 1213/1213/1212 1212/1212/1211
f 1163/1163/1162 1164/1164/1163 1214/1214/1213 1213/1213/1212
f 1164/1164/1163 1165/1165/1164 1215/1215/1214 1214/1214/1213
f 1165/1165/1164 1166/1166/1165 1216/1216/1215 1215/1215/1214
f 1166/1166/1165 1167/1167/1166 1217/1217/1216 1216/1216/1215
f 1167/1167/1166 1168/1168/1167 1218/1218/1217 1217/1217/1216
f 1168/1168/1167 1169/1169/1168 1219/1219/1218 1218/1218/1217
f 1169/1169/1168 1170/1170/1169 1220/1220/1219 1219/1219/1218
f 1170/1170/1169 1171/1171/1170 1221/1221/1220 1220/1220/1219
f 1171/1171/1170 1172/1172/1171 1222/1222/1221 1221/1221/1220
f 1172/1172/1171 1173/1173/1172 1223/1223/1222 1222/1222/1221
f 1173/1173/1172 1174/1174/1173 1224/1224/1223 1223/1223/1222
f 1174/1174/1173 1175/1175/1174 1225/1225/1224 1224/1224/1223
f 1175/1175/1174 1176/1176/1175 1226/1226/1225 1225/1225/1224
f 1176/1176/1175 1177/1177/1176 1227/1227/1226 1226/1226/1225
f 1177/1177/1176 1178/1178/1177 1228/1228/1227 1227/1227/1226
f 1178/1178/1177 1179/1179/1178 1229/1229/1228 1228/1228/1227
f 1179/1179/1178 1180/1180/1179 1230/1230/1229 1229/1229/1228
f 1180/1180/1179 1181/1181/1180 1231/1231/1230 1230/1230/1229
f 1181/1181/1180 1182/1182/1181 1232/1232/1231 1231/1231/1230
f 1182/1182/1181 1183/1183/1182 1233/1233/1232 1232/1232/1231
f 1183/1183/1182 1184/1184/1183 1234/1234/1233 1233/1233/1232
f 1184/1184/1183 1185/1185/1184 1235/1235/1234 1234/1234/1233
f 1185/1185/1184 1186/1186/1185 1236/1236/1235 1235/1235/1234
f 1186/1186/1185 1187/1187/1186 1237/1237/1236 1236/1236/1235
f 1187/1187/1186 1188/1188/1187 1238/1238/1237 1237/1237/1236
f 1188/1188/1187 1189/1189/1188 1239/1239/1238 1238/1238/1237
f 1189/1189/1188 1190/1190/1189 1240/1240/1239 1239/1239/1238
f 1190/1190/1189 1191/1191/1190 1241/1241/1240 1240/1240/1239
f 1191/1191/1190 1192/1192/1191 1242/1242/1241 1241/1241/1240
f 1192/1192/1191 1193/1193/1192 1243/1243/1242 1242/1242/1241
f 1193/1193/1192 1194/1194/1193 1244/1244/1243 1243/1243/1242
f 1194/1194/1193 1195/1195/1194 1245/1245/1244 1244/1244/1243
f 1195/1195/1194 1196/1196/1195 1246/1246/1245 1245/1245/1244
f 1196/1196/1195 1197/1197/1196 1247/1247/1246 1246/1246/1245
f 1197/1197/1196 1198/1198/1197 1248/1248/1247 1247/1247/1246
f 1198/1198/1197 1199/1199/1198 1249/1249/1248 1248/1248/1247
f 1199/1199/1198 1200/1200/1199 1250/1250/1249 1249/1249/1248
f 1201/1202/1200 1202/1201/1201 1252/1251/1251 1251/1252/1250
f 1202/1201/1201 1203/1203/1202 1253/1253/1252 1252/1251/1251
f 1203/1203/1202 1204/1204/1203 1254/1254/1253 1253/1253/1252
f 1204/1204/1203 1205/1205/1204 1255/1255/1254 1254/1254/1253
f 1205/1205/1204 1206/1206/1205 1256/1256/1255 1255/1255/1254
f 1206/1206/1205 1207/1207/1206 1257/1257/1256 1256/1256/1255
f 1207/1207/1206 1208/1208/1207 1258/1258/1257 1257/1257/1256
f 1208/1208/1207 1209/1209/1208 1259/1259/1258 1258/1258/1257
f 1209/1209/1208 1210/1210/1209 1260/1260/1259 1259/1259/1258
f 1210/1210/1209 1211/1211/1210 1261/1261/1260 1260/1260/1259
f 1211/1211/1210 1212/1212/1211 1262/1262/1261 1261/1261/1260
f 1212/1212/1211 1213/1213/1212 1263/1263/1262 1262/1262/1261
f 1213/1213/1212 1214/1214/1213 1264/1264/1263 1263/1263/1262
f 1214/1214/1213 1215/1215/1214 1265/1265/1264 1264/1264/1263
f 1215/1215/1214 1216/1216/1215 1266/1266/1265 1265/1265/1264
f 1216/1216/1215 1217/1217/1216 1267/1267/1266 1266/1266/1265
f 1217/1217/1216 1218/1218/1217 1268/1268/1267 1267/1267/1266
f 1218/1218/1217 1219/1219/1218 1269/1269/1268 1268/1268/1267
f 1219/1219/1218 1220/1220/1219 1270/1270/1269 1269/1269/1268
f 1220/1220/1219 1221/1221/1220 1271/1271/1270 1270/1270/1269
f 1221/1221/1220 1222/1222/1221 1272/1272/1271 1271/1271/1270
f 1222/1222/1221 1223/1223/1222 1273/1273/1272 1272/1272/1271
f 1223/1223/1222 1224/1224/1223 1274/1274/1273 1273/1273/1272
f 1224/1224/1223 1225/1225/1224 1275/1275/1274 1274/1274/1273
f 1225/1225/1224 1226/1226/1225 1276/1276/1275 1275/1275/1274
f 1226/1226/1225 1227/1227/1226 1277/1277/1276 1276/1276/1275
f 1227/1227/1226 1228/1228/1227 1278/1278/1277 1277/1277/1276
f 1228/1228/1227 1229/1229/1228 1279/1279/1278 1278/1278/1277
f 1229/1229/1228 1230/1230/1229 1280/1280/1279 1279/1279/1278
f 1230/1230/1229 1231/1231/1230 1281/1281/1280 1280/1280/1279
f 1231/1231/1230 1232/1232/1231 1282/1282/1281 1281/1281/1280
f 1232/1232/1231 1233/1233/1232 1283/1283/1282 1282/1282/1281
f 1233/1233/1232 1234/1234/1233 1284/1284/1283 1283/1283/1282
f 1234/1234/1233 1235/1235/1234 1285/1285/1284 1284/1284/1283
f 1235/1235/1234 1236/1236/1235 1286/1286/1285 1285/1285/1284
f 1236/1236/1235 1237/1237/1236 1287/1287/1286 1286/1286/1285
f 1237/1237/1236 1238/1238/1237 1288/1288/1287 1287/1287/1286
f 1238/1238/1237 1239/1239/1238 1289/1289/1288 1288/1288/1287
f 1239/1239/1238 1240/1240/1239 1290/1290/1289 1289/1289/1288
f 1240/1240/1239 1241/1241/1240 1291/1291/1290 1290/1290/1289
f 1241/1241/1240 1242/1242/1241 1292/1292/1291 1291/1291/1290
f 1242/1242/1241 1243/1243/1242 1293/1293/1292 1292/1292/1291
f 1243/1243/1242 1244/1244/1243 1294/1294/1293 1293/1293/1292
f 1244/1244/1243 1245/1245/1244 1295/1295/1294 1294/1294/1293
f 1245/1245/1244 1246/1246/1245 1296/1296/1295 1295/1295/1294
f 1246/1246/1245 1247/1247/1246 1297/1297/1296 1296/1296/1295
f 1247/1247/1246 1248/1248/1247 1298/1298/1297 1297/1297/1296
f 1248/1248/1247 1249/1249/1248 1299/1299/1298 1298/1298/1297
f 1249/1249/1248 1250/1250/1249 1300/1300/1299 1299/1299/1298
f 1251/1252/1250 1252/1251/1251 1302/1301/1301 1301/1302/1300
f 1252/1251/1251 1253/1253/1252 1303/1303/1302 1302/1301/1301
f 1253/1253/1252 1254/1254/1253 1304/1304/1303 1303/1303/1302
f 1254/1254/1253 1255/1255/1254 1305/1305/1304 1304/1304/1303
f 1255/1255/1254 1256/1256/1255 1306/1306/1305 1305/1305/1304
f 1256/1256/1255 1257/1257/1256 1307/1307/1306 1306/1306/1305
f 1257/1257/1256 1258/1258/1257 1308/1308/1307 1307/1307/1306
f 1258/1258/1257 1259/1259/1258 1309/1309/1308 1308/1308/1307
f 1259/1259/1258 1260/1260/1259 1310/1310/1309 1309/1309/1308
f 1260/1260/1259 1261/1261/1260 1311/1311/1310 1310/1310/1309
f 1261/1261/1260 1262/1262/1261 1312/1312/1311 1311/1311/1310
f 1262/1262/1261 1263/1263/1262 1313/1313/1312 1312/1312/1311
f 1263/1263/1262 1264/1264/1263 1314/1314/1313 1313/1313/1312
f 1264/1264/1263 1265/1265/1264 1315/1315/1314 1314/1314/1313
f 1265/1265/1264 1266/1266/1265 1316/1316/1315 1315/1315/1314
f 1266/1266/1265 1267/1267/1266 1317/1317/1316 1316/1316/1315
f 1267/1267/1266 1268/1268/1267 1318/1318/1317 1317/1317/1316
f 1268/1268/1267 1269/1269/1268 1319/1319/1318 1318/1318/1317
f 1269/1269/1268 1270/1270/1269 1320/1320/1319 1319/1319/1318
f 1270/1270/1269 1271/1271/1270 1321/1321/1320 1320/1320/1319
f 1271/1271/1270 1272/1272/1271 1322/1322/1321 1321/1321/1320
f 1272/1272/1271 1273/1273/1272 1323/1323/1322 1322/1322/1321
f 1273/1273/1272 1274/1274/1273 1324/1324/1323 1323/1323/1322
f 1274/1274/1273 1275/1275/1274 1325/1325/1324 1324/1324/1323
f 1275/1275/1274 1276/1276/1275 1326/1326/1325 1325/1325/1324
f 1276/1276/1275 1277/1277/1276 1327/1327/1326 1326/1326/1325
f 1277/1277/1276 1278/1278/1277 1328/1328/1327 1327/1327/1326
f 1278/1278/1277 1279/1279/1278 1329/1329/1328 1328/1328/1327
f 1279/1279/1278 1280/1280/1279 1330/1330/1329 1329/1329/1328
f 1280/1280/1279 1281/1281/1280 1331/1331/1330 1330/1330/1329
f 1281/1281/1280 1282/1282/1281 1332/1332/1331 1331/1331/1330
f 1282/1282/1281 1283/1283/1282 1333/1333/1332 1332/1332/1331
f 1283/1283/1282 1284/1284/1283 1334/1334/1333 1333/1333/1332
f 1284/1284/1283 1285/1285/1284 1335/1335/1334 1334/1334/1333
f 1285/1285/1284 1286/1286/1285 1336/1336/1335 1335/1335/1334
f 1286/1286/1285 1287/1287/1286 1337/1337/1336 1336/1336/1335
f 1287/1287/1286 1288/1288/1287 1338/1338/1337 1337/1337/1336
f 1288/1288/1287 1289/1289/1288 1339/1339/1338 1338/1338/1337
f 1289/1289/1288 1290/1290/1289 1340/1340/1339 1339/1339/1338
f 1290/1290/1289 1291/1291/1290 1341/1341/1340 1340/1340/1339
f 1291/1291/1290 1292/1292/1291 1342/1342/1341 1341/1341/1340
f 1292/1292/1291 1293/1293/1292 1343/1343/1342 1342/1342/1341
f 1293/1293/1292 1294/1294/1293 1344/1344/1343 1343/1343/1342
f 1294/1294/1293 1295/1295/1294 1345/1345/1344 1344/1344/1343
f 1295/1295/1294 1296/1296/1295 1346/1346/1345 1345/1345/1344
f 1296/1296/1295 1297/1297/1296 1347/1347/1346 1346/1346/1345
f 1297/1297/1296 1298/1298/1297 1348/1348/1347 1347/1347/1346
f 1298/1298/1297 1299/1299/1298 1349/1349/1348 1348/1348/1347
f 1299/1299/1298 1300/1300/1299 1350/1350/1349 1349/1349/1348
f 1301/1302/1300 1302/1301/1301 1352/1351/1351 1351/1352/1350
f 1302/1301/1301 1303/1303/1302 1353/1353/1352 1352/1351/1351
f 1303/1303/1302 1304/1304/1303 1354/1354/1353 1353/1353/1352
f 1304/1304/1303 1305/1305/1304 1355/1355/1354 1354/1354/1353
f 1305/1305/1304 1306/1306/1305 1356/1356/1355 1355/1355/1354
f 1306/1306/1305 1307/1307/1306 1357/1357/1356 1356/1356/1355
f 1307/1307/1306 1308/1308/1307 1358/1358/1357 1357/1357/1356
f 1308/1308/1307 1309/1309/1308 1359/1359/1358 1358/1358/1357
f 1309/1309/1308 1310/1310/1309 1360/1360/1359 1359/1359/1358
f 1310/1310/1309 1311/1311/1310 1361/1361/1360 1360/1360/1359
f 1311/1311/1310 1312/1312/1311 1362/1362/1361 1361/1361/1360
f 1312/1312/1311 1313/1313/1312 1363/1363/1362 1362/1362/1361
f 1313/1313/1312 1314/1314/1313 1364/1364/1363 1363/1363/1362
f 1314/1314/1313 1315/1315/1314 1365/1365/1364 1364/1364/1363
f 1315/1315/1314 1316/1316/1315 1366/1366/1365 1365/1365/1364
f 1316/1316/1315 1317/1317/1316 1367/1367/1366 1366/1366/1365
f 1317/1317/1316 1318/1318/1317 1368/1368/1367 1367/1367/1366
f 1318/1318/1317 1319/1319/1318 1369/1369/1368 1368/1368/1367
f 1319/1319/1318 1320/1320/1319 1370/1370/1369 1369/1369/1368
f 1320/1320/1319 1321/1321/1320 1371/1371/1370 1370/1370/1369
f 1321/1321/1320 1322/1322/1321 1372/1372/1371 1371/1371/1370
f 1322/1322/1321 1323/1323/1322 1373/1373/1372 1372/1372/1371
f 1323/1323/1322 1324/1324/1323 1374/1374/1373 1373/1373/1372
f 1324/1324/1323 1325/1325/1324 1375/1375/1374 1374/1374/1373
f 1325/1325/1324 1326/1326/1325 1376/1376/1375 1375/1375/1374
f 1326/1326/1325 1327/1327/1326 1377/1377/1376 1376/1376/1375
f 1327/1327/1326 1328/1328/1327 1378/1378/1377 1377/1377/1376
f 1328/1328/1327 1329/1329/1328 1379/1379/1378 1378/1378/1377
f 1329/1329/1328 1330/1330/1329 1380/1380/1379 1379/1379/1378
f 1330/1330/1329 1331/1331/1330 1381/1381/1380 1380/1380/1379
f 1331/1331/1330 1332/1332/1331 1382/1382/1381 1381/1381/1380
f 1332/1332/1331 1333/1333/1332 1383/1383/1382 1382/1382/1381
f 1333/1333/1332 1334/1334/1333 1384/1384/1383 1383/1383/1382
f 1334/1334/1333 1335/1335/1334 1385/1385/1384 1384/1384/1383
f 1335/1335/1334 1336/1336/1335 1386/1386/1385 1385/1385/1384
f 1336/1336/1335 1337/1337/1336 1387/1387/1386 1386/1386/1385
f 1337/1337/1336 1338/1338/1337 1388/1388/1387 1387/1387/1386
f 1338/1338/1337 1339/1339/1338 1389/1389/1388 1388/1388/1387
f 1339/1339/1338 1340/1340/1339 1390/1390/1389 1389/1389/1388
f 1340/1340/1339 1341/1341/1340 1391/1391/1390 1390/1390/1389
f 1341/1341/1340 1342/1342/1341 1392/1392/1391 1391/1391/1390
f 1342/1342/1341 1343/1343/1342 1393/1393/1392 1392/1392/1391
f 1343/1343/1342 1344/1344/1343 1394/1394/1393 1393/1393/1392
f 1344/1344/1343 1345/1345/1344 1395/1395/1394 1394/1394/1393
f 1345/1345/1344 1346/1346/1345 1396/1396/1395 1395/1395/1394
f 1346/1346/1345 1347/1347/1346 1397/1397/1396 1396/1396/1395
f 1347/1347/1346 1348/1348/1347 1398/1398/1397 1397/1397/1396
f 1348/1348/1347 1349/1349/1348 1399/1399/1398 1398/1398/1397
f 1349/1349/1348 1350/1350/1349 1400/1400/1399 1399/1399/1398
f 1351/1352/1350 1352/1351/1351 1402/1401/1401 1401/1402/1400
f 1352/1351/1351 1353/1353/1352 1403/1403/1402 1402/1401/1401
f 1353/1353/1352 1354/1354/1353 1404/1404/1403 1403/1403/1402
f 1354/1354/1353 1355/1355/1354 1405/1405/1404 1404/1404/1403
f 1355/1355/1354 1356/1356/1355 1406/1406/1405 1405/1405/1404
f 1356/1356/1355 1357/1357/1356 1407/1407/1406 1406/1406/1405
f 1357/1357/1356 1358/1358/1357 1408/1408/1407 1407/1407/1406
f 1358/1358/1357 1359/1359/1358 1409/1409/1408 1408/1408/1407
f 1359/1359/1358 1360/1360/1359 1410/1410/1409 1409/1409/1408
f 1360/1360/1359 1361/1361/1360 1411/1411/1410 1410/1410/1409
f 1361/1361/1360 1362/1362/1361 1412/1412/1411 1411/1411/1410
f 1362/1362/1361 1363/1363/1362 1413/1413/1412 1412/1412/1411
f 1363/1363/1362 1364/1364/1363 1414/1414/1413 1413/1413/1412
f 1364/1364/1363 1365/1365/1364 1415/1415/1414 1414/1414/1413
f 1365/1365/1364 1366/1366/1365 1416/1416/1415 1415/1415/1414
f 1366/1366/1365 1367/1367/1366 1417/1417/1416 1416/1416/1415
f 1367/1367/1366 1368/1368/1367 1418/1418/1417 1417/1417/1416
f 1368/1368/1367 1369/1369/1368 1419/1419/1418 1418/1418/1417
f 1369/1369/1368 1370/1370/1369 1420/1420/1419 1419/1419/1418
f 1370/1370/1369 1371/1371/1370 1421/1421/1420 1420/1420/1419
f 1371/1371/1370 1372/1372/1371 1422/1422/1421 1421/1421/1420
f 1372/1372/1371 1373/1373/1372 1423/1423/1422 1422/1422/1421
f 1373/1373/1372 1374/1374/1373 1424/1424/1423 1423/1423/1422
f 1374/1374/1373 1375/1375/1374 1425/1425/1424 1424/1424/1423
f 1375/1375/1374 1376/1376/1375 1426/1426/1425 1425/1425/1424
f 1376/1376/1375 1377/1377/1376 1427/1427/1426 1426/1426/1425
f 1377/1377/1376 1378/1378/1377 1428/1428/1427 1427/1427/1426
f 1378/1378/1377 1379/1379/1378 1429/1429/1428 1428/1428/1427
f 1379/1379/1378 1380/1380/1379 1430/1430/1429 1429/1429/1428
f 1380/1380/1379 1381/1381/1380 1431/1431/1430 1430/1430/1429
f 1381/1381/1380 1382/1382/1381 1432/1432/1431 1431/1431/1430
f 1382/1382/1381 1383/1383/1382 1433/1433/1432 1432/1432/1431
f 1383/1383/1382 1384/1384/1383 1434/1434/1433 1433/1433/1432
f 1384/1384/1383 1385/1385/1384 1435/1435/1434 1434/1434/1433
f 1385/1385/1384 1386/1386/1385 1436/1436/1435 1435/1435/1434
f 1386/1386/1385 1387/1387/1386 1437/1437/1436 1436/1436/1435
f 1387/1387/1386 1388/1388/1387 1438/1438/1437 1437/1437/1436
f 1388/1388/1387 1389/1389/1388 1439/1439/1438 1438/1438/1437
f 1389/1389/1388 1390/1390/1389 1440/1440/1439 1439/1439/1438
f 1390/1390/1389 1391/1391/1390 1441/1441/1440 1440/1440/1439
f 1391/1391/1390 1392/1392/1391 1442/1442/1441 1441/1441/1440
f 1392/1392/1391 1393/1393/1392 1443/1443/1442 1442/1442/1441
f 1393/1393/1392 1394/1394/1393 1444/1444/1443 1443/1443/1442
f 1394/1394/1393 1395/1395/1394 1445/1445/1444 1444/1444/1443
f 1395/1395/1394 1396/1396/1395 1446/1446/1445 1445/1445/1444
f 1396/1396/1395 1397/1397/1396 1447/1447/1446 1446/1446/1445
f 1397/1397/1396 1398/1398/1397 1448/1448/1447 1447/1447/1446
f 1398/1398/1397 1399/1399/1398 1449/1449/1448 1448/1448/1447
f 1399/1399/1398 1400/1400/1399 1450/1450/1449 1449/1449/1448
f 1401/1402/1400 1402/1401/1401 1452/1451/1451 1451/1452/1450
f 1402/1401/1401 1403/1403/1402 1453/1453/1452 1452/1451/1451
f 1403/1403/1402 1404/1404/1403 1454/1454/1453 1453/1453/1452
f 1404/1404/1403 1405/1405/1404 1455/1455/1454 1454/1454/1453
f 1405/1405/1404 1406/1406/1405 1456/1456/1455 1455/1455/1454
f 1406/1406/1405 1407/1407/1406 1457/1457/1456 1456/1456/1455
f 1407/1407/1406 1408/1408/1407 1458/1458/1457 1457/1457/1456
f 1408/1408/1407 1409/1409/1408 1459/1459/1458 1458/1458/1457
f 1409/1409/1408 1410/1410/1409 1460/1460/1459 1459/1459/1458
f 1410/1410/1409 1411/1411/1410 1461/1461/1460 1460/1460/1459
f 1411/1411/1410 1412/1412/1411 1462/1462/1461 1461/1461/1460
f 1412/1412/1411 1413/1413/1412 1463/1463/1462 1462/1462/1461
f 1413/1413/1412 1414/1414/1413 1464/1464/1463 1463/1463/1462
f 1414/1414/1413 1415/1415/1414 1465/1465/1464 1464/1464/1463
f 1415/1415/1414 1416/1416/1415 1466/1466/1465 1465/1465/1464
f 1416/1416/1415 1417/1417/1416 1467/1467/1466 1466/1466/1465
f 1417/1417/1416 1418/1418/1417 1468/1468/1467 1467/1467/1466
f 1418/1418/1417 1419/1419/1418 1469/1469/1468 1468/1468/1467
f 1419/1419/1418 1420/1420/1419 1470/1470/1469 1469/1469/1468
f 1420/1420/1419 1421/1421/1420 1471/1471/1470 1470/1470/1469
f 1421/1421/1420 1422/1422/1421 1472/1472/1471 1471/1471/1470
f 1422/1422/1421 1423/1423/1422 1473/1473/1472 1472/1472/1471
f 1423/1423/1422 1424/1424/1423 1474/1474/1473 1473/1473/1472
f 1424/1424/1423 1425/1425/1424 1475/1475/1474 1474/1474/1473
f 1425/1425/1424 1426/1426/1425 1476/1476/1475 1475/1475/1474
f 1426/1426/1425 1427/1427/1426 1477/1477/1476 1476/1476/1475
f 1427/1427/1426 1428/1428/1427 1478/1478/1477 1477/1477/1476
f 1428/1428/1427 1429/1429/1428 1479/1479/1478 1478/1478/1477
f 1429/1429/1428 1430/1430/1429 1480/1480/1479 1479/1479/1478
f 1430/1430/1429 1431/1431/1430 1481/1481/1480 1480/1480/1479
f 1431/1431/1430 1432/1432/1431 1482/1482/1481 1481/1481/1480
f 1432/1432/1431 1433/1433/1432 1483/1483/1482 1482/1482/1481
f 1433/1433/1432 1434/1434/1433 1484/1484/1483 1483/1483/1482
f 1434/1434/1433 1435/1435/1434 1485/1485/1484 1484/1484/1483
f 1435/1435/1434 1436/1436/1435 1486/1486/1485 1485/1485/1484
f 1436/1436/1435 1437/1437/1436 1487/1487/1486 1486/1486/1485
f 1437/1437/1436 1438/1438/1437 1488/1488/1487 1487/1487/1486
f 1438/1438/1437 1439/1439/1438 1489/1489/1488 1488/1488/1487
f 1439/1439/1438 1440/1440/1439 1490/1490/1489 1489/1489/1488
f 1440/1440/1439 1441/1441/1440 1491/1491/1490 1490/1490/1489
f 1441/1441/1440 1442/1442/1441 1492/1492/1491 1491/1491/1490
f 1442/1442/1441 1443/1443/1442 1493/1493/1492 1492/1492/1491
f 1443/1443/1442 1444/1444/1443 1494/1494/1493 1493/1493/1492
f 1444/1444/1443 1445/1445/1444 1495/1495/1494 1494/1494/1493
f 1445/1445/1444 1446/1446/1445 1496/1496/1495 1495/1495/1494
f 1446/1446/1445 1447/1447/1446 1497/1497/1496 1496/1496/1495
f 1447/1447/1446 1448/1448/1447 1498/1498/1497 1497/1497/1496
f 1448/1448/1447 1449/1449/1448 1499/1499/1498 1498/1498/1497
f 1449/1449/1448 1450/1450/1449 1500/1500/1499 1499/1499/1498
f 1451/1452/1450 1452/1451/1451 1502/1501/1501 1501/1502/1500
f 1452/1451/1451 1453/1453/1452 1503/1503/1502 1502/1501/1501
f 1453/1453/1452 1454/1454/1453 1504/1504/1503 1503/1503/1502
f 1454/1454/1453 1455/1455/1454 1505/1505/1504 1504/1504/1503
f 1455/1455/1454 1456/1456/1455 1506/1506/1505 1505/1505/1504
f 1456/1456/1455 1457/1457/1456 1507/1507/1506 1506/1506/1505
f 1457/1457/1456 1458/1458/1457 1508/1508/1507 1507/1507/1506
f 1458/1458/1457 1459/1459/1458 1509/1509/1508 1508/1508/1507
f 1459/1459/1458 1460/1460/1459 1510/1510/1509 1509/1509/1508
f 1460/1460/1459 1461/1461/1460 1511/1511/1510 1510/1510/1509
f 1461/1461/1460 1462/1462/1461 1512/1512/1511 1511/1511/1510
f 1462/1462/1461 1463/1463/1462 1513/1513/1512 1512/1512/1511
f 1463/1463/1462 1464/1464/1463 1514/1514/1513 1513/1513/1512
f 1464/1464/1463 1465/1465/1464 1515/1515/1514 1514/1514/1513
f 1465/1465/1464 1466/1466/1465 1516/1516/1515 1515/1515/1514
f 1466/1466/1465 1467/1467/1466 1517/1517/1516 1516/1516/1515
f 1467/1467/1466 1468/1468/1467 1518/1518/1517 1517/1517/1516
f 1468/1468/1467 1469/1469/1468 1519/1519/1518 1518/1518/1517
f 1469/1469/1468 1470/1470/1469 1520/1520/1519 1519/1519/1518
f 1470/1470/1469 1471/1471/1470 1521/1521/1520 1520/1520/1519
f 1471/1471/1470 1472/1472/1471 1522/1522/1521 1521/1521/1520
f 1472/1472/1471 1473/1473/1472 1523/1523/1522 1522/1522/1521
f 1473/1473/1472 1474/1474/1473 1524/1524/1523 1523/1523/1522
f 1474/1474/1473 1475/1475/1474 1525/1525/1524 1524/1524/1523
f 1475/1475/1474 1476/1476/1475 1526/1526/1525 1525/1525/1524
f 1476/1476/1475 1477/1477/1476 1527/1527/1526 1526/1526/1525
f 1477/1477/1476 1478/1478/1477 1528/1528/1527 1527/1527/1526
f 1478/1478/1477 1479/1479/1478 1529/1529/1528 1528/1528/1527
f 1479/1479/1478 1480/1480/1479 1530/1530/1529 1529/1529/1528
f 1480/1480/1479 1481/1481/1480 1531/1531/1530 1530/1530/1529
f 1481/1481/1480 1482/1482/1481 1532/1532/1531 1531/1531/1530
f 1482/1482/1481 1483/1483/1482 1533/1533/1532 1532/1532/1531
f 1483/1483/1482 1484/1484/1483 1534/1534/1533 1533/1533/1532
f 1484/1484/1483 1485/1485/1484 1535/1535/1534 1534/1534/1533
f 1485/1485/1484 1486/1486/1485 1536/1536/1535 1535/1535/1534
f 1486/1486/1485 1487/1487/1486 1537/1537/1536 1536/1536/1535
f 1487/1487/1486 1488/1488/1487 1538/1538/1537 1537/1537/1536
f 1488/1488/1487 1489/1489/1488 1539/1539/1538 1538/1538/1537
f 1489/1489/1488 1490/1490/1489 1540/1540/1539 1539/1539/1538
f 1490/1490/1489 1491/1491/1490 1541/1541/1540 1540/1540/1539
f 1491/1491/1490 1492/1492/1491 1542/1542/1541 1541/1541/1540
f 1492/1492/1491 1493/1493/1492 1543/1543/1542 1542/1542/1541
f 1493/1493/1492 1494/1494/1493 1544/1544/1543 1543/1543/1542
f 1494/1494/1493 1495/1495/1494 1545/1545/1544 1544/1544/1543
f 1495/1495/1494 1496/1496/1495 1546/1546/1545 1545/1545/1544
f 1496/1496/1495 1497/1497/1496 1547/1547/1546 1546/1546/1545
f 1497/1497/1496 1498/1498/1497 1548/1548/1547 1547/1547/1546
f 1498/1498/1497 1499/1499/1498 1549/1549/1548 1548/1548/1547
f 1499/1499/1498 1500/1500/1499 1550/1550/1549 1549/1549/1548
f 1501/1502/1500 1502/1501/1501 1552/1551/1551 1551/1552/1550
f 1502/1501/1501 1503/1503/1502 1553/1553/1552 1552/1551/1551
f 1503/1503/1502 1504/1504/1503 1554/1554/1553 1553/1553/1552
f 1504/1504/1503 1505/1505/1504 1555/1555/1554 1554/1554/1553
f 1505/1505/1504 1506/1506/1505 1556/1556/1555 1555/1555/1554
f 1506/1506/1505 1507/1507/1506 1557/1557/1556 1556/1556/1555
f 1507/1507/1506 1508/1508/1507 1558/1558/1557 1557/1557/1556
f 1508/1508/1507 1509/1509/1508 1559/1559/1558 1558/1558/1557
f 1509/1509/1508 1510/1510/1509 1560/1560/1559 1559/1559/1558
f 1510/1510/1509 1511/1511/1510 1561/1561/1560 1560/1560/1559
f 1511/1511/1510 1512/1512/1511 1562/1562/1561 1561/1561/1560
f 1512/1512/1511 1513/1513/1512 1563/1563/1562 1562/1562/1561
f 1513/1513/1512 1514/1514/1513 1564/1564/1563 1563/1563/1562
f 1514/1514/1513 1515/1515/1514 1565/1565/1564 1564/1564/1563
f 1515/1515/1514 1516/1516/1515 1566/1566/1565 1565/1565/1564
f 1516/1516/1515 1517/1517/1516 1567/1567/1566 1566/1566/1565
f 1517/1517/1516 1518/1518/1517 1568/1568/1567 1567/1567/1566
f 1518/1518/1517 1519/1519/1518 1569/1569/1568 1568/1568/1567
f 1519/1519/1518 1520/1520/1519 1570/1570/1569 1569/1569/1568
f 1520/1520/1519 1521/1521/1520 1571/1571/1570 1570/1570/1569
f 1521/1521/1520 1522/1522/1521 1572/1572/1571 1571/1571/1570
f 1522/1522/1521 1523/1523/1522 1573/1573/1572 1572/1572/1571
f 1523/1523/1522 1524/1524/1523 1574/1574/1573 1573/1573/1572
f 1524/1524/1523 1525/1525/1524 1575/1575/1574 1574/1574/1573
f 1525/1525/1524 1526/1526/1525 1576/1576/1575 1575/1575/1574
f 1526/1526/1525 1527/1527/1526 1577/1577/1576 1576/1576/1575
f 1527/1527/1526 1528/1528/1527 1578/1578/1577 1577/1577/1576
f 1528/1528/1527 1529/1529/1528 1579/1579/1578 1578/1578/1577
f 1529/1529/1528 1530/1530/1529 1580/1580/1579 1579/1579/1578
f 1530/1530/1529 1531/1531/1530 1581/1581/1580 1580/1580/1579
f 1531/1531/1530 1532/1532/1531 1582/1582/1581 1581/1581/1580
f 1532/1532/1531 1533/1533/1532 1583/1583/1582 1582/1582/1581
f 1533/1533/1532 1534/1534/1533 1584/1584/1583 1583/1583/1582
f 1534/1534/1533 1535/1535/1534 1585/1585/1584 1584/1584/1583
f 1535/1535/1534 1536/1536/1535 1586/1586/1585 1585/1585/1584
f 1536/1536/1535 1537/1537/1536 1587/1587/1586 1586/1586/1585
f 1537/1537/1536 1538/1538/1537 1588/1588/1587 1587/1587/1586
f 1538/1538/1537 1539/1539/1538 1589/1589/1588 1588/1588/1587
f 1539/1539/1538 1540/1540/1539 1590/1590/1589 1589/1589/1588
f 1540/1540/1539 1541/1541/1540 1591/1591/1590 1590/1590/1589
f 1541/1541/1540 1542/1542/1541 1592/1592/1591 1591/1591/1590
f 1542/1542/1541 1543/1543/1542 1593/1593/1592 1592/1592/1591
f 1543/1543/1542 1544/1544/1543 1594/1594/1593 1593/1593/1592
f 1544/1544/1543 1545/1545/1544 1595/1595/1594 1594/1594/1593
f 1545/1545/1544 1546/1546/1545 1596/1596/1595 1595/1595/1594
f 1546/1546/1545 1547/1547/1546 1597/1597/1596 1596/1596/1595
f 1547/1547/1546 1548/1548/1547 1598/1598/1597 1597/1597/1596
f 1548/1548/1547 1549/1549/1548 1599/1599/1598 1598/1598/1597
f 1549/1549/1548 1550/1550/1549 1600/1600/1599 1599/1599/1598
f 1551/1552/1550 1552/1551/1551 1602/1601/1601 1601/1602/1600
f 1552/1551/1551 1553/1553/1552 1603/1603/1602 1602/1601/1601
f 1553/1553/1552 1554/1554/1553 1604/1604/1603 1603/1603/1602
f 1554/1554/1553 1555/1555/1554 1605/1605/1604 1604/1604/1603
f 1555/1555/1554 1556/1556/1555 1606/1606/1605 1605/1605/1604
f 1556/1556/1555 1557/1557/1556 1607/1607/1606 1606/1606/1605
f 1557/1557/1556 1558/1558/1557 1608/1608/1607 1607/1607/1606
f 1558/1558/1557 1559/1559/1558 1609/1609/1608 1608/1608/1607
f 1559/1559/1558 1560/1560/1559 1610/1610/1609 1609/1609/1608
f 1560/1560/1559 1561/1561/1560 1611/1611/1610 1610/1610/1609
f 1561/1561/1560 1562/1562/1561 1612/1612/1611 1611/1611/1610
f 1562/1562/1561 1563/1563/1562 1613/1613/1612 1612/1612/1611
f 1563/1563/1562 1564/1564/1563 1614/1614/1613 1613/1613/1612
f 1564/1564/1563 1565/1565/1564 1615/1615/1614 1614/1614/1613
f 1565/1565/1564 1566/1566/1565 1616/1616/1615 1615/1615/1614
f 1566/1566/1565 1567/1567/1566 1617/1617/1616 1616/1616/1615
f 1567/1567/1566 1568/1568/1567 1618/1618/1617 1617/1617/1616
f 1568/1568/1567 1569/1569/1568 1619/1619/1618 1618/1618/1617
f 1569/1569/1568 1570/1570/1569 1620/1620/1619 1619/1619/1618
f 1570/1570/1569 1571/1571/1570 1621/1621/1620 1620/1620/1619
f 1571/1571/1570 1572/1572/1571 1622/1622/1621 1621/1621/1620
f 1572/1572/1571 1573/1573/1572 1623/1623/1622 1622/1622/1621
f 1573/1573/1572 1574/1574/1573 1624/1624/1623 1623/1623/1622
f 1574/1574/1573 1575/1575/1574 1625/1625/1624 1624/1624/1623
f 1575/1575/1574 1576/1576/1575 1626/1626/1625 1625/1625/1624
f 1576/1576/1575 1577/1577/1576 1627/1627/1626 1626/1626/1625
f 1577/1577/1576 1578/1578/1577 1628/1628/1627 1627/1627/1626
f 1578/1578/1577 1579/1579/1578 1629/1629/1628 1628/1628/1627
f 1579/1579/1578 1580/1580/1579 1630/1630/1629 1629/1629/1628
f 1580/1580/1579 1581/1581/1580 1631/1631/1630 1630/1630/1629
f 1581/1581/1580 1582/1582/1581 1632/1632/1631 1631/1631/1630
f 1582/1582/1581 1583/1583/1582 1633/1633/1632 1632/1632/1631
f 1583/1583/1582 1584/1584/1583 1634/1634/1633 1633/1633/1632
f 1584/1584/1583 1585/1585/1584 1635/1635/1634 1634/1634/1633
f 1585/1585/1584 1586/1586/1585 1636/1636/1635 1635/1635/1634
f 1586/1586/1585 1587/1587/1586 1637/1637/1636 1636/1636/1635
f 1587/1587/1586 1588/1588/1587 1638/1638/1637 1637/1637/1636
f 1588/1588/1587 1589/1589/1588 1639/1639/1638 1638/1638/1637
f 1589/1589/1588 1590/1590/1589 1640/1640/1639 1639/1639/1638
f 1590/1590/1589 1591/1591/1590 1641/1641/1640 1640/1640/1639
f 1591/1591/1590 1592/1592/1591 1642/1642/1641 1641/1641/1640
f 1592/1592/1591 1593/1593/1592 1643/1643/1642 1642/1642/1641
f 1593/1593/1592 1594/1594/1593 1644/1644/1643 1643/1643/1642
f 1594/1594/1593 1595/1595/1594 1645/1645/1644 1644/1644/1643
f 1595/1595/1594 1596/1596/1595 1646/1646/1645 1645/1645/1644
f 1596/1596/1595 1597/1597/1596 1647/1647/1646 1646/1646/1645
f 1597/1597/1596 1598/1598/1597 1648/1648/1647 1647/1647/1646
f 1598/1598/1597 1599/1599/1598 1649/1649/1648 1648/1648/1647
f 1599/1599/1598 1600/1600/1599 1650/1650/1649 1649/1649/1648
f 1601/1602/1600 1602/1601/1601 1652/1651/1651 1651/1652/1650
f 1602/1601/1601 1603/1603/1602 1653/1653/1652 1652/1651/1651
f 1603/1603/1602 1604/1604/1603 1654/1654/1653 1653/1653/1652
f 1604/1604/1603 1605/1605/1604 1655/1655/1654 1654/1654/1653
f 1605/1605/1604 1606/1606/1605 1656/1656/1655 1655/1655/1654
f 1606/1606/1605 1607/1607/1606 1657/1657/1656 1656/1656/1655
f 1607/1607/1606 1608/1608/1607 1658/1658/1657 1657/1657/1656
f 1608/1608/1607 1609/1609/1608 1659/1659/1658 1658/1658/1657
f 1609/1609/1608 1610/1610/1609 1660/1660/1659 1659/1659/1658
f 1610/1610/1609 1611/1611/1610 1661/1661/1660 1660/1660/1659
f 1611/1611/1610 1612/1612/1611 1662/1662/1661 1661/1661/1660
f 1612/1612/1611 1613/1613/1612 1663/1663/1662 1662/1662/1661
f 1613/1613/1612 1614/1614/1613 1664/1664/1663 1663/1663/1662
f 1614/1614/1613 1615/1615/1614 1665/1665/1664 1664/1664/1663
f 1615/1615/1614 1616/1616/1615 1666/1666/1665 1665/1665/1664
f 1616/1616/1615 1617/1617/1616 1667/1667/1666 1666/1666/1665
f 1617/1617/1616 1618/1618/1617 1668/1668/1667 1667/1667/1666
f 1618/1618/1617 1619/1619/1618 1669/1669/1668 1668/1668/1667
f 1619/1619/1618 1620/1620/1619 1670/1670/1669 1669/1669/1668
f 1620/1620/1619 1621/1621/1620 1671/1671/1670 1670/1670/1669
f 1621/1621/1620 1622/1622/1621 1672/1672/1671 1671/1671/1670
f 1622/1622/1621 1623/1623/1622 1673/1673/1672 1672/1672/1671
f 1623/1623/1622 1624/1624/1623 1674/1674/1673 1673/1673/1672
f 1624/1624/1623 1625/1625/1624 1675/1675/1674 1674/1674/1673
f 1625/1625/1624 1626/1626/1625 1676/1676/1675 1675/1675/1674
f 1626/1626/1625 1627/1627/1626 1677/1677/1676 1676/1676/1675
f 1627/1627/1626 1628/1628/1627 1678/1678/1677 1677/1677/1676
f 1628/1628/1627 1629/1629/1628 1679/1679/1678 1678/1678/1677
f 1629/1629/1628 1630/1630/1629 1680/1680/1679 1679/1679/1678
f 1630/1630/1629 1631/1631/1630 1681/1681/1680 1680/1680/1679
f 1631/1631/1630 1632/1632/1631 1682/1682/1681 1681/1681/1680
f 1632/1632/1631 1633/1633/1632 1683/1683/1682 1682/1682/1681
f 1633/1633/1632 1634/1634/1633 1684/1684/1683 1683/1683/1682
f 1634/1634/1633 1635/1635/1634 1685/1685/1684 1684/1684/1683
f 1635/1635/1634 1636/1636/1635 1686/1686/1685 1685/1685/1684
f 1636/1636/1635 1637/1637/1636 1687/1687/1686 1686/1686/1685
f 1637/1637/1636 1638/1638/1637 1688/1688/1687 1687/1687/1686
f 1638/1638/1637 1639/1639/1638 1689/1689/1688 1688/1688/1687
f 1639/1639/1638 1640/1640/1639 1690/1690/1689 1689/1689/1688
f 1640/1640/1639 1641/1641/1640 1691/1691/1690 1690/1690/1689
f 1641/1641/1640 1642/1642/1641 1692/1692/1691 1691/1691/1690
f 1642/1642/1641 1643/1643/1642 1693/1693/1692 1692/1692/1691
f 1643/1643/1642 1644/1644/1643 1694/1694/1693 1693/1693/1692
f 1644/1644/1643 1645/1645/1644 1695/1695/1694 1694/1694/1693
f 1645/1645/1644 1646/1646/1645 1696/1696/1695 1695/1695/1694
f 1646/1646/1645 1647/1647/1646 1697/1697/1696 1696/1696/1695
f 1647/1647/1646 1648/1648/1647 1698/1698/1697 1697/1697/1696
f 1648/1648/1647 1649/1649/1648 1699/1699/1698 1698/1698/1697
f 1649/1649/1648 1650/1650/1649 1700/1700/1699 1699/1699/1698
f 1651/1652/1650 1652/1651/1651 1702/1701/1701 1701/1702/1700
f 1652/1651/1651 1653/1653/1652 1703/1703/1702 1702/1701/1701
f 1653/1653/1652 1654/1654/1653 1704/1704/1703 1703/1703/1702
f 1654/1654/1653 1655/1655/1654 1705/1705/1704 1704/1704/1703
f 1655/1655/1654 1656/1656/1655 1706/1706/1705 1705/1705/1704
f 1656/1656/1655 1657/1657/1656 1707/1707/1706 1706/1706/1705
f 1657/1657/1656 1658/1658/1657 1708/1708/1707 1707/1707/1706
f 1658/1658/1657 1659/1659/1658 1709/1709/1708 1708/1708/1707
f 1659/1659/1658 1660/1660/1659 1710/1710/1709 1709/1709/1708
f 1660/1660/1659 1661/1661/1660 1711/1711/1710 1710/1710/1709
f 1661/1661/1660 1662/1662/1661 1712/1712/1711 1711/1711/1710
f 1662/1662/1661 1663/1663/1662 1713/1713/1712 1712/1712/1711
f 1663/1663/1662 1664/1664/1663 1714/1714/1713 1713/1713/1712
f 1664/1664/1663 1665/1665/1664 1715/1715/1714 1714/1714/1713
f 1665/1665/1664 1666/1666/1665 1716/1716/1715 1715/1715/1714
f 1666/1666/1665 1667/1667/1666 1717/1717/1716 1716/1716/1715
f 1667/1667/1666 1668/1668/1667 1718/1718/1717 1717/1717/1716
f 1668/1668/1667 1669/1669/1668 1719/1719/1718 1718/1718/1717
f 1669/1669/1668 1670/1670/1669 1720/1720/1719 1719/1719/1718
f 1670/1670/1669 1671/1671/1670 1721/1721/1720 1720/1720/1719
f 1671/1671/1670 1672/1672/1671 1722/1722/1721 1721/1721/1720
f 1672/1672/1671 1673/1673/1672 1723/1723/1722 1722/1722/1721
f 1673/1673/1672 1674/1674/1673 1724/1724/1723 1723/1723/1722
f 1674/1674/1673 1675/1675/1674 1725/1725/1724 1724/1724/1723
f 1675/1675/1674 1676/1676/1675 1726/1726/1725 1725/1725/1724
f 1676/1676/1675 1677/1677/1676 1727/1727/1726 1726/1726/1725
f 1677/1677/1676 1678/1678/1677 1728/1728/1727 1727/1727/1726
f 1678/1678/1677 1679/1679/1678 1729/1729/1728 1728/1728/1727
f 1679/1679/1678 1680/1680/1679 1730/1730/1729 1729/1729/1728
f 1680/1680/1679 1681/1681/1680 1731/1731/1730 1730/1730/1729
f 1681/1681/1680 1682/1682/1681 1732/1732/1731 1731/1731/1730
f 1682/1682/1681 1683/1683/1682 1733/1733/1732 1732/1732/1731
f 1683/1683/1682 1684/1684/1683 1734/1734/1733 1733/1733/1732
f 1684/1684/1683 1685/1685/1684 1735/1735/1734 1734/1734/1733
f 1685/1685/1684 1686/1686/1685 1736/1736/1735 1735/1735/1734
f 1686/1686/1685 1687/1687/1686 1737/1737/1736 1736/1736/1735
f 1687/1687/1686 1688/1688/1687 1738/1738/1737 1737/1737/1736
f 1688/1688/1687 1689/1689/1688 1739/1739/1738 1738/1738/1737
f 1689/1689/1688 1690/1690/1689 1740/1740/1739 1739/1739/1738
f 1690/1690/1689 1691/1691/1690 1741/1741/1740 1740/1740/1739
f 1691/1691/1690 1692/1692/1691 1742/1742/1741 1741/1741/1740
f 1692/1692/1691 1693/1693/1692 1743/1743/1742 1742/1742/1741
f 1693/1693/1692 1694/1694/1693 1744/1744/1743 1743/1743/1742
f 1694/1694/1693 1695/1695/1694 1745/1745/1744 1744/1744/1743
f 1695/1695/1694 1696/1696/1695 1746/1746/1745 1745/1745/1744
f 1696/1696/1695 1697/1697/1696 1747/1747/1746 1746/1746/1745
f 1697/1697/1696 1698/1698/1697 1748/1748/1747 1747/1747/1746
f 1698/1698/1697 1699/1699/1698 1749/1749/1748 1748/1748/1747
f 1699/1699/1698 1700/1700/1699 1750/1750/1749 1749/1749/1748
f 1701/1702/1700 1702/1701/1701 1752/1751/1751 1751/1752/1750
f 1702/1701/1701 1703/1703/1702 1753/1753/1752 1752/1751/1751
f 1703/1703/1702 1704/1704/1703 1754/1754/1753 1753/1753/1752
f 1704/1704/1703 1705/1705/1704 1755/1755/1754 1754/1754/1753
f 1705/1705/1704 1706/1706/1705 1756/1756/1755 1755/1755/1754
f 1706/1706/1705 1707/1707/1706 1757/1757/1756 1756/1756/1755
f 1707/1707/1706 1708/1708/1707 1758/1758/1757 1757/1757/1756
f 1708/1708/1707 1709/1709/1708 1759/1759/1758 1758/1758/1757
f 1709/1709/1708 1710/1710/1709 1760/1760/1759 1759/1759/1758
f 1710/1710/1709 1711/1711/1710 1761/1761/1760 1760/1760/1759
f 1711/1711/1710 1712/1712/1711 1762/1762/1761 1761/1761/1760
f 1712/1712/1711 1713/1713/1712 1763/1763/1762 1762/1762/1761
f 1713/1713/1712 1714/1714/1713 1764/1764/1763 1763/1763/1762
f 1714/1714/1713 1715/1715/1714 1765/1765/1764 1764/1764/1763
f 1715/1715/1714 1716/1716/1715 1766/1766/1765 1765/1765/1764
f 1716/1716/1715 1717/1717/1716 1767/1767/1766 1766/1766/1765
f 1717/1717/1716 1718/1718/1717 1768/1768/1767 1767/1767/1766
f 1718/1718/1717 1719/1719/1718 1769/1769/1768 1768/1768/1767
f 1719/1719/1718 1720/1720/1719 1770/1770/1769 1769/1769/1768
f 1720/1720/1719 1721/1721/1720 1771/1771/1770 1770/1770/1769
f 1721/1721/1720 1722/1722/1721 1772/1772/1771 1771/1771/1770
f 1722/1722/1721 1723/1723/1722 1773/1773/1772 1772/1772/1771
f 1723/1723/1722 1724/1724/1723 1774/1774/1773 1773/1773/1772
f 1724/1724/1723 1725/1725/1724 1775/1775/1774 1774/1774/1773
f 1725/1725/1724 1726/1726/1725 1776/1776/1775 1775/1775/1774
f 1726/1726/1725 1727/1727/1726 1777/1777/1776 1776/1776/1775
f 1727/1727/1726 1728/1728/1727 1778/1778/1777 1777/1777/1776
f 1728/1728/1727 1729/1729/1728 1779/1779/1778 1778/1778/1777
f 1729/1729/1728 1730/1730/1729 1780/1780/1779 1779/1779/1778
f 1730/1730/1729 1731/1731/1730 1781/1781/1780 1780/1780/1779
f 1731/1731/1730 1732/1732/1731 1782/1782/1781 1781/1781/1780
f 1732/1732/1731 1733/1733/1732 1783/1783/1782 1782/1782/1781
f 1733/1733/1732 1734/1734/1733 1784/1784/1783 1783/1783/1782
f 1734/1734/1733 1735/1735/1734 1785/1785/1784 1784/1784/1783
f 1735/1735/1734 1736/1736/1735 1786/1786/1785 1785/1785/1784
f 1736/1736/1735 1737/1737/1736 1787/1787/1786 1786/1786/1785
f 1737/1737/1736 1738/1738/1737 1788/1788/1787 1787/1787/1786
f 1738/1738/1737 1739/1739/1738 1789/1789/1788 1788/1788/1787
f 1739/1739/1738 1740/1740/1739 1790/1790/1789 1789/1789/1788
f 1740/1740/1739 1741/1741/1740 1791/1791/1790 1790/1790/1789
f 1741/1741/1740 1742/1742/1741 1792/1792/1791 1791/1791/1790
f 1742/1742/1741 1743/1743/1742 1793/1793/1792 1792/1792/1791
f 1743/1743/1742 1744/1744/1743 1794/1794/1793 1793/1793/1792
f 1744/1744/1743 1745/1745/1744 1795/1795/1794 1794/1794/1793
f 1745/1745/1744 1746/1746/1745 1796/1796/1795 1795/1795/1794
f 1746/1746/1745 1747/1747/1746 1797/1797/1796 1796/1796/1795
f 1747/1747/1746 1748/1748/1747 1798/1798/1797 1797/1797/1796
f 1748/1748/1747 1749/1749/1748 1799/1799/1798 1798/1798/1797
f 1749/1749/1748 1750/1750/1749 1800/1800/1799 1799/1799/1798
f 1751/1752/1750 1752/1751/1751 1802/1801/1801 1801/1802/1800
f 1752/1751/1751 1753/1753/1752 1803/1803/1802 1802/1801/1801
f 1753/1753/1752 1754/1754/1753 1804/1804/1803 1803/1803/1802
f 1754/1754/1753 1755/1755/1754 1805/1805/1804 1804/1804/1803
f 1755/1755/1754 1756/1756/1755 1806/1806/1805 1805/1805/1804
f 1756/1756/1755 1757/1757/1756 1807/1807/1806 1806/1806/1805
f 1757/1757/1756 1758/1758/1757 1808/1808/1807 1807/1807/1806
f 1758/1758/1757 1759/1759/1758 1809/1809/1808 1808/1808/1807
f 1759/1759/1758 1760/1760/1759 1810/1810/1809 1809/1809/1808
f 1760/1760/1759 1761/1761/1760 1811/1811/1810 1810/1810/1809
f 1761/1761/1760 1762/1762/1761 1812/1812/1811 1811/1811/1810
f 1762/1762/1761 1763/1763/1762 1813/1813/1812 1812/1812/1811
f 1763/1763/1762 1764/1764/1763 1814/1814/1813 1813/1813/1812
f 1764/1764/1763 1765/1765/1764 1815/1815/1814 1814/1814/1813
f 1765/1765/1764 1766/1766/1765 1816/1816/1815 1815/1815/1814
f 1766/1766/1765 1767/1767/1766 1817/1817/1816 1816/1816/1815
f 1767/1767/1766 1768/1768/1767 1818/1818/1817 1817/1817/1816
f 1768/1768/1767 1769/1769/1768 1819/1819/1818 1818/1818/1817
f 1769/1769/1768 1770/1770/1769 1820/1820/1819 1819/1819/1818
f 1770/1770/1769 1771/1771/1770 1821/1821/1820 1820/1820/1819
f 1771/1771/1770 1772/1772/1771 1822/1822/1821 1821/1821/1820
f 1772/1772/1771 1773/1773/1772 1823/1823/1822 1822/1822/1821
f 1773/1773/1772 1774/1774/1773 1824/1824/1823 1823/1823/1822
f 1774/1774/1773 1775/1775/1774 1825/1825/1824 1824/1824/1823
f 1775/1775/1774 1776/1776/1775 1826/1826/1825 1825/1825/1824
f 1776/1776/1775 1777/1777/1776 1827/1827/1826 1826/1826/1825
f 1777/1777/1776 1778/1778/1777 1828/1828/1827 1827/1827/1826
f 1778/1778/1777 1779/1779/1778 1829/1829/1828 1828/1828/1827
f 1779/1779/1778 1780/1780/1779 1830/1830/1829 1829/1829/1828
f 1780/1780/1779 1781/1781/1780 1831/1831/1830 1830/1830/1829
f 1781/1781/1780 1782/1782/1781 1832/1832/1831 1831/1831/1830
f 1782/1782/1781 1783/1783/1782 1833/1833/1832 1832/1832/1831
f 1783/1783/1782 1784/1784/1783 1834/1834/1833 1833/1833/1832
f 1784/1784/1783 1785/1785/1784 1835/1835/1834 1834/1834/1833
f 1785/1785/1784 1786/1786/1785 1836/1836/1835 1835/1835/1834
f 1786/1786/1785 1787/1787/1786 1837/1837/1836 1836/1836/1835
f 1787/1787/1786 1788/1788/1787 1838/1838/1837 1837/1837/1836
f 1788/1788/1787 1789/1789/1788 1839/1839/1838 1838/1838/1837
f 1789/1789/1788 1790/1790/1789 1840/1840/1839 1839/1839/1838
f 1790/1790/1789 1791/1791/1790 1841/1841/1840 1840/1840/1839
f 1791/1791/1790 1792/1792/1791 1842/1842/1841 1841/1841/1840
f 1792/1792/1791 1793/1793/1792 1843/1843/1842 1842/1842/1841
f 1793/1793/1792 1794/1794/1793 1844/1844/1843 1843/1843/1842
f 1794/1794/1793 1795/1795/1794 1845/1845/1844 1844/1844/1843
f 1795/1795/1794 1796/1796/1795 1846/1846/1845 1845/1845/1844
f 1796/1796/1795 1797/1797/1796 1847/1847/1846 1846/1846/1845
f 1797/1797/1796 1798/1798/1797 1848/1848/1847 1847/1847/1846
f 1798/1798/1797 1799/1799/1798 1849/1849/1848 1848/1848/1847
f 1799/1799/1798 1800/1800/1799 1850/1850/1849 1849/1849/1848
f 1801/1802/1800 1802/1801/1801 1852/1851/1851 1851/1852/1850
f 1802/1801/1801 1803/1803/1802 1853/1853/1852 1852/1851/1851
f 1803/1803/1802 1804/1804/1803 1854/1854/1853 1853/1853/1852
f 1804/1804/1803 1805/1805/1804 1855/1855/1854 1854/1854/1853
f 1805/1805/1804 1806/1806/1805 1856/1856/1855 1855/1855/1854
f 1806/1806/1805 1807/1807/1806 1857/1857/1856 1856/1856/1855
f 1807/1807/1806 1808/1808/1807 1858/1858/1857 1857/1857/1856
f 1808/1808/1807 1809/1809/1808 1859/1859/1858 1858/1858/1857
f 1809/1809/1808 1810/1810/1809 1860/1860/1859 1859/1859/1858
f 1810/1810/1809 1811/1811/1810 1861/1861/1860 1860/1860/1859
f 1811/1811/1810 1812/1812/1811 1862/1862/1861 1861/1861/1860
f 1812/1812/1811 1813/1813/1812 1863/1863/1862 1862/1862/1861
f 1813/1813/1812 1814/1814/1813 1864/1864/1863 1863/1863/1862
f 1814/1814/1813 1815/1815/1814 1865/1865/1864 1864/1864/1863
f 1815/1815/1814 1816/1816/1815 1866/1866/1865 1865/1865/1864
f 1816/1816/1815 1817/1817/1816 1867/1867/1866 1866/1866/1865
f 1817/1817/1816 1818/1818/1817 1868/1868/1867 1867/1867/1866
f 1818/1818/1817 1819/1819/1818 1869/1869/1868 1868/1868/1867
f 1819/1819/1818 1820/1820/1819 1870/1870/1869 1869/1869/1868
f 1820/1820/1819 1821/1821/1820 1871/1871/1870 1870/1870/1869
f 1821/1821/1820 1822/1822/1821 1872/1872/1871 1871/1871/1870
f 1822/1822/1821 1823/1823/1822 1873/1873/1872 1872/1872/1871
f 1823/1823/1822 1824/1824/1823 1874/1874/1873 1873/1873/1872
f 1824/1824/1823 1825/1825/1824 1875/1875/1874 1874/1874/1873
f 1825/1825/1824 1826/1826/1825 1876/1876/1875 1875/1875/1874
f 1826/1826/1825 1827/1827/1826 1877/1877/1876 1876/1876/1875
f 1827/1827/1826 1828/1828/1827 1878/1878/1877 1877/1877/1876
f 1828/1828/1827 1829/1829/1828 1879/1879/1878 1878/1878/1877
f 1829/1829/1828 1830/1830/1829 1880/1880/1879 1879/1879/1878
f 1830/1830/1829 1831/1831/1830 1881/1881/1880 1880/1880/1879
f 1831/1831/1830 1832/1832/1831 1882/1882/1881 1881/1881/1880
f 1832/1832/1831 1833/1833/1832 1883/1883/1882 1882/1882/1881
f 1833/1833/1832 1834/1834/1833 1884/1884/1883 1883/1883/1882
f 1834/1834/1833 1835/1835/1834 1885/1885/1884 1884/1884/1883
f 1835/1835/1834 1836/1836/1835 1886/1886/1885 1885/1885/1884
f 1836/1836/1835 1837/1837/1836 1887/1887/1886 1886/1886/1885
f 1837/1837/1836 1838/1838/1837 1888/1888/1887 1887/1887/1886
f 1838/1838/1837 1839/1839/1838 1889/1889/1888 1888/1888/1887
f 1839/1839/1838 1840/1840/1839 1890/1890/1889 1889/1889/1888
f 1840/1840/1839 1841/1841/1840 1891/1891/1890 1890/1890/1889
f 1841/1841/1840 1842/1842/1841 1892/1892/1891 1891/1891/1890
f 1842/1842/1841 1843/1843/1842 1893/1893/1892 1892/1892/1891
f 1843/1843/1842 1844/1844/1843 1894/1894/1893 1893/1893/1892
f 1844/1844/1843 1845/1845/1844 1895/1895/1894 1894/1894/1893
f 1845/1845/1844 1846/1846/1845 1896/1896/1895 1895/1895/1894
f 1846/1846/1845 1847/1847/1846 1897/1897/1896 1896/1896/1895
f 1847/1847/1846 1848/1848/1847 1898/1898/1897 1897/1897/1896
f 1848/1848/1847 1849/1849/1848 1899/1899/1898 1898/1898/1897
f 1849/1849/1848 1850/1850/1849 1900/1900/1899 1899/1899/1898
f 1851/1852/1850 1852/1851/1851 1902/1901/1901 1901/1902/1900
f 1852/1851/1851 1853/1853/1852 1903/1903/1902 1902/1901/1901
f 1853/1853/1852 1854/1854/1853 1904/1904/1903 1903/1903/1902
f 1854/1854/1853 1855/1855/1854 1905/1905/1904 1904/1904/1903
f 1855/1855/1854 1856/1856/1855 1906/1906/1905 1905/1905/1904
f 1856/1856/1855 1857/1857/1856 1907/1907/1906 1906/1906/1905
f 1857/1857/1856 1858/1858/1857 1908/1908/1907 1907/1907/1906
f 1858/1858/1857 1859/1859/1858 1909/1909/1908 1908/1908/1907
f 1859/1859/1858 1860/1860/1859 1910/1910/1909 1909/1909/1908
f 1860/1860/1859 1861/1861/1860 1911/1911/1910 1910/1910/1909
f 1861/1861/1860 1862/1862/1861 1912/1912/1911 1911/1911/1910
f 1862/1862/1861 1863/1863/1862 1913/1913/1912 1912/1912/1911
f 1863/1863/1862 1864/1864/1863 1914/1914/1913 1913/1913/1912
f 1864/1864/1863 1865/1865/1864 1915/1915/1914 1914/1914/1913
f 1865/1865/1864 1866/1866/1865 1916/1916/1915 1915/1915/1914
f 1866/1866/1865 1867/1867/1866 1917/1917/1916 1916/1916/1915
f 1867/1867/1866 1868/1868/1867 1918/1918/1917 1917/1917/1916
f 1868/1868/1867 1869/1869/1868 1919/1919/1918 1918/1918/1917
f 1869/1869/1868 1870/1870/1869 1920/1920/1919 1919/1919/1918
f 1870/1870/1869 1871/1871/1870 1921/1921/1920 1920/1920/1919
f 1871/1871/1870 1872/1872/1871 1922/1922/1921 1921/1921/1920
f 1872/1872/1871 1873/1873/1872 1923/1923/1922 1922/1922/1921
f 1873/1873/1872 1874/1874/1873 1924/1924/1923 1923/1923/1922
f 1874/1874/1873 1875/1875/1874 1925/1925/1924 1924/1924/1923
f 1875/1875/1874 1876/1876/1875 1926/1926/1925 1925/1925/1924
f 1876/1876/1875 1877/1877/1876 1927/1927/1926 1926/1926/1925
f 1877/1877/1876 1878/1878/1877 1928/1928/1927 1927/1927/1926
f 1878/1878/1877 1879/1879/1878 1929/1929/1928 1928/1928/1927
f 1879/1879/1878 1880/1880/1879 1930/1930/1929 1929/1929/1928
f 1880/1880/1879 1881/1881/1880 1931/1931/1930 1930/1930/1929
f 1881/1881/1880 1882/1882/1881 1932/1932/1931 1931/1931/1930
f 1882/1882/1881 1883/1883/1882 1933/1933/1932 1932/1932/1931
f 1883/1883/1882 1884/1884/1883 1934/1934/1933 1933/1933/1932
f 1884/1884/1883 1885/1885/1884 1935/1935/1934 1934/1934/1933
f 1885/1885/1884 1886/1886/1885 1936/1936/1935 1935/1935/1934
f 1886/1886/1885 1887/1887/1886 1937/1937/1936 1936/1936/1935
f 1887/1887/1886 1888/1888/1887 1938/1938/1937 1937/1937/1936
f 1888/1888/1887 1889/1889/1888 1939/1939/1938 1938/1938/1937
f 1889/1889/1888 1890/1890/1889 1940/1940/1939 1939/1939/1938
f 1890/1890/1889 1891/1891/1890 1941/1941/1940 1940/1940/1939
f 1891/1891/1890 1892/1892/1891 1942/1942/1941 1941/1941/1940
f 1892/1892/1891 1893/1893/1892 1943/1943/1942 1942/1942/1941
f 1893/1893/1892 1894/1894/1893 1944/1944/1943 1943/1943/1942
f 1894/1894/1893 1895/1895/1894 1945/1945/1944 1944/1944/1943
f 1895/1895/1894 1896/1896/1895 1946/1946/1945 1945/1945/1944
f 1896/1896/1895 1897/1897/1896 1947/1947/1946 1946/1946/1945
f 1897/1897/1896 1898/1898/1897 1948/1948/1947 1947/1947/1946
f 1898/1898/1897 1899/1899/1898 1949/1949/1948 1948/1948/1947
f 1899/1899/1898 1900/1900/1899 1950/1950/1949 1949/1949/1948
f 1901/1902/1900 1902/1901/1901 1952/1951/1951 1951/1952/1950
f 1902/1901/1901 1903/1903/1902 1953/1953/1952 1952/1951/1951
f 1903/1903/1902 1904/1904/1903 1954/1954/1953 1953/1953/1952
f 1904/1904/1903 1905/1905/1904 1955/1955/1954 1954/1954/1953
f 1905/1905/1904 1906/1906/1905 1956/1956/1955 1955/1955/1954
f 1906/1906/1905 1907/1907/1906 1957/1957/1956 1956/1956/1955
f 1907/1907/1906 1908/1908/1907 1958/1958/1957 1957/1957/1956
f 1908/1908/1907 1909/1909/1908 1959/1959/1958 1958/1958/1957
f 1909/1909/1908 1910/1910/1909 1960/1960/1959 1959/1959/1958
f 1910/1910/1909 1911/1911/1910 1961/1961/1960 1960/1960/1959
f 1911/1911/1910 1912/1912/1911 1962/1962/1961 1961/1961/1960
f 1912/1912/1911 1913/1913/1912 1963/1963/1962 1962/1962/1961
f 1913/1913/1912 1914/1914/1913 1964/1964/1963 1963/1963/1962
f 1914/1914/1913 1915/1915/1914 1965/1965/1964 1964/1964/1963
f 1915/1915/1914 1916/1916/1915 1966/1966/1965 1965/1965/1964
f 1916/1916/1915 1917/1917/1916 1967/1967/1966 1966/1966/1965
f 1917/1917/1916 1918/1918/1917 1968/1968/1967 1967/1967/1966
f 1918/1918/1917 1919/1919/1918 1969/1969/1968 1968/1968/1967
f 1919/1919/1918 1920/1920/1919 1970/1970/1969 1969/1969/1968
f 1920/1920/1919 1921/1921/1920 1971/1971/1970 1970/1970/1969
f 1921/1921/1920 1922/1922/1921 1972/1972/1971 1971/1971/1970
f 1922/1922/1921 1923/1923/1922 1973/1973/1972 1972/1972/1971
f 1923/1923/1922 1924/1924/1923 1974/1974/1973 1973/1973/1972
f 1924/1924/1923 1925/1925/1924 1975/1975/1974 1974/1974/1973
f 1925/1925/1924 1926/1926/1925 1976/1976/1975 1975/1975/1974
f 1926/1926/1925 1927/1927/1926 1977/1977/1976 1976/1976/1975
f 1927/1927/1926 1928/1928/1927 1978/1978/1977 1977/1977/1976
f 1928/1928/1927 1929/1929/1928 1979/1979/1978 1978/1978/1977
f 1929/1929/1928 1930/1930/1929 1980/1980/1979 1979/1979/1978
f 1930/1930/1929 1931/1931/1930 1981/1981/1980 1980/1980/1979
f 1931/1931/1930 1932/1932/1931 1982/1982/1981 1981/1981/1980
f 1932/1932/1931 1933/1933/1932 1983/1983/1982 1982/1982/1981
f 1933/1933/1932 1934/1934/1933 1984/1984/1983 1983/1983/1982
f 1934/1934/1933 1935/1935/1934 1985/1985/1984 1984/1984/1983
f 1935/1935/1934 1936/1936/1935 1986/1986/1985 1985/1985/1984
f 1936/1936/1935 1937/1937/1936 1987/1987/1986 1986/1986/1985
f 1937/1937/1936 1938/1938/1937 1988/1988/1987 1987/1987/1986
f 1938/1938/1937 1939/1939/1938 1989/1989/1988 1988/1988/1987
f 1939/1939/1938 1940/1940/1939 1990/1990/1989 1989/1989/1988
f 1940/1940/1939 1941/1941/1940 1991/1991/1990 1990/1990/1989
f 1941/1941/1940 1942/1942/1941 1992/1992/1991 1991/1991/1990
f 1942/1942/1941 1943/1943/1942 1993/1993/1992 1992/1992/1991
f 1943/1943/1942 1944/1944/1943 1994/1994/1993 1993/1993/1992
f 1944/1944/1943 1945/1945/1944 1995/1995/1994 1994/1994/1993
f 1945/1945/1944 1946/1946/1945 1996/1996/1995 1995/1995/1994
f 1946/1946/1945 1947/1947/1946 1997/1997/1996 1996/1996/1995
f 1947/1947/1946 1948/1948/1947 1998/1998/1997 1997/1997/1996
f 1948/1948/1947 1949/1949/1948 1999/1999/1998 1998/1998/1997
f 1949/1949/1948 1950/1950/1949 2000/2000/1999 1999/1999/1998
f 1951/1952/1950 1952/1951/1951 2002/2001/2001 2001/2002/2000
f 1952/1951/1951 1953/1953/1952 2003/2003/2002 2002/2001/2001
f 1953/1953/1952 1954/1954/1953 2004/2004/2003 2003/2003/2002
f 1954/1954/1953 1955/1955/1954 2005/2005/2004 2004/2004/2003
f 1955/1955/1954 1956/1956/1955 2006/2006/2005 2005/2005/2004
f 1956/1956/1955 1957/1957/1956 2007/2007/2006 2006/2006/2005
f 1957/1957/1956 1958/1958/1957 2008/2008/2007 2007/2007/2006
f 1958/1958/1957 1959/1959/1958 2009/2009/2008 2008/2008/2007
f 1959/1959/1958 1960/1960/1959 2010/2010/2009 2009/2009/2008
f 1960/1960/1959 1961/1961/1960 2011/2011/2010 2010/2010/2009
f 1961/1961/1960 1962/1962/1961 2012/2012/2011 2011/2011/2010
f 1962/1962/1961 1963/1963/1962 2013/2013/2012 2012/2012/2011
f 1963/1963/1962 1964/1964/1963 2014/2014/2013 2013/2013/2012
f 1964/1964/1963 1965/1965/1964 2015/2015/2014 2014/2014/2013
f 1965/1965/1964 1966/1966/1965 2016/2016/2015 2015/2015/2014
f 1966/1966/1965 1967/1967/1966 2017/2017/2016 2016/2016/2015
f 1967/1967/1966 1968/1968/1967 2018/2018/2017 2017/2017/2016
f 1968/1968/1967 1969/1969/1968 2019/2019/2018 2018/2018/2017
f 1969/1969/1968 1970/1970/1969 2020/2020/2019 2019/2019/2018
f 1970/1970/1969 1971/1971/1970 2021/2021/2020 2020/2020/2019
f 1971/1971/1970 1972/1972/1971 2022/2022/2021 2021/2021/2020
f 1972/1972/1971 1973/1973/1972 2023/2023/2022 2022/2022/2021
f 1973/1973/1972 1974/1974/1973 2024/2024/2023 2023/2023/2022
f 1974/1974/1973 1975/1975/1974 2025/2025/2024 2024/2024/2023
f 1975/1975/1974 1976/1976/1975 2026/2026/2025 2025/2025/2024
f 1976/1976/1975 1977/1977/1976 2027/2027/2026 2026/2026/2025
f 1977/1977/1976 1978/1978/1977 2028/2028/2027 2027/2027/2026
f 1978/1978/1977 1979/1979/1978 2029/2029/2028 2028/2028/2027
f 1979/1979/1978 1980/1980/1979 2030/2030/2029 2029/2029/2028
f 1980/1980/1979 1981/1981/1980 2031/2031/2030 2030/2030/2029
f 1981/1981/1980 1982/1982/1981 2032/2032/2031 2031/2031/2030
f 1982/1982/1981 1983/1983/1982 2033/2033/2032 2032/2032/2031
f 1983/1983/1982 1984/1984/1983 2034/2034/2033 2033/2033/2032
f 1984/1984/1983 1985/1985/1984 2035/2035/2034 2034/2034/2033
f 1985/1985/1984 1986/1986/1985 2036/2036/2035 2035/2035/2034
f 1986/1986/1985 1987/1987/1986 2037/2037/2036 2036/2036/2035
f 1987/1987/1986 1988/1988/1987 2038/2038/2037 2037/2037/2036
f 1988/1988/1987 1989/1989/1988 2039/2039/2038 2038/2038/2037
f 1989/1989/1988 1990/1990/1989 2040/2040/2039 2039/2039/2038
f 1990/1990/1989 1991/1991/1990 2041/2041/2040 2040/2040/2039
f 1991/1991/1990 1992/1992/1991 2042/2042/2041 2041/2041/2040
f 1992/1992/1991 1993/1993/1992 2043/2043/2042 2042/2042/2041
f 1993/1993/1992 1994/1994/1993 2044/2044/2043 2043/2043/2042
f 1994/1994/1993 1995/1995/1994 2045/2045/2044 2044/2044/2043
f 1995/1995/1994 1996/1996/1995 2046/2046/2045 2045/2045/2044
f 1996/1996/1995 1997/1997/1996 2047/2047/2046 2046/2046/2045
f 1997/1997/1996 1998/1998/1997 2048/2048/2047 2047/2047/2046
f 1998/1998/1997 1999/1999/1998 2049/2049/2048 2048/2048/2047
f 1999/1999/1998 2000/2000/1999 2050/2050/2049 2049/2049/2048
f 2001/2002/2000 2002/2001/2001 2052/2051/2051 2051/2052/2050
f 2002/2001/2001 2003/2003/2002 2053/2053/2052 2052/2051/2051
f 2003/2003/2002 2004/2004/2003 2054/2054/2053 2053/2053/2052
f 2004/2004/2003 2005/2005/2004 2055/2055/2054 2054/2054/2053
f 2005/2005/2004 2006/2006/2005 2056/2056/2055 2055/2055/2054
f 2006/2006/2005 2007/2007/2006 2057/2057/2056 2056/2056/2055
f 2007/2007/2006 2008/2008/2007 2058/2058/2057 2057/2057/2056
f 2008/2008/2007 2009/2009/2008 2059/2059/2058 2058/2058/2057
f 2009/2009/2008 2010/2010/2009 2060/2060/2059 2059/2059/2058
f 2010/2010/2009 2011/2011/2010 2061/2061/2060 2060/2060/2059
f 2011/2011/2010 2012/2012/2011 2062/2062/2061 2061/2061/2060
f 2012/2012/2011 2013/2013/2012 2063/2063/2062 2062/2062/2061
f 2013/2013/2012 2014/2014/2013 2064/2064/2063 2063/2063/2062
f 2014/2014/2013 2015/2015/2014 2065/2065/2064 2064/2064/2063
f 2015/2015/2014 2016/2016/2015 2066/2066/2065 2065/2065/2064
f 2016/2016/2015 2017/2017/2016 2067/2067/2066 2066/2066/2065
f 2017/2017/2016 2018/2018/2017 2068/2068/2067 2067/2067/2066
f 2018/2018/2017 2019/2019/2018 2069/2069/2068 2068/2068/2067
f 2019/2019/2018 2020/2020/2019 2070/2070/2069 2069/2069/2068
f 2020/2020/2019 2021/2021/2020 2071/2071/2070 2070/2070/2069
f 2021/2021/2020 2022/2022/2021 2072/2072/2071 2071/2071/2070
f 2022/2022/2021 2023/2023/2022 2073/2073/2072 2072/2072/2071
f 2023/2023/2022 2024/2024/2023 2074/2074/2073 2073/2073/2072
f 2024/2024/2023 2025/2025/2024 2075/2075/2074 2074/2074/2073
f 2025/2025/2024 2026/2026/2025 2076/2076/2075 2075/2075/2074
f 2026/2026/2025 2027/2027/2026 2077/2077/2076 2076/2076/2075
f 2027/2027/2026 2028/2028/2027 2078/2078/2077 2077/2077/2076
f 2028/2028/2027 2029/2029/2028 2079/2079/2078 2078/2078/2077
f 2029/2029/2028 2030/2030/2029 2080/2080/2079 2079/2079/2078
f 2030/2030/2029 2031/2031/2030 2081/2081/2080 2080/2080/2079
f 2031/2031/2030 2032/2032/2031 2082/2082/2081 2081/2081/2080
f 2032/2032/2031 2033/2033/2032 2083/2083/2082 2082/2082/2081
f 2033/2033/2032 2034/2034/2033 2084/2084/2083 2083/2083/2082
f 2034/2034/2033 2035/2035/2034 2085/2085/2084 2084/2084/2083
f 2035/2035/2034 2036/2036/2035 2086/2086/2085 2085/2085/2084
f 2036/2036/2035 2037/2037/2036 2087/2087/2086 2086/2086/2085
f 2037/2037/2036 2038/2038/2037 2088/2088/2087 2087/2087/2086
f 2038/2038/2037 2039/2039/2038 2089/2089/2088 2088/2088/2087
f 2039/2039/2038 2040/2040/2039 2090/2090/2089 2089/2089/2088
f 2040/2040/2039 2041/2041/2040 2091/2091/2090 2090/2090/2089
f 2041/2041/2040 2042/2042/2041 2092/2092/2091 2091/2091/2090
f 2042/2042/2041 2043/2043/2042 2093/2093/2092 2092/2092/2091
f 2043/2043/2042 2044/2044/2043 2094/2094/2093 2093/2093/2092
f 2044/2044/2043 2045/2045/2044 2095/2095/2094 2094/2094/2093
f 2045/2045/2044 2046/2046/2045 2096/2096/2095 2095/2095/2094
f 2046/2046/2045 2047/2047/2046 2097/2097/2096 2096/2096/2095
f 2047/2047/2046 2048/2048/2047 2098/2098/2097 2097/2097/2096
f 2048/2048/2047 2049/2049/2048 2099/2099/2098 2098/2098/2097
f 2049/2049/2048 2050/2050/2049 2100/2100/2099 2099/2099/2098
f 2051/2052/2050 2052/2051/2051 2102/2101/2101 2101/2102/2100
f 2052/2051/2051 2053/2053/2052 2103/2103/2102 2102/2101/2101
f 2053/2053/2052 2054/2054/2053 2104/2104/2103 2103/2103/2102
f 2054/2054/2053 2055/2055/2054 2105/2105/2104 2104/2104/2103
f 2055/2055/2054 2056/2056/2055 2106/2106/2105 2105/2105/2104
f 2056/2056/2055 2057/2057/2056 2107/2107/2106 2106/2106/2105
f 2057/2057/2056 2058/2058/2057 2108/2108/2107 2107/2107/2106
f 2058/2058/2057 2059/2059/2058 2109/2109/2108 2108/2108/2107
f 2059/2059/2058 2060/2060/2059 2110/2110/2109 2109/2109/2108
f 2060/2060/2059 2061/2061/2060 2111/2111/2110 2110/2110/2109
f 2061/2061/2060 2062/2062/2061 2112/2112/2111 2111/2111/2110
f 2062/2062/2061 2063/2063/2062 2113/2113/2112 2112/2112/2111
f 2063/2063/2062 2064/2064/2063 2114/2114/2113 2113/2113/2112
f 2064/2064/2063 2065/2065/2064 2115/2115/2114 2114/2114/2113
f 2065/2065/2064 2066/2066/2065 2116/2116/2115 2115/2115/2114
f 2066/2066/2065 2067/2067/2066 2117/2117/2116 2116/2116/2115
f 2067/2067/2066 2068/2068/2067 2118/2118/2117 2117/2117/2116
f 2068/2068/2067 2069/2069/2068 2119/2119/2118 2118/2118/2117
f 2069/2069/2068 2070/2070/2069 2120/2120/2119 2119/2119/2118
f 2070/2070/2069 2071/2071/2070 2121/2121/2120 2120/2120/2119
f 2071/2071/2070 2072/2072/2071 2122/2122/2121 2121/2121/2120
f 2072/2072/2071 2073/2073/2072 2123/2123/2122 2122/2122/2121
f 2073/2073/2072 2074/2074/2073 2124/2124/2123 2123/2123/2122
f 2074/2074/2073 2075/2075/2074 2125/2125/2124 2124/2124/2123
f 2075/2075/2074 2076/2076/2075 2126/2126/2125 2125/2125/2124
f 2076/2076/2075 2077/2077/2076 2127/2127/2126 2126/2126/2125
f 2077/2077/2076 2078/2078/2077 2128/2128/2127 2127/2127/2126
f 2078/2078/2077 2079/2079/2078 2129/2129/2128 2128/2128/2127
f 2079/2079/2078 2080/2080/2079 2130/2130/2129 2129/2129/2128
f 2080/2080/2079 2081/2081/2080 2131/2131/2130 2130/2130/2129
f 2081/2081/2080 2082/2082/2081 2132/2132/2131 2131/2131/2130
f 2082/2082/2081 2083/2083/2082 2133/2133/2132 2132/2132/2131
f 2083/2083/2082 2084/2084/2083 2134/2134/2133 2133/2133/2132
f 2084/2084/2083 2085/2085/2084 2135/2135/2134 2134/2134/2133
f 2085/2085/2084 2086/2086/2085 2136/2136/2135 2135/2135/2134
f 2086/2086/2085 2087/2087/2086 2137/2137/2136 2136/2136/2135
f 2087/2087/2086 2088/2088/2087 2138/2138/2137 2137/2137/2136
f 2088/2088/2087 2089/2089/2088 2139/2139/2138 2138/2138/2137
f 2089/2089/2088 2090/2090/2089 2140/2140/2139 2139/2139/2138
f 2090/2090/2089 2091/2091/2090 2141/2141/2140 2140/2140/2139
f 2091/2091/2090 2092/2092/2091 2142/2142/2141 2141/2141/2140
f 2092/2092/2091 2093/2093/2092 2143/2143/2142 2142/2142/2141
f 2093/2093/2092 2094/2094/2093 2144/2144/2143 2143/2143/2142
f 2094/2094/2093 2095/2095/2094 2145/2145/2144 2144/2144/2143
f 2095/2095/2094 2096/2096/2095 2146/2146/2145 2145/2145/2144
f 2096/2096/2095 2097/2097/2096 2147/2147/2146 2146/2146/2145
f 2097/2097/2096 2098/2098/2097 2148/2148/2147 2147/2147/2146
f 2098/2098/2097 2099/2099/2098 2149/2149/2148 2148/2148/2147
f 2099/2099/2098 2100/2100/2099 2150/2150/2149 2149/2149/2148
f 2101/2102/2100 2102/2101/2101 2152/2151/2151 2151/2152/2150
f 2102/2101/2101 2103/2103/2102 2153/2153/2152 2152/2151/2151
f 2103/2103/2102 2104/2104/2103 2154/2154/2153 2153/2153/2152
f 2104/2104/2103 2105/2105/2104 2155/2155/2154 2154/2154/2153
f 2105/2105/2104 2106/2106/2105 2156/2156/2155 2155/2155/2154
f 2106/2106/2105 2107/2107/2106 2157/2157/2156 2156/2156/2155
f 2107/2107/2106 2108/2108/2107 2158/2158/2157 2157/2157/2156
f 2108/2108/2107 2109/2109/2108 2159/2159/2158 2158/2158/2157
f 2109/2109/2108 2110/2110/2109 2160/2160/2159 2159/2159/2158
f 2110/2110/2109 2111/2111/2110 2161/2161/2160 2160/2160/2159
f 2111/2111/2110 2112/2112/2111 2162/2162/2161 2161/2161/2160
f 2112/2112/2111 2113/2113/2112 2163/2163/2162 2162/2162/2161
f 2113/2113/2112 2114/2114/2113 2164/2164/2163 2163/2163/2162
f 2114/2114/2113 2115/2115/2114 2165/2165/2164 2164/2164/2163
f 2115/2115/2114 2116/2116/2115 2166/2166/2165 2165/2165/2164
f 2116/2116/2115 2117/2117/2116 2167/2167/2166 2166/2166/2165
f 2117/2117/2116 2118/2118/2117 2168/2168/2167 2167/2167/2166
f 2118/2118/2117 2119/2119/2118 2169/2169/2168 2168/2168/2167
f 2119/2119/2118 2120/2120/2119 2170/2170/2169 2169/2169/2168
f 2120/2120/2119 2121/2121/2120 2171/2171/2170 2170/2170/2169
f 2121/2121/2120 2122/2122/2121 2172/2172/2171 2171/2171/2170
f 2122/2122/2121 2123/2123/2122 2173/2173/2172 2172/2172/2171
f 2123/2123/2122 2124/2124/2123 2174/2174/2173 2173/2173/2172
f 2124/2124/2123 2125/2125/2124 2175/2175/2174 2174/2174/2173
f 2125/2125/2124 2126/2126/2125 2176/2176/2175 2175/2175/2174
f 2126/2126/2125 2127/2127/2126 2177/2177/2176 2176/2176/2175
f 2127/2127/2126 2128/2128/2127 2178/2178/2177 2177/2177/2176
f 2128/2128/2127 2129/2129/2128 2179/2179/2178 2178/2178/2177
f 2129/2129/2128 2130/2130/2129 2180/2180/2179 2179/2179/2178
f 2130/2130/2129 2131/2131/2130 2181/2181/2180 2180/2180/2179
f 2131/2131/2130 2132/2132/2131 2182/2182/2181 2181/2181/2180
f 2132/2132/2131 2133/2133/2132 2183/2183/2182 2182/2182/2181
f 2133/2133/2132 2134/2134/2133 2184/2184/2183 2183/2183/2182
f 2134/2134/2133 2135/2135/2134 2185/2185/2184 2184/2184/2183
f 2135/2135/2134 2136/2136/2135 2186/2186/2185 2185/2185/2184
f 2136/2136/2135 2137/2137/2136 2187/2187/2186 2186/2186/2185
f 2137/2137/2136 2138/2138/2137 2188/2188/2187 2187/2187/2186
f 2138/2138/2137 2139/2139/2138 2189/2189/2188 2188/2188/2187
f 2139/2139/2138 2140/2140/2139 2190/2190/2189 2189/2189/2188
f 2140/2140/2139 2141/2141/2140 2191/2191/2190 2190/2190/2189
f 2141/2141/2140 2142/2142/2141 2192/2192/2191 2191/2191/2190
f 2142/2142/2141 2143/2143/2142 2193/2193/2192 2192/2192/2191
f 2143/2143/2142 2144/2144/2143 2194/2194/2193 2193/2193/2192
f 2144/2144/2143 2145/2145/2144 2195/2195/2194 2194/2194/2193
f 2145/2145/2144 2146/2146/2145 2196/2196/2195 2195/2195/2194
f 2146/2146/2145 2147/2147/2146 2197/2197/2196 2196/2196/2195
f 2147/2147/2146 2148/2148/2147 2198/2198/2197 2197/2197/2196
f 2148/2148/2147 2149/2149/2148 2199/2199/2198 2198/2198/2197
f 2149/2149/2148 2150/2150/2149 2200/2200/2199 2199/2199/2198
f 2151/2152/2150 2152/2151/2151 2202/2201/2201 2201/2202/2200
f 2152/2151/2151 2153/2153/2152 2203/2203/2202 2202/2201/2201
f 2153/2153/2152 2154/2154/2153 2204/2204/2203 2203/2203/2202
f 2154/2154/2153 2155/2155/2154 2205/2205/2204 2204/2204/2203
f 2155/2155/2154 2156/2156/2155 2206/2206/2205 2205/2205/2204
f 2156/2156/2155 2157/2157/2156 2207/2207/2206 2206/2206/2205
f 2157/2157/2156 2158/2158/2157 2208/2208/2207 2207/2207/2206
f 2158/2158/2157 2159/2159/2158 2209/2209/2208 2208/2208/2207
f 2159/2159/2158 2160/2160/2159 2210/2210/2209 2209/2209/2208
f 2160/2160/2159 2161/2161/2160 2211/2211/2210 2210/2210/2209
f 2161/2161/2160 2162/2162/2161 2212/2212/2211 2211/2211/2210
f 2162/2162/2161 2163/2163/2162 2213/2213/2212 2212/2212/2211
f 2163/2163/2162 2164/2164/2163 2214/2214/2213 2213/2213/2212
f 2164/2164/2163 2165/2165/2164 2215/2215/2214 2214/2214/2213
f 2165/2165/2164 2166/2166/2165 2216/2216/2215 2215/2215/2214
f 2166/2166/2165 2167/2167/2166 2217/2217/2216 2216/2216/2215
f 2167/2167/2166 2168/2168/2167 2218/2218/2217 2217/2217/2216
f 2168/2168/2167 2169/2169/2168 2219/2219/2218 2218/2218/2217
f 2169/2169/2168 2170/2170/2169 2220/2220/2219 2219/2219/2218
f 2170/2170/2169 2171/2171/2170 2221/2221/2220 2220/2220/2219
f 2171/2171/2170 2172/2172/2171 2222/2222/2221 2221/2221/2220
f 2172/2172/2171 2173/2173/2172 2223/2223/2222 2222/2222/2221
f 2173/2173/2172 2174/2174/2173 2224/2224/2223 2223/2223/2222
f 2174/2174/2173 2175/2175/2174 2225/2225/2224 2224/2224/2223
f 2175/2175/2174 2176/2176/2175 2226/2226/2225 2225/2225/2224
f 2176/2176/2175 2177/2177/2176 2227/2227/2226 2226/2226/2225
f 2177/2177/2176 2178/2178/2177 2228/2228/2227 2227/2227/2226
f 2178/2178/2177 2179/2179/2178 2229/2229/2228 2228/2228/2227
f 2179/2179/2178 2180/2180/2179 2230/2230/2229 2229/2229/2228
f 2180/2180/2179 2181/2181/2180 2231/2231/2230 2230/2230/2229
f 2181/2181/2180 2182/2182/2181 2232/2232/2231 2231/2231/2230
f 2182/2182/2181 2183/2183/2182 2233/2233/2232 2232/2232/2231
f 2183/2183/2182 2184/2184/2183 2234/2234/2233 2233/2233/2232
f 2184/2184/2183 2185/2185/2184 2235/2235/2234 2234/2234/2233
f 2185/2185/2184 2186/2186/2185 2236/2236/2235 2235/2235/2234
f 2186/2186/2185 2187/2187/2186 2237/2237/2236 2236/2236/2235
f 2187/2187/2186 2188/2188/2187 2238/2238/2237 2237/2237/2236
f 2188/2188/2187 2189/2189/2188 2239/2239/2238 2238/2238/2237
f 2189/2189/2188 2190/2190/2189 2240/2240/2239 2239/2239/2238
f 2190/2190/2189 2191/2191/2190 2241/2241/2240 2240/2240/2239
f 2191/2191/2190 2192/2192/2191 2242/2242/2241 2241/2241/2240
f 2192/2192/2191 2193/2193/2192 2243/2243/2242 2242/2242/2241
f 2193/2193/2192 2194/2194/2193 2244/2244/2243 2243/2243/2242
f 2194/2194/2193 2195/2195/2194 2245/2245/2244 2244/2244/2243
f 2195/2195/2194 2196/2196/2195 2246/2246/2245 2245/2245/2244
f 2196/2196/2195 2197/2197/2196 2247/2247/2246 2246/2246/2245
f 2197/2197/2196 2198/2198/2197 2248/2248/2247 2247/2247/2246
f 2198/2198/2197 2199/2199/2198 2249/2249/2248 2248/2248/2247
f 2199/2199/2198 2200/2200/2199 2250/2250/2249 2249/2249/2248
f 2201/2202/2200 2202/2201/2201 2252/2251/2251 2251/2252/2250
f 2202/2201/2201 2203/2203/2202 2253/2253/2252 2252/2251/2251
f 2203/2203/2202 2204/2204/2203 2254/2254/2253 2253/2253/2252
f 2204/2204/2203 2205/2205/2204 2255/2255/2254 2254/2254/2253
f 2205/2205/2204 2206/2206/2205 2256/2256/2255 2255/2255/2254
f 2206/2206/2205 2207/2207/2206 2257/2257/2256 2256/2256/2255
f 2207/2207/2206 2208/2208/2207 2258/2258/2257 2257/2257/2256
f 2208/2208/2207 2209/2209/2208 2259/2259/2258 2258/2258/2257
f 2209/2209/2208 2210/2210/2209 2260/2260/2259 2259/2259/2258
f 2210/2210/2209 2211/2211/2210 2261/2261/2260 2260/2260/2259
f 2211/2211/2210 2212/2212/2211 2262/2262/2261 2261/2261/2260
f 2212/2212/2211 2213/2213/2212 2263/2263/2262 2262/2262/2261
f 2213/2213/2212 2214/2214/2213 2264/2264/2263 2263/2263/2262
f 2214/2214/2213 2215/2215/2214 2265/2265/2264 2264/2264/2263
f 2215/2215/2214 2216/2216/2215 2266/2266/2265 2265/2265/2264
f 2216/2216/2215 2217/2217/2216 2267/2267/1635 2266/2266/2265
f 2217/2217/2216 2218/2218/2217 2268/2268/2266 2267/2267/1635
f 2218/2218/2217 2219/2219/2218 2269/2269/2267 2268/2268/2266
f 2219/2219/2218 2220/2220/2219 2270/2270/2268 2269/2269/2267
f 2220/2220/2219 2221/2221/2220 2271/2271/2269 2270/2270/2268
f 2221/2221/2220 2222/2222/2221 2272/2272/2270 2271/2271/2269
f 2222/2222/2221 2223/2223/2222 2273/2273/2271 2272/2272/2270
f 2223/2223/2222 2224/2224/2223 2274/2274/2272 2273/2273/2271
f 2224/2224/2223 2225/2225/2224 2275/2275/2273 2274/2274/2272
f 2225/2225/2224 2226/2226/2225 2276/2276/2274 2275/2275/2273
f 2226/2226/2225 2227/2227/2226 2277/2277/2275 2276/2276/2274
f 2227/2227/2226 2228/2228/2227 2278/2278/2276 2277/2277/2275
f 2228/2228/2227 2229/2229/2228 2279/2279/2277 2278/2278/2276
f 2229/2229/2228 2230/2230/2229 2280/2280/2278 2279/2279/2277
f 2230/2230/2229 2231/2231/2230 2281/2281/2279 2280/2280/2278
f 2231/2231/2230 2232/2232/2231 2282/2282/2280 2281/2281/2279
f 2232/2232/2231 2233/2233/2232 2283/2283/2281 2282/2282/2280
f 2233/2233/2232 2234/2234/2233 2284/2284/2282 2283/2283/2281
f 2234/2234/2233 2235/2235/2234 2285/2285/2283 2284/2284/2282
f 2235/2235/2234 2236/2236/2235 2286/2286/2284 2285/2285/2283
f 2236/2236/2235 2237/2237/2236 2287/2287/2285 2286/2286/2284
f 2237/2237/2236 2238/2238/2237 2288/2288/2286 2287/2287/2285
f 2238/2238/2237 2239/2239/2238 2289/2289/2287 2288/2288/2286
f 2239/2239/2238 2240/2240/2239 2290/2290/2288 2289/2289/2287
f 2240/2240/2239 2241/2241/2240 2291/2291/2289 2290/2290/2288
f 2241/2241/2240 2242/2242/2241 2292/2292/2290 2291/2291/2289
f 2242/2242/2241 2243/2243/2242 2293/2293/2291 2292/2292/2290
f 2243/2243/2242 2244/2244/2243 2294/2294/2292 2293/2293/2291
f 2244/2244/2243 2245/2245/2244 2295/2295/2293 2294/2294/2292
f 2245/2245/2244 2246/2246/2245 2296/2296/2294 2295/2295/2293
f 2246/2246/2245 2247/2247/2246 2297/2297/2295 2296/2296/2294
f 2247/2247/2246 2248/2248/2247 2298/2298/2296 2297/2297/2295
f 2248/2248/2247 2249/2249/2248 2299/2299/2297 2298/2298/2296
f 2249/2249/2248 2250/2250/2249 2300/2300/2298 2299/2299/2297
f 2251/2252/2250 2252/2251/2251 2302/2301/2300 2301/2302/2299
f 2252/2251/2251 2253/2253/2252 2303/2303/2301 2302/2301/2300
f 2253/2253/2252 2254/2254/2253 2304/2304/2302 2303/2303/2301
f 2254/2254/2253 2255/2255/2254 2305/2305/2303 2304/2304/2302
f 2255/2255/2254 2256/2256/2255 2306/2306/2304 2305/2305/2303
f 2256/2256/2255 2257/2257/2256 2307/2307/2305 2306/2306/2304
f 2257/2257/2256 2258/2258/2257 2308/2308/2306 2307/2307/2305
f 2258/2258/2257 2259/2259/2258 2309/2309/2307 2308/2308/2306
f 2259/2259/2258 2260/2260/2259 2310/2310/2308 2309/2309/2307
f 2260/2260/2259 2261/2261/2260 2311/2311/2309 2310/2310/2308
f 2261/2261/2260 2262/2262/2261 2312/2312/2310 2311/2311/2309
f 2262/2262/2261 2263/2263/2262 2313/2313/2311 2312/2312/2310
f 2263/2263/2262 2264/2264/2263 2314/2314/2312 2313/2313/2311
f 2264/2264/2263 2265/2265/2264 2315/2315/2313 2314/2314/2312
f 2265/2265/2264 2266/2266/2265 2316/2316/2314 2315/2315/2313
f 2266/2266/2265 2267/2267/1635 2317/2317/2315 2316/2316/2314
f 2267/2267/1635 2268/2268/2266 2318/2318/2316 2317/2317/2315
f 2268/2268/2266 2269/2269/2267 2319/2319/2317 2318/2318/2316
f 2269/2269/2267 2270/2270/2268 2320/2320/2318 2319/2319/2317
f 2270/2270/2268 2271/2271/2269 2321/2321/2319 2320/2320/2318
f 2271/2271/2269 2272/2272/2270 2322/2322/2320 2321/2321/2319
f 2272/2272/2270 2273/2273/2271 2323/2323/2321 2322/2322/2320
f 2273/2273/2271 2274/2274/2272 2324/2324/2322 2323/2323/2321
f 2274/2274/2272 2275/2275/2273 2325/2325/2323 2324/2324/2322
f 2275/2275/2273 2276/2276/2274 2326/2326/2324 2325/2325/2323
f 2276/2276/2274 2277/2277/2275 2327/2327/2325 2326/2326/2324
f 2277/2277/2275 2278/2278/2276 2328/2328/2326 2327/2327/2325
f 2278/2278/2276 2279/2279/2277 2329/2329/2327 2328/2328/2326
f 2279/2279/2277 2280/2280/2278 2330/2330/2328 2329/2329/2327
f 2280/2280/2278 2281/2281/2279 2331/2331/2329 2330/2330/2328
f 2281/2281/2279 2282/2282/2280 2332/2332/2330 2331/2331/2329
f 2282/2282/2280 2283/2283/2281 2333/2333/2331 2332/2332/2330
f 2283/2283/2281 2284/2284/2282 2334/2334/2332 2333/2333/2331
f 2284/2284/2282 2285/2285/2283 2335/2335/2333 2334/2334/2332
f 2285/2285/2283 2286/2286/2284 2336/2336/2334 2335/2335/2333
f 2286/2286/2284 2287/2287/2285 2337/2337/2335 2336/2336/2334
f 2287/2287/2285 2288/2288/2286 2338/2338/2336 2337/2337/2335
f 2288/2288/2286 2289/2289/2287 2339/2339/2337 2338/2338/2336
f 2289/2289/2287 2290/2290/2288 2340/2340/2338 2339/2339/2337
f 2290/2290/2288 2291/2291/2289 2341/2341/2339 2340/2340/2338
f 2291/2291/2289 2292/2292/2290 2342/2342/2340 2341/2341/2339
f 2292/2292/2290 2293/2293/2291 2343/2343/2341 2342/2342/2340
f 2293/2293/2291 2294/2294/2292 2344/2344/2342 2343/2343/2341
f 2294/2294/2292 2295/2295/2293 2345/2345/2343 2344/2344/2342
f 2295/2295/2293 2296/2296/2294 2346/2346/2344 2345/2345/2343
f 2296/2296/2294 2297/2297/2295 2347/2347/2345 2346/2346/2344
f 2297/2297/2295 2298/2298/2296 2348/2348/2346 2347/2347/2345
f 2298/2298/2296 2299/2299/2297 2349/2349/2347 2348/2348/2346
f 2299/2299/2297 2300/2300/2298 2350/2350/2348 2349/2349/2347
f 2301/2302/2299 2302/2301/2300 2352/2351/2350 2351/2352/2349
f 2302/2301/2300 2303/2303/2301 2353/2353/2351 2352/2351/2350
f 2303/2303/2301 2304/2304/2302 2354/2354/2352 2353/2353/2351
f 2304/2304/2302 2305/2305/2303 2355/2355/2353 2354/2354/2352
f 2305/2305/2303 2306/2306/2304 2356/2356/2354 2355/2355/2353
f 2306/2306/2304 2307/2307/2305 2357/2357/2355 2356/2356/2354
f 2307/2307/2305 2308/2308/2306 2358/2358/2356 2357/2357/2355
f 2308/2308/2306 2309/2309/2307 2359/2359/2357 2358/2358/2356
f 2309/2309/2307 2310/2310/2308 2360/2360/2358 2359/2359/2357
f 2310/2310/2308 2311/2311/2309 2361/2361/2359 2360/2360/2358
f 2311/2311/2309 2312/2312/2310 2362/2362/2360 2361/2361/2359
f 2312/2312/2310 2313/2313/2311 2363/2363/2361 2362/2362/2360
f 2313/2313/2311 2314/2314/2312 2364/2364/2362 2363/2363/2361
f 2314/2314/2312 2315/2315/2313 2365/2365/2363 2364/2364/2362
f 2315/2315/2313 2316/2316/2314 2366/2366/2364 2365/2365/2363
f 2316/2316/2314 2317/2317/2315 2367/2367/2365 2366/2366/2364
f 2317/2317/2315 2318/2318/2316 2368/2368/2366 2367/2367/2365
f 2318/2318/2316 2319/2319/2317 2369/2369/2367 2368/2368/2366
f 2319/2319/2317 2320/2320/2318 2370/2370/2368 2369/2369/2367
f 2320/2320/2318 2321/2321/2319 2371/2371/2369 2370/2370/2368
f 2321/2321/2319 2322/2322/2320 2372/2372/2370 2371/2371/2369
f 2322/2322/2320 2323/2323/2321 2373/2373/2371 2372/2372/2370
f 2323/2323/2321 2324/2324/2322 2374/2374/2372 2373/2373/2371
f 2324/2324/2322 2325/2325/2323 2375/2375/2373 2374/2374/2372
f 2325/2325/2323 2326/2326/2324 2376/2376/2374 2375/2375/2373
f 2326/2326/2324 2327/2327/2325 2377/2377/2375 2376/2376/2374
f 2327/2327/2325 2328/2328/2326 2378/2378/2376 2377/2377/2375
f 2328/2328/2326 2329/2329/2327 2379/2379/2377 2378/2378/2376
f 2329/2329/2327 2330/2330/2328 2380/2380/2378 2379/2379/2377
f 2330/2330/2328 2331/2331/2329 2381/2381/2379 2380/2380/2378
f 2331/2331/2329 2332/2332/2330 2382/2382/2380 2381/2381/2379
f 2332/2332/2330 2333/2333/2331 2383/2383/2381 2382/2382/2380
f 2333/2333/2331 2334/2334/2332 2384/2384/2382 2383/2383/2381
f 2334/2334/2332 2335/2335/2333 2385/2385/2383 2384/2384/2382
f 2335/2335/2333 2336/2336/2334 2386/2386/2384 2385/2385/2383
f 2336/2336/2334 2337/2337/2335 2387/2387/2385 2386/2386/2384
f 2337/2337/2335 2338/2338/2336 2388/2388/2386 2387/2387/2385
f 2338/2338/2336 2339/2339/2337 2389/2389/2387 2388/2388/2386
f 2339/2339/2337 2340/2340/2338 2390/2390/2388 2389/2389/2387
f 2340/2340/2338 2341/2341/2339 2391/2391/2389 2390/2390/2388
f 2341/2341/2339 2342/2342/2340 2392/2392/2390 2391/2391/2389
f 2342/2342/2340 2343/2343/2341 2393/2393/2391 2392/2392/2390
f 2343/2343/2341 2344/2344/2342 2394/2394/2392 2393/2393/2391
f 2344/2344/2342 2345/2345/2343 2395/2395/2393 2394/2394/2392
f 2345/2345/2343 2346/2346/2344 2396/2396/2394 2395/2395/2393
f 2346/2346/2344 2347/2347/2345 2397/2397/2395 2396/2396/2394
f 2347/2347/2345 2348/2348/2346 2398/2398/2396 2397/2397/2395
f 2348/2348/2346 2349/2349/2347 2399/2399/2397 2398/2398/2396
f 2349/2349/2347 2350/2350/2348 2400/2400/2398 2399/2399/2397
f 2351/2352/2349 2352/2351/2350 2402/2401/2400 2401/2402/2399
f 2352/2351/2350 2353/2353/2351 2403/2403/2401 2402/2401/2400
f 2353/2353/2351 2354/2354/2352 2404/2404/2402 2403/2403/2401
f 2354/2354/2352 2355/2355/2353 2405/2405/2403 2404/2404/2402
f 2355/2355/2353 2356/2356/2354 2406/2406/2404 2405/2405/2403
f 2356/2356/2354 2357/2357/2355 2407/2407/2405 2406/2406/2404
f 2357/2357/2355 2358/2358/2356 2408/2408/2406 2407/2407/2405
f 2358/2358/2356 2359/2359/2357 2409/2409/2407 2408/2408/2406
f 2359/2359/2357 2360/2360/2358 2410/2410/2408 2409/2409/2407
f 2360/2360/2358 2361/2361/2359 2411/2411/2409 2410/2410/2408
f 2361/2361/2359 2362/2362/2360 2412/2412/2410 2411/2411/2409
f 2362/2362/2360 2363/2363/2361 2413/2413/2411 2412/2412/2410
f 2363/2363/2361 2364/2364/2362 2414/2414/2412 2413/2413/2411
f 2364/2364/2362 2365/2365/2363 2415/2415/2413 2414/2414/2412
f 2365/2365/2363 2366/2366/2364 2416/2416/2414 2415/2415/2413
f 2366/2366/2364 2367/2367/2365 2417/2417/2415 2416/2416/2414
f 2367/2367/2365 2368/2368/2366 2418/2418/2416 2417/2417/2415
f 2368/2368/2366 2369/2369/2367 2419/2419/2417 2418/2418/2416
f 2369/2369/2367 2370/2370/2368 2420/2420/2418 2419/2419/2417
f 2370/2370/2368 2371/2371/2369 2421/2421/2419 2420/2420/2418
f 2371/2371/2369 2372/2372/2370 2422/2422/2420 2421/2421/2419
f 2372/2372/2370 2373/2373/2371 2423/2423/2421 2422/2422/2420
f 2373/2373/2371 2374/2374/2372 2424/2424/2422 2423/2423/2421
f 2374/2374/2372 2375/2375/2373 2425/2425/2423 2424/2424/2422
f 2375/2375/2373 2376/2376/2374 2426/2426/2424 2425/2425/2423
f 2376/2376/2374 2377/2377/2375 2427/2427/2425 2426/2426/2424
f 2377/2377/2375 2378/2378/2376 2428/2428/2426 2427/2427/2425
f 2378/2378/2376 2379/2379/2377 2429/2429/2427 2428/2428/2426
f 2379/2379/2377 2380/2380/2378 2430/2430/2428 2429/2429/2427
f 2380/2380/2378 2381/2381/2379 2431/2431/2429 2430/2430/2428
f 2381/2381/2379 2382/2382/2380 2432/2432/2430 2431/2431/2429
f 2382/2382/2380 2383/2383/2381 2433/2433/2431 2432/2432/2430
f 2383/2383/2381 2384/2384/2382 2434/2434/2432 2433/2433/2431
f 2384/2384/2382 2385/2385/2383 2435/2435/2433 2434/2434/2432
f 2385/2385/2383 2386/2386/2384 2436/2436/2434 2435/2435/2433
f 2386/2386/2384 2387/2387/2385 2437/2437/2435 2436/2436/2434
f 2387/2387/2385 2388/2388/2386 2438/2438/2436 2437/2437/2435
f 2388/2388/2386 2389/2389/2387 2439/2439/2437 2438/2438/2436
f 2389/2389/2387 2390/2390/2388 2440/2440/2438 2439/2439/2437
f 2390/2390/2388 2391/2391/2389 2441/2441/2439 2440/2440/2438
f 2391/2391/2389 2392/2392/2390 2442/2442/2440 2441/2441/2439
f 2392/2392/2390 2393/2393/2391 2443/2443/2441 2442/2442/2440
f 2393/2393/2391 2394/2394/2392 2444/2444/2442 2443/2443/2441
f 2394/2394/2392 2395/2395/2393 2445/2445/2443 2444/2444/2442
f 2395/2395/2393 2396/2396/2394 2446/2446/2444 2445/2445/2443
f 2396/2396/2394 2397/2397/2395 2447/2447/2445 2446/2446/2444
f 2397/2397/2395 2398/2398/2396 2448/2448/2446 2447/2447/2445
f 2398/2398/2396 2399/2399/2397 2449/2449/2447 2448/2448/2446
f 2399/2399/2397 2400/2400/2398 2450/2450/2448 2449/2449/2447
f 2401/2402/2399 2402/2401/2400 2452/2451/2450 2451/2452/2449
f 2402/2401/2400 2403/2403/2401 2453/2453/2451 2452/2451/2450
f 2403/2403/2401 2404/2404/2402 2454/2454/2452 2453/2453/2451
f 2404/2404/2402 2405/2405/2403 2455/2455/2453 2454/2454/2452
f 2405/2405/2403 2406/2406/2404 2456/2456/2454 2455/2455/2453
f 2406/2406/2404 2407/2407/2405 2457/2457/2455 2456/2456/2454
f 2407/2407/2405 2408/2408/2406 2458/2458/2456 2457/2457/2455
f 2408/2408/2406 2409/2409/2407 2459/2459/2457 2458/2458/2456
f 2409/2409/2407 2410/2410/2408 2460/2460/2458 2459/2459/2457
f 2410/2410/2408 2411/2411/2409 2461/2461/2459 2460/2460/2458
f 2411/2411/2409 2412/2412/2410 2462/2462/2460 2461/2461/2459
f 2412/2412/2410 2413/2413/2411 2463/2463/2461 2462/2462/2460
f 2413/2413/2411 2414/2414/2412 2464/2464/2462 2463/2463/2461
f 2414/2414/2412 2415/2415/2413 2465/2465/2463 2464/2464/2462
f 2415/2415/2413 2416/2416/2414 2466/2466/2464 2465/2465/2463
f 2416/2416/2414 2417/2417/2415 2467/2467/2465 2466/2466/2464
f 2417/2417/2415 2418/2418/2416 2468/2468/2466 2467/2467/2465
f 2418/2418/2416 2419/2419/2417 2469/2469/2467 2468/2468/2466
f 2419/2419/2417 2420/2420/2418 2470/2470/2468 2469/2469/2467
f 2420/2420/2418 2421/2421/2419 2471/2471/2469 2470/2470/2468
f 2421/2421/2419 2422/2422/2420 2472/2472/2470 2471/2471/2469
f 2422/2422/2420 2423/2423/2421 2473/2473/2471 2472/2472/2470
f 2423/2423/2421 2424/2424/2422 2474/2474/2472 2473/2473/2471
f 2424/2424/2422 2425/2425/2423 2475/2475/2473 2474/2474/2472
f 2425/2425/2423 2426/2426/2424 2476/2476/2474 2475/2475/2473
f 2426/2426/2424 2427/2427/2425 2477/2477/2475 2476/2476/2474
f 2427/2427/2425 2428/2428/2426 2478/2478/2476 2477/2477/2475
f 2428/2428/2426 2429/2429/2427 2479/2479/2477 2478/2478/2476
f 2429/2429/2427 2430/2430/2428 2480/2480/2478 2479/2479/2477
f 2430/2430/2428 2431/2431/2429 2481/2481/2479 2480/2480/2478
f 2431/2431/2429 2432/2432/2430 2482/2482/2480 2481/2481/2479
f 2432/2432/2430 2433/2433/2431 2483/2483/2481 2482/2482/2480
f 2433/2433/2431 2434/2434/2432 2484/2484/2482 2483/2483/2481
f 2434/2434/2432 2435/2435/2433 2485/2485/2483 2484/2484/2482
f 2435/2435/2433 2436/2436/2434 2486/2486/2484 2485/2485/2483
f 2436/2436/2434 2437/2437/2435 2487/2487/2485 2486/2486/2484
f 2437/2437/2435 2438/2438/2436 2488/2488/2486 2487/2487/2485
f 2438/2438/2436 2439/2439/2437 2489/2489/2487 2488/2488/2486
f 2439/2439/2437 2440/2440/2438 2490/2490/2488 2489/2489/2487
f 2440/2440/2438 2441/2441/2439 2491/2491/2489 2490/2490/2488
f 2441/2441/2439 2442/2442/2440 2492/2492/2490 2491/2491/2489
f 2442/2442/2440 2443/2443/2441 2493/2493/2491 2492/2492/2490
f 2443/2443/2441 2444/2444/2442 2494/2494/2492 2493/2493/2491
f 2444/2444/2442 2445/2445/2443 2495/2495/2493 2494/2494/2492
f 2445/2445/2443 2446/2446/2444 2496/2496/2494 2495/2495/2493
f 2446/2446/2444 2447/2447/2445 2497/2497/2495 2496/2496/2494
f 2447/2447/2445 2448/2448/2446 2498/2498/2496 2497/2497/2495
f 2448/2448/2446 2449/2449/2447 2499/2499/2497 2498/2498/2496
f 2449/2449/2447 2450/2450/2448 2500/2500/2498 2499/2499/2497
