# Blender 4.2.1 LTS
# www.blender.org
mtllib my_model.mtl
o Plane
v -25.000000 1.416068 25.000000
v -23.886272 1.406162 24.766230
v -22.806625 1.449319 24.582544
v -21.762346 1.448703 24.434980
v -20.770035 1.498555 24.313311
v -19.819466 1.451123 24.204241
v -18.858545 1.439000 24.155640
v -17.922079 1.321874 24.127754
v -16.914850 1.234333 24.069727
v -15.973945 1.085160 24.029026
v -14.949897 0.918824 24.003305
v -13.977389 0.715566 24.028681
v -12.919832 0.407860 24.091486
v -11.719298 0.158965 24.187134
v -10.455470 0.095781 24.270473
v -9.291347 0.185687 24.340136
v -8.243752 0.308451 24.431816
v -7.249841 0.386373 24.544149
v -6.301226 0.499491 24.623430
v -5.426033 0.491917 24.663067
v -4.426469 0.428098 24.746588
v -3.433403 0.428874 24.819912
v -2.437081 0.425827 24.902216
v -1.427001 0.437853 24.932049
v -0.440968 0.523156 24.969509
v 0.440968 0.523156 25.030491
v 1.427001 0.437853 25.067951
v 2.437079 0.425827 25.097784
v 3.433403 0.428874 25.180088
v 4.426469 0.428098 25.253412
v 5.426031 0.491917 25.336933
v 6.301226 0.499491 25.376570
v 7.249841 0.386373 25.455851
v 8.243752 0.308450 25.568184
v 9.291347 0.185687 25.659864
v 10.455471 0.095781 25.729527
v 11.719300 0.158965 25.812866
v 12.919830 0.407860 25.908514
v 13.977387 0.715566 25.971319
v 14.949896 0.918824 25.996695
v 15.973945 1.085160 25.970974
v 16.914850 1.234333 25.930273
v 17.922079 1.321874 25.872246
v 18.858545 1.439000 25.844360
v 19.819464 1.451123 25.795759
v 20.770035 1.498554 25.686689
v 21.762344 1.448703 25.565020
v 22.806625 1.449319 25.417456
v 23.886272 1.406162 25.233770
v 25.000000 1.416068 25.000000
v -24.888172 1.409293 24.099039
v -23.793268 1.526181 23.861820
v -22.745123 1.602441 23.645967
v -21.724144 1.664482 23.454060
v -20.757833 1.724301 23.323378
v -19.839552 1.730040 23.252449
v -18.922270 1.641355 23.216793
v -17.945879 1.473949 23.167677
v -16.921234 1.396682 23.138601
v -15.986269 1.287167 23.104277
v -14.981191 1.084154 23.110083
v -13.985339 0.905399 23.099712
v -12.969279 0.595249 23.113970
v -11.755147 0.277625 23.153797
v -10.474061 0.195118 23.204782
v -9.319550 0.252961 23.281588
v -8.274597 0.334321 23.375982
v -7.292833 0.377614 23.478537
v -6.315573 0.430523 23.620037
v -5.409720 0.453793 23.710632
v -4.441071 0.399457 23.798273
v -3.435934 0.377830 23.903761
v -2.411056 0.363190 23.952026
v -1.391709 0.430071 24.008991
v -0.441263 0.501970 24.092735
v 0.476289 0.476574 24.136478
v 1.474321 0.424814 24.150606
v 2.460770 0.436822 24.188133
v 3.435111 0.426399 24.234013
v 4.407250 0.419202 24.330795
v 5.432525 0.419831 24.416107
v 6.347719 0.522074 24.450769
v 7.207516 0.404918 24.513582
v 8.237777 0.255581 24.582108
v 9.288642 0.134721 24.614992
v 10.457405 0.066813 24.671143
v 11.660644 0.129980 24.746252
v 12.852058 0.336353 24.882170
v 13.909873 0.582174 24.989071
v 14.944393 0.741766 25.017664
v 15.971442 0.949541 25.016050
v 16.938595 1.105604 24.948004
v 17.907194 1.242369 24.886023
v 18.849226 1.344024 24.836027
v 19.816122 1.387714 24.742157
v 20.786343 1.423281 24.663393
v 21.775219 1.397929 24.544918
v 22.832348 1.356629 24.441271
v 23.953274 1.339720 24.295214
v 25.111828 1.409293 24.099039
v -24.820908 1.434454 23.178686
v -23.708521 1.613711 23.013187
v -22.660353 1.801802 22.809315
v -21.681656 1.943158 22.613989
v -20.781000 2.011177 22.472954
v -19.908195 1.920102 22.397152
v -18.941549 1.797456 22.340221
v -17.980993 1.689247 22.274277
v -16.987806 1.541185 22.272699
v -16.017437 1.384109 22.272331
v -15.007000 1.172032 22.239193
v -13.997785 0.976183 22.230011
v -12.954976 0.667043 22.190735
v -11.743974 0.411986 22.155890
v -10.487818 0.339164 22.188765
v -9.337626 0.419720 22.243639
v -8.321220 0.475693 22.343718
v -7.333535 0.486503 22.464905
v -6.368428 0.455376 22.555824
v -5.425776 0.428471 22.691387
v -4.473117 0.331457 22.808384
v -3.418628 0.269376 22.895601
v -2.393812 0.320626 22.987894
v -1.410093 0.361081 23.102930
v -0.432380 0.365710 23.188204
v 0.556066 0.385459 23.206602
v 1.518971 0.402540 23.210907
v 2.499330 0.414247 23.254650
v 3.432623 0.428331 23.316185
v 4.396838 0.340511 23.392908
v 5.448225 0.348561 23.448727
v 6.357296 0.428213 23.528864
v 7.235762 0.310130 23.554390
v 8.287079 0.196283 23.553343
v 9.320947 0.154129 23.565580
v 10.448739 0.087752 23.612850
v 11.592423 0.169147 23.709747
v 12.710014 0.219960 23.889118
v 13.894104 0.402973 24.014862
v 14.929246 0.641740 24.026014
v 15.988864 0.803908 24.012526
v 16.984070 1.085016 23.953396
v 17.871059 1.214295 23.920294
v 18.855556 1.275487 23.888863
v 19.820034 1.372918 23.821218
v 20.791954 1.398255 23.746130
v 21.801979 1.396395 23.633949
v 22.849987 1.345555 23.489315
v 24.003410 1.321175 23.338257
v 25.179092 1.434454 23.178686
v -24.811226 1.547401 22.300945
v -23.688515 1.719271 22.190800
v -22.625261 1.921039 22.067104
v -21.643551 2.131598 21.914719
v -20.780670 2.258483 21.760666
v -19.935921 2.199320 21.631413
v -18.996376 2.035492 21.539604
v -18.030968 1.886207 21.492672
v -17.049644 1.683902 21.435501
v -16.030720 1.503663 21.371834
v -15.034981 1.284434 21.319239
v -13.980433 1.055279 21.282551
v -12.902472 0.837188 21.211405
v -11.736760 0.636350 21.178186
v -10.533615 0.544373 21.231400
v -9.383149 0.577884 21.336952
v -8.388750 0.573358 21.427626
v -7.350691 0.503702 21.508514
v -6.377586 0.536001 21.582253
v -5.468801 0.426753 21.654673
v -4.465400 0.294294 21.743671
v -3.429608 0.254169 21.846729
v -2.436373 0.240836 21.991833
v -1.426301 0.210075 22.128735
v -0.399926 0.228004 22.220140
v 0.616734 0.278098 22.282146
v 1.571114 0.330491 22.312195
v 2.516231 0.318173 22.356050
v 3.462247 0.300498 22.407528
v 4.440122 0.231968 22.412735
v 5.460155 0.251527 22.457367
v 6.384641 0.289704 22.509790
v 7.316898 0.230004 22.517572
v 8.339284 0.181090 22.521418
v 9.355748 0.163485 22.555799
v 10.435404 0.142615 22.616205
v 11.511141 0.196954 22.745251
v 12.607470 0.175377 22.870989
v 13.829287 0.272521 23.000969
v 14.949342 0.526048 23.071217
v 15.994349 0.785565 23.065023
v 16.974396 1.045902 23.102764
v 17.887690 1.204114 23.040134
v 18.842665 1.276875 22.965492
v 19.807379 1.343705 22.930397
v 20.802900 1.335431 22.840889
v 21.852194 1.368955 22.715298
v 22.906763 1.388234 22.563856
v 24.043539 1.430555 22.414354
v 25.188774 1.547401 22.300945
v -24.828320 1.661649 21.556189
v -23.715168 1.788404 21.475906
v -22.618757 2.004889 21.356722
v -21.668804 2.223277 21.249025
v -20.801016 2.330361 21.174440
v -19.940281 2.271068 21.032724
v -19.013430 2.157423 20.885223
v -18.074697 1.986055 20.772348
v -17.070227 1.791054 20.691271
v -16.042957 1.604927 20.624241
v -15.010495 1.441358 20.515902
v -13.992993 1.197446 20.427725
v -12.860222 0.984764 20.386534
v -11.765768 0.834791 20.354448
v -10.600958 0.651969 20.401648
v -9.445122 0.600075 20.457403
v -8.380039 0.593592 20.493267
v -7.385112 0.567859 20.528896
v -6.385610 0.504416 20.620617
v -5.438436 0.465015 20.667673
v -4.465518 0.337537 20.704424
v -3.470315 0.244292 20.804245
v -2.479111 0.146102 20.949659
v -1.462297 0.067751 21.092562
v -0.396681 0.011275 21.240807
v 0.669867 0.050056 21.290771
v 1.651255 0.132700 21.304298
v 2.556065 0.150841 21.308599
v 3.536467 0.095477 21.347061
v 4.528318 0.158442 21.341576
v 5.468680 0.176177 21.397655
v 6.435324 0.197569 21.469061
v 7.397454 0.193533 21.485481
v 8.398188 0.218166 21.483627
v 9.370742 0.218180 21.534204
v 10.400071 0.193961 21.615849
v 11.426361 0.146101 21.743040
v 12.553076 0.095287 21.885757
v 13.762947 0.171411 22.000540
v 14.939353 0.412982 22.087051
v 15.948043 0.694148 22.158466
v 16.941113 0.854033 22.214491
v 17.944201 1.094669 22.205765
v 18.828506 1.237417 22.150366
v 19.831430 1.253734 22.084141
v 20.850851 1.361165 21.956476
v 21.872154 1.407757 21.879887
v 22.954370 1.486763 21.774181
v 24.047489 1.556443 21.661676
v 25.171680 1.661649 21.556189
v -24.836084 1.667914 20.910105
v -23.755726 1.788314 20.805016
v -22.637911 1.999351 20.731220
v -21.733631 2.206763 20.640455
v -20.808599 2.228705 20.506584
v -19.914288 2.278934 20.337727
v -19.026381 2.179335 20.201525
v -18.087313 2.017593 20.074326
v -17.092966 1.796477 19.949959
v -16.050900 1.591684 19.828243
v -14.989925 1.417211 19.745277
v -13.954086 1.252582 19.622385
v -12.873751 1.044210 19.524797
v -11.776816 0.870109 19.500959
v -10.633976 0.685344 19.460871
v -9.472818 0.618211 19.485102
v -8.403822 0.600893 19.538710
v -7.382223 0.560845 19.577976
v -6.396955 0.512873 19.580145
v -5.428754 0.412839 19.648478
v -4.419197 0.357497 19.687429
v -3.494424 0.278227 19.726173
v -2.515289 0.109914 19.828194
v -1.510732 -0.052704 19.962210
v -0.376436 -0.207115 20.053818
v 0.742550 -0.099205 20.122047
v 1.721974 0.022200 20.185688
v 2.651278 0.091504 20.209229
v 3.608982 0.070159 20.182699
v 4.572746 0.139365 20.262783
v 5.489089 0.144685 20.335154
v 6.472903 0.150425 20.396931
v 7.459150 0.191219 20.460779
v 8.427294 0.276754 20.540977
v 9.366118 0.256081 20.624790
v 10.398842 0.241640 20.703169
v 11.390510 0.226196 20.771912
v 12.483600 0.126884 20.876884
v 13.704671 0.157584 21.021767
v 14.877963 0.380562 21.159012
v 15.908853 0.613518 21.262672
v 16.915142 0.772240 21.286814
v 17.923239 0.950451 21.332815
v 18.860868 1.118423 21.321407
v 19.854948 1.197285 21.265755
v 20.870401 1.333711 21.232342
v 21.863049 1.354127 21.141712
v 22.963299 1.418692 21.076515
v 24.045525 1.520854 20.996332
v 25.163916 1.667914 20.910105
v -24.878899 1.457959 20.278839
v -23.752438 1.652223 20.193583
v -22.714926 1.853198 20.102463
v -21.725458 2.036879 20.008541
v -20.815311 2.178029 19.859280
v -19.923031 2.199610 19.749741
v -19.014360 2.114985 19.561495
v -18.065376 1.964265 19.357033
v -17.071568 1.780627 19.169859
v -16.029686 1.609346 19.012880
v -14.979506 1.433574 18.851414
v -13.909801 1.285401 18.724646
v -12.881921 1.136528 18.638378
v -11.781703 0.936591 18.590876
v -10.638921 0.809781 18.561283
v -9.514277 0.703697 18.547009
v -8.423585 0.628904 18.539911
v -7.372550 0.591716 18.544037
v -6.388884 0.583101 18.591055
v -5.426522 0.486441 18.607428
v -4.407911 0.399916 18.649792
v -3.475506 0.353776 18.713160
v -2.545594 0.154069 18.793365
v -1.464996 -0.060661 18.834587
v -0.346599 -0.141278 18.853437
v 0.739938 -0.112015 18.978758
v 1.745388 -0.059039 19.092251
v 2.774572 0.004029 19.133770
v 3.708740 0.158858 19.111067
v 4.564843 0.156656 19.158508
v 5.517313 0.132944 19.282787
v 6.489980 0.157170 19.397806
v 7.456656 0.194194 19.506624
v 8.410070 0.204127 19.640879
v 9.388593 0.204895 19.722095
v 10.369999 0.181550 19.820787
v 11.382998 0.146266 19.955433
v 12.440237 0.086626 20.063364
v 13.627700 0.086102 20.196270
v 14.785246 0.228552 20.356092
v 15.890615 0.402283 20.463825
v 16.924000 0.639396 20.493757
v 17.889044 0.796273 20.498453
v 18.863165 0.933931 20.528793
v 19.836746 1.006894 20.529381
v 20.896666 1.084432 20.476032
v 21.901781 1.214010 20.377029
v 22.936459 1.274718 20.314913
v 24.008574 1.364738 20.286163
v 25.121101 1.457959 20.278839
v -24.929300 1.142493 19.464348
v -23.783836 1.358431 19.438034
v -22.765783 1.560328 19.415649
v -21.745811 1.758704 19.337673
v -20.850233 1.896202 19.250614
v -19.904226 1.900382 19.093178
v -18.935453 1.926688 18.872513
v -18.003860 1.896365 18.636517
v -17.029465 1.774830 18.430407
v -15.998188 1.635333 18.233326
v -14.931151 1.505743 18.070902
v -13.891942 1.429440 17.901688
v -12.914944 1.238565 17.807480
v -11.814562 0.990490 17.763449
v -10.655210 0.819910 17.716833
v -9.500022 0.744506 17.654181
v -8.411025 0.724140 17.607300
v -7.392177 0.693761 17.579054
v -6.431539 0.590899 17.613987
v -5.407642 0.488208 17.674807
v -4.415001 0.439046 17.702681
v -3.485266 0.317197 17.750635
v -2.509794 0.072026 17.758535
v -1.375503 -0.068182 17.756126
v -0.320298 -0.069015 17.787226
v 0.716002 -0.117039 17.876608
v 1.779929 -0.113992 17.967209
v 2.853706 -0.008120 18.017616
v 3.785835 0.205939 18.080484
v 4.589586 0.262458 18.147842
v 5.482937 0.155138 18.238537
v 6.478610 0.105164 18.378862
v 7.423627 0.120597 18.529272
v 8.386047 0.065044 18.682079
v 9.395042 0.063083 18.821917
v 10.369346 0.046741 18.906557
v 11.361739 -0.014568 18.975449
v 12.397704 -0.104562 19.101349
v 13.539156 -0.164546 19.283947
v 14.731086 -0.100466 19.437746
v 15.865670 0.072444 19.537785
v 16.934090 0.315193 19.619915
v 17.890678 0.550718 19.663940
v 18.841099 0.650931 19.679108
v 19.858341 0.712490 19.661987
v 20.939119 0.855535 19.619408
v 21.919825 1.021921 19.560579
v 22.914381 1.066863 19.515474
v 23.948666 1.120419 19.496046
v 25.070700 1.142493 19.464348
v -24.960255 0.921633 18.565264
v -23.881889 1.073720 18.586203
v -22.806486 1.199031 18.557806
v -21.788292 1.401369 18.495819
v -20.854599 1.520943 18.406342
v -19.871008 1.585181 18.265911
v -18.877489 1.683515 18.116323
v -17.952202 1.725966 17.926510
v -16.981779 1.638118 17.722599
v -15.953657 1.558879 17.531155
v -14.897443 1.467919 17.329638
v -13.876438 1.423202 17.184925
v -12.915670 1.244956 17.034916
v -11.827157 0.972150 16.886665
v -10.649861 0.805569 16.790342
v -9.515937 0.752143 16.744434
v -8.402137 0.708229 16.716228
v -7.374482 0.765005 16.657495
v -6.474225 0.649676 16.637962
v -5.438448 0.457614 16.649355
v -4.423078 0.341671 16.685974
v -3.423614 0.229266 16.668430
v -2.429516 0.093728 16.624140
v -1.330976 -0.018347 16.626600
v -0.299302 -0.012374 16.675264
v 0.709170 -0.082559 16.753500
v 1.800467 -0.089974 16.848526
v 2.862247 0.037337 16.959074
v 3.778364 0.203382 17.099709
v 4.621996 0.227680 17.182821
v 5.496231 0.197621 17.255302
v 6.423833 0.114116 17.393927
v 7.392298 0.053574 17.542900
v 8.344257 -0.050958 17.665770
v 9.387453 -0.130921 17.789524
v 10.388515 -0.118228 17.903095
v 11.378605 -0.125721 18.024248
v 12.355707 -0.196029 18.116461
v 13.477514 -0.368703 18.234629
v 14.706779 -0.340274 18.340698
v 15.838055 -0.175508 18.459932
v 16.884708 0.043441 18.591549
v 17.866182 0.188965 18.721043
v 18.880198 0.338135 18.744339
v 19.860600 0.440001 18.744242
v 20.947290 0.544144 18.768591
v 21.966812 0.744091 18.727013
v 22.918467 0.845263 18.628746
v 23.920181 0.857933 18.593252
v 25.039745 0.921633 18.565264
v -25.013664 0.695723 17.618656
v -23.956184 0.755829 17.638018
v -22.811768 0.924018 17.611677
v -21.836300 1.142852 17.557163
v -20.853468 1.244428 17.499516
v -19.877747 1.355634 17.399027
v -18.877796 1.394999 17.290127
v -17.892550 1.463804 17.126965
v -16.929245 1.461541 16.919052
v -15.913559 1.401752 16.721325
v -14.863155 1.366872 16.551441
v -13.875274 1.310609 16.391216
v -12.847622 1.163344 16.221773
v -11.769320 1.027115 16.009098
v -10.660598 0.886448 15.864967
v -9.544991 0.772028 15.787247
v -8.416930 0.723566 15.732526
v -7.402368 0.743705 15.738261
v -6.450541 0.627390 15.695506
v -5.426323 0.479217 15.619431
v -4.395156 0.361760 15.564952
v -3.384782 0.268644 15.558123
v -2.356742 0.153566 15.545387
v -1.307520 0.089356 15.523594
v -0.298893 0.062257 15.596962
v 0.700053 0.010928 15.676988
v 1.778860 -0.009738 15.796412
v 2.800794 0.079085 15.933426
v 3.754136 0.119865 16.080387
v 4.663354 0.225242 16.162733
v 5.453994 0.186083 16.271393
v 6.378296 0.011596 16.426874
v 7.374269 -0.072660 16.571070
v 8.357632 -0.147654 16.677385
v 9.379663 -0.202851 16.773661
v 10.363549 -0.240430 16.898510
v 11.353718 -0.322737 17.016859
v 12.359814 -0.405639 17.160660
v 13.500951 -0.519502 17.232574
v 14.707273 -0.428057 17.301594
v 15.777885 -0.291460 17.415956
v 16.816767 -0.182886 17.567251
v 17.846928 -0.094948 17.648394
v 18.889456 0.055345 17.727507
v 19.868641 0.167509 17.759054
v 20.935804 0.222058 17.765341
v 22.029367 0.403110 17.746113
v 22.961933 0.618082 17.678518
v 23.909348 0.636833 17.639725
v 24.986336 0.695723 17.618656
v -25.047802 0.546923 16.623962
v -24.020744 0.553219 16.643364
v -22.850086 0.692485 16.648205
v -21.872162 0.913951 16.635628
v -20.889906 1.000939 16.592646
v -19.889751 1.067707 16.526438
v -18.853554 1.126350 16.389099
v -17.866182 1.213347 16.241898
v -16.887400 1.224085 16.104708
v -15.868713 1.213844 15.934896
v -14.828497 1.206316 15.726737
v -13.852106 1.163772 15.548870
v -12.783898 1.043320 15.369864
v -11.703967 1.011415 15.181397
v -10.639613 0.918418 15.024093
v -9.539524 0.863427 14.892035
v -8.468094 0.795687 14.832715
v -7.419297 0.736075 14.769027
v -6.410136 0.630937 14.675528
v -5.370960 0.542745 14.583094
v -4.371774 0.465903 14.526109
v -3.361454 0.334662 14.489600
v -2.282202 0.259969 14.436987
v -1.289062 0.281101 14.416453
v -0.345246 0.185707 14.478953
v 0.655650 0.092189 14.608297
v 1.696366 0.002011 14.772248
v 2.762069 0.046019 14.944863
v 3.718193 0.103175 15.056420
v 4.641107 0.169752 15.218104
v 5.445115 0.141563 15.330050
v 6.343843 -0.053497 15.411140
v 7.338548 -0.228440 15.545003
v 8.368008 -0.318354 15.669704
v 9.366575 -0.377127 15.794721
v 10.389731 -0.413486 15.890171
v 11.335104 -0.458947 15.980495
v 12.357722 -0.640506 16.078173
v 13.521758 -0.715983 16.173113
v 14.692756 -0.613276 16.319016
v 15.745737 -0.461746 16.441263
v 16.791817 -0.386110 16.534786
v 17.834440 -0.266179 16.628035
v 18.855982 -0.198050 16.711153
v 19.896908 -0.105527 16.759087
v 20.960739 -0.041369 16.753590
v 22.087080 0.177318 16.718792
v 22.979780 0.432139 16.693344
v 23.927095 0.443160 16.650345
v 24.952198 0.546923 16.623962
v -25.107874 0.381537 15.706565
v -24.054537 0.354768 15.717714
v -22.912663 0.498128 15.726374
v -21.932135 0.663886 15.749262
v -20.919035 0.710920 15.727872
v -19.869097 0.790681 15.619837
v -18.828936 0.878979 15.490143
v -17.834303 0.972636 15.340604
v -16.864035 0.966584 15.145505
v -15.817945 0.938369 14.963938
v -14.777055 1.009420 14.801586
v -13.818761 1.014624 14.646924
v -12.735394 0.943528 14.482608
v -11.655974 0.965820 14.305704
v -10.623384 0.914138 14.142848
v -9.558048 0.846796 14.054586
v -8.482178 0.751615 13.949971
v -7.394034 0.700221 13.849115
v -6.343551 0.667510 13.712730
v -5.330435 0.634183 13.570782
v -4.346570 0.555855 13.500054
v -3.315385 0.475989 13.434145
v -2.264231 0.448660 13.420220
v -1.290556 0.487202 13.450917
v -0.392454 0.396293 13.504734
v 0.594351 0.235183 13.568421
v 1.591250 0.070753 13.681359
v 2.677411 -0.018415 13.867073
v 3.663960 0.041304 14.054118
v 4.565208 0.020776 14.215214
v 5.457108 -0.052026 14.341444
v 6.365702 -0.180576 14.416545
v 7.343052 -0.334135 14.473759
v 8.348627 -0.451467 14.586998
v 9.362287 -0.562607 14.707555
v 10.395521 -0.613347 14.834702
v 11.371187 -0.659522 14.929781
v 12.409974 -0.754297 14.982566
v 13.505839 -0.790860 15.067208
v 14.616618 -0.790161 15.236048
v 15.719165 -0.700431 15.429614
v 16.766947 -0.603899 15.567506
v 17.829084 -0.528597 15.667705
v 18.873344 -0.443227 15.690472
v 19.925850 -0.392829 15.708024
v 21.039751 -0.266402 15.662978
v 22.072786 -0.027022 15.677778
v 23.012449 0.160930 15.731094
v 23.961079 0.304863 15.671845
v 24.892126 0.381537 15.706565
v -25.153866 0.082323 14.761574
v -24.073221 0.083024 14.763394
v -22.994816 0.181364 14.794687
v -21.976877 0.269664 14.811918
v -20.921816 0.302093 14.751068
v -19.825188 0.423279 14.659181
v -18.796495 0.566413 14.522340
v -17.767618 0.682227 14.369924
v -16.772858 0.803535 14.175063
v -15.767638 0.861914 13.974807
v -14.775492 0.927724 13.807829
v -13.829421 0.868307 13.701365
v -12.717039 0.797118 13.593789
v -11.620200 0.865531 13.464865
v -10.602995 0.878932 13.306643
v -9.562532 0.786375 13.143967
v -8.439199 0.726285 12.989055
v -7.375512 0.709962 12.832950
v -6.264251 0.708452 12.714040
v -5.282173 0.809385 12.574650
v -4.343243 0.711115 12.494899
v -3.311429 0.648087 12.467986
v -2.299270 0.605745 12.461804
v -1.359539 0.591801 12.516195
v -0.428184 0.425272 12.593677
v 0.593395 0.339907 12.611588
v 1.519236 0.194109 12.672034
v 2.568533 0.041172 12.804831
v 3.551367 -0.039399 12.991095
v 4.531460 -0.118227 13.143869
v 5.440995 -0.182010 13.256070
v 6.395576 -0.312507 13.359423
v 7.356533 -0.425658 13.443842
v 8.353148 -0.592663 13.527815
v 9.379748 -0.696889 13.601005
v 10.392560 -0.773639 13.693763
v 11.397646 -0.828431 13.825190
v 12.443159 -0.884212 13.936978
v 13.495522 -0.880752 14.061899
v 14.538606 -0.925346 14.225557
v 15.658369 -0.951338 14.392968
v 16.736252 -0.910887 14.528274
v 17.846500 -0.876078 14.636429
v 18.949785 -0.727028 14.662756
v 19.999884 -0.622178 14.622724
v 21.104893 -0.406325 14.630051
v 22.044649 -0.194983 14.647779
v 23.026964 -0.084330 14.655709
v 23.936081 0.102701 14.719712
v 24.846134 0.082323 14.761574
v -25.146914 -0.199647 13.660473
v -24.102882 -0.182451 13.673811
v -23.040611 -0.114171 13.701462
v -21.975143 -0.051139 13.680039
v -20.886106 0.045939 13.601608
v -19.808556 0.185914 13.524339
v -18.756012 0.342191 13.444720
v -17.723686 0.489670 13.318825
v -16.716610 0.627288 13.180312
v -15.727258 0.721959 13.026075
v -14.756995 0.811747 12.902897
v -13.823335 0.778466 12.732109
v -12.750780 0.672036 12.609411
v -11.624173 0.684979 12.528522
v -10.571502 0.737513 12.401201
v -9.512786 0.725041 12.260172
v -8.387892 0.760344 12.080282
v -7.342557 0.816104 11.947528
v -6.251272 0.844215 11.821241
v -5.253792 0.946962 11.732264
v -4.337130 0.904395 11.609842
v -3.344194 0.800864 11.540339
v -2.351647 0.758083 11.543812
v -1.442600 0.669264 11.587884
v -0.454495 0.468370 11.597465
v 0.565991 0.409216 11.648118
v 1.473835 0.277095 11.704914
v 2.469046 0.068968 11.803255
v 3.480372 -0.085106 11.928458
v 4.477626 -0.184729 12.049710
v 5.402881 -0.305564 12.192627
v 6.387928 -0.489332 12.313017
v 7.405907 -0.607278 12.369606
v 8.401969 -0.717595 12.385966
v 9.408163 -0.798545 12.464294
v 10.383251 -0.872084 12.595075
v 11.386683 -0.987978 12.725327
v 12.432441 -1.047146 12.874600
v 13.449110 -1.091439 13.048730
v 14.500346 -1.197058 13.207733
v 15.639613 -1.237431 13.341771
v 16.733864 -1.203734 13.453148
v 17.864506 -1.200442 13.524528
v 19.041626 -1.030065 13.566646
v 20.079472 -0.789056 13.562423
v 21.104240 -0.633888 13.582927
v 22.106094 -0.423076 13.591742
v 23.003803 -0.235282 13.606081
v 23.890148 -0.188598 13.660321
v 24.853086 -0.199647 13.660473
v -25.132668 -0.337942 12.575721
v -24.142843 -0.329696 12.590029
v -23.075424 -0.339677 12.640121
v -21.942051 -0.240536 12.627411
v -20.864674 -0.072325 12.574539
v -19.804424 0.060899 12.516482
v -18.736856 0.208237 12.428600
v -17.694311 0.374319 12.331360
v -16.670784 0.525144 12.196067
v -15.696461 0.658688 12.033017
v -14.754449 0.685971 11.875823
v -13.782800 0.682307 11.756925
v -12.779029 0.603290 11.634052
v -11.635156 0.561222 11.537992
v -10.573842 0.618770 11.426718
v -9.488489 0.596946 11.308746
v -8.368049 0.717933 11.213130
v -7.348369 0.782555 11.112029
v -6.253696 0.838605 11.032551
v -5.246202 0.952816 10.921551
v -4.298092 0.978718 10.803992
v -3.362008 0.968275 10.692161
v -2.446095 0.862779 10.682010
v -1.474103 0.721842 10.690142
v -0.492107 0.597273 10.675890
v 0.487785 0.453195 10.724829
v 1.448633 0.295224 10.770541
v 2.416620 0.102353 10.795263
v 3.415402 -0.090563 10.885255
v 4.414341 -0.247201 11.012894
v 5.373784 -0.432503 11.108836
v 6.401091 -0.656512 11.154766
v 7.463354 -0.751894 11.217360
v 8.459041 -0.775808 11.288890
v 9.407433 -0.862559 11.355553
v 10.376988 -1.019060 11.442473
v 11.368650 -1.150785 11.579589
v 12.379120 -1.297482 11.751950
v 13.419186 -1.412770 11.929060
v 14.496675 -1.522549 12.070786
v 15.640582 -1.565948 12.190311
v 16.765980 -1.539284 12.293807
v 17.916805 -1.474182 12.359891
v 19.068958 -1.305060 12.439647
v 20.137131 -1.075599 12.516485
v 21.165754 -0.850301 12.518579
v 22.138060 -0.589481 12.529395
v 23.001534 -0.419984 12.550026
v 23.900066 -0.372479 12.567058
v 24.867332 -0.337942 12.575721
v -25.105095 -0.564205 11.555109
v -24.148382 -0.520550 11.535796
v -23.095303 -0.565727 11.534956
v -21.952732 -0.470022 11.560497
v -20.864750 -0.309419 11.578647
v -19.783144 -0.133449 11.537338
v -18.736763 0.051607 11.485617
v -17.684181 0.194327 11.422596
v -16.623123 0.380112 11.298214
v -15.642925 0.557365 11.137051
v -14.704419 0.669431 10.969099
v -13.774732 0.650539 10.771276
v -12.775951 0.541955 10.622553
v -11.652380 0.466427 10.507305
v -10.546361 0.555426 10.386106
v -9.530018 0.582123 10.296581
v -8.409631 0.615162 10.261454
v -7.377682 0.696968 10.204686
v -6.286355 0.732064 10.139032
v -5.247674 0.877426 10.083294
v -4.284439 0.957043 9.990983
v -3.383373 1.004838 9.909677
v -2.515660 0.886813 9.868189
v -1.527561 0.716477 9.862823
v -0.535084 0.600714 9.865733
v 0.439007 0.443433 9.851864
v 1.439453 0.277951 9.822685
v 2.379512 0.108733 9.834380
v 3.356484 -0.140155 9.892479
v 4.367996 -0.370417 9.940717
v 5.405676 -0.592743 9.977299
v 6.460514 -0.706279 9.971429
v 7.450085 -0.805414 10.023251
v 8.449996 -0.929357 10.151184
v 9.462137 -0.992881 10.242815
v 10.398623 -1.066753 10.301412
v 11.366127 -1.271118 10.369054
v 12.362077 -1.449842 10.451205
v 13.379210 -1.669511 10.616819
v 14.507126 -1.812279 10.782288
v 15.648983 -1.836605 10.937580
v 16.797810 -1.800378 11.077509
v 17.961765 -1.712007 11.169727
v 19.088474 -1.547842 11.238283
v 20.176901 -1.363492 11.306467
v 21.210325 -1.098427 11.360166
v 22.145874 -0.860733 11.447490
v 23.036963 -0.645525 11.506123
v 23.896587 -0.587825 11.536889
v 24.894905 -0.564205 11.555109
v -25.064159 -0.796628 10.443723
v -24.106819 -0.684286 10.442931
v -23.104080 -0.688181 10.455372
v -21.996059 -0.640558 10.503083
v -20.887325 -0.531647 10.530211
v -19.798162 -0.377537 10.536094
v -18.745554 -0.210801 10.514542
v -17.679852 -0.073985 10.451127
v -16.574482 0.145769 10.359875
v -15.608768 0.395204 10.228638
v -14.650502 0.483855 10.073528
v -13.676677 0.588754 9.872509
v -12.734417 0.559494 9.634334
v -11.646288 0.508182 9.462919
v -10.584890 0.586555 9.393447
v -9.578261 0.578356 9.330309
v -8.475236 0.582763 9.269403
v -7.426022 0.650027 9.226912
v -6.361130 0.687669 9.215942
v -5.296612 0.772098 9.198270
v -4.290395 0.866641 9.110423
v -3.427263 0.940467 9.040334
v -2.570154 0.791850 9.017230
v -1.574136 0.625371 8.959876
v -0.603305 0.469451 8.949267
v 0.430095 0.294494 8.957833
v 1.457845 0.214287 8.906061
v 2.359995 0.056296 8.845701
v 3.342888 -0.240058 8.824689
v 4.399176 -0.437470 8.808336
v 5.442016 -0.604336 8.788524
v 6.488771 -0.678742 8.830277
v 7.431535 -0.782263 8.901107
v 8.427208 -0.964275 8.976651
v 9.440082 -1.097311 9.093347
v 10.440938 -1.234370 9.199380
v 11.452859 -1.338295 9.215486
v 12.401199 -1.464979 9.243597
v 13.387230 -1.719855 9.281567
v 14.483997 -1.916627 9.405134
v 15.603040 -2.038905 9.611435
v 16.800238 -2.075192 9.811322
v 18.007980 -1.947325 9.945202
v 19.132694 -1.733282 10.048799
v 20.220819 -1.515246 10.125767
v 21.233974 -1.222257 10.199867
v 22.124382 -1.034750 10.268066
v 23.030558 -0.910564 10.367290
v 23.921024 -0.849279 10.433193
v 24.935841 -0.796628 10.443723
v -25.041229 -1.014102 9.340733
v -24.086327 -0.899126 9.393735
v -23.107084 -0.893737 9.407970
v -22.021509 -0.885499 9.429452
v -20.891291 -0.789910 9.447889
v -19.804251 -0.601007 9.434703
v -18.762285 -0.451393 9.431615
v -17.670321 -0.288147 9.410721
v -16.587805 -0.068839 9.368489
v -15.572438 0.158731 9.296931
v -14.589828 0.319997 9.149176
v -13.576509 0.459976 8.938223
v -12.633458 0.588561 8.709148
v -11.657111 0.611210 8.542806
v -10.641607 0.614960 8.439356
v -9.620877 0.606000 8.372162
v -8.552891 0.606120 8.329669
v -7.514042 0.640698 8.323537
v -6.483479 0.591725 8.314355
v -5.334894 0.604643 8.304424
v -4.296371 0.831208 8.224784
v -3.493988 0.890765 8.167008
v -2.603066 0.695203 8.087344
v -1.604584 0.567760 8.044231
v -0.657823 0.393678 7.998244
v 0.398045 0.160219 7.952901
v 1.475368 0.073512 7.915903
v 2.414438 -0.015261 7.837670
v 3.372043 -0.250431 7.739516
v 4.430247 -0.442652 7.708689
v 5.449356 -0.573911 7.712603
v 6.458546 -0.714195 7.769010
v 7.429574 -0.861925 7.816173
v 8.412714 -1.053583 7.880212
v 9.424446 -1.250375 7.954143
v 10.487634 -1.421442 7.998455
v 11.527369 -1.498595 8.026115
v 12.504405 -1.583998 8.042603
v 13.480637 -1.692600 8.048549
v 14.473330 -1.874780 8.113927
v 15.556682 -2.099025 8.252484
v 16.758923 -2.231031 8.441955
v 17.990929 -2.161509 8.662727
v 19.151730 -1.973347 8.831374
v 20.237059 -1.723926 8.955616
v 21.239895 -1.465997 9.097172
v 22.166515 -1.231389 9.172248
v 23.019983 -1.105778 9.221718
v 23.945194 -1.097643 9.284665
v 24.958771 -1.014102 9.340733
v -25.061712 -1.239617 8.151680
v -24.064659 -1.174979 8.231150
v -23.081141 -1.104555 8.267999
v -21.998549 -1.052798 8.287229
v -20.903170 -0.918351 8.296820
v -19.823814 -0.759959 8.361637
v -18.779432 -0.596711 8.363328
v -17.713371 -0.480684 8.374141
v -16.601574 -0.307949 8.369678
v -15.563439 -0.080046 8.298814
v -14.526766 0.068865 8.184241
v -13.467262 0.358655 8.008571
v -12.601543 0.565085 7.853125
v -11.635562 0.603903 7.709506
v -10.684107 0.654533 7.584379
v -9.683209 0.592389 7.511783
v -8.638972 0.574412 7.447774
v -7.602451 0.541289 7.404808
v -6.548225 0.505388 7.352459
v -5.430782 0.510117 7.306446
v -4.397745 0.639951 7.377664
v -3.489229 0.708101 7.326519
v -2.621995 0.628046 7.198399
v -1.650342 0.417755 7.110971
v -0.659269 0.251351 7.022925
v 0.383479 0.051661 6.957270
v 1.473223 -0.054264 6.902784
v 2.484081 -0.124372 6.813640
v 3.429591 -0.253052 6.688062
v 4.435816 -0.457593 6.633267
v 5.444027 -0.607149 6.618071
v 6.442118 -0.806606 6.623810
v 7.444005 -0.950494 6.650423
v 8.417951 -1.159483 6.662192
v 9.454716 -1.374308 6.681100
v 10.544740 -1.536185 6.709574
v 11.603177 -1.558492 6.733489
v 12.569698 -1.630827 6.774336
v 13.551799 -1.724993 6.827401
v 14.519039 -1.880420 6.886652
v 15.578092 -2.060422 6.955422
v 16.704752 -2.220342 7.093791
v 17.926075 -2.282024 7.298978
v 19.134295 -2.145669 7.518229
v 20.206907 -1.903349 7.714338
v 21.223740 -1.735377 7.888433
v 22.213408 -1.490361 7.985194
v 23.055405 -1.347450 8.048674
v 23.988178 -1.294284 8.084286
v 24.938288 -1.239617 8.151680
v -25.045044 -1.389143 6.934081
v -24.072466 -1.323724 7.014926
v -23.085630 -1.286464 7.128590
v -21.987885 -1.221974 7.196283
v -20.930002 -1.064546 7.278179
v -19.859610 -0.951331 7.324545
v -18.791542 -0.777819 7.373993
v -17.734266 -0.661669 7.360457
v -16.615387 -0.508341 7.321289
v -15.545463 -0.296261 7.283657
v -14.475007 -0.072104 7.178026
v -13.465373 0.213886 7.096956
v -12.571322 0.403004 6.992770
v -11.629245 0.487080 6.842837
v -10.695632 0.540614 6.716370
v -9.726618 0.503948 6.598218
v -8.691200 0.495095 6.527678
v -7.681992 0.471341 6.479279
v -6.596864 0.431299 6.437745
v -5.547411 0.477780 6.412274
v -4.535069 0.430907 6.394431
v -3.518724 0.456198 6.381224
v -2.607213 0.408640 6.297354
v -1.608993 0.304142 6.125516
v -0.669196 0.178677 5.993853
v 0.371703 -0.062369 5.905652
v 1.474354 -0.193105 5.818903
v 2.539281 -0.247832 5.744440
v 3.499376 -0.281665 5.627104
v 4.446808 -0.479548 5.525232
v 5.475283 -0.649786 5.464274
v 6.443540 -0.813677 5.421870
v 7.449224 -1.019312 5.441764
v 8.469411 -1.196400 5.436203
v 9.504032 -1.371456 5.429795
v 10.580361 -1.505156 5.444408
v 11.630733 -1.581255 5.513448
v 12.636567 -1.650248 5.538445
v 13.604727 -1.737245 5.562418
v 14.580686 -1.863596 5.605452
v 15.591767 -2.007864 5.715574
v 16.696125 -2.168787 5.857370
v 17.870008 -2.246735 6.017669
v 19.054991 -2.228070 6.227805
v 20.151682 -2.103892 6.450037
v 21.223591 -1.991083 6.603105
v 22.253036 -1.732008 6.726620
v 23.115107 -1.544423 6.792293
v 24.024750 -1.459571 6.858507
v 24.954956 -1.389143 6.934081
v -25.035181 -1.504187 5.725706
v -24.115162 -1.457624 5.870156
v -23.090403 -1.489542 5.985767
v -22.011705 -1.391409 6.069672
v -20.968216 -1.313645 6.167718
v -19.894232 -1.194499 6.260796
v -18.824686 -1.083254 6.333961
v -17.706507 -0.908709 6.348427
v -16.622622 -0.700209 6.340490
v -15.531881 -0.492093 6.293897
v -14.464998 -0.258282 6.222808
v -13.471619 0.010907 6.137243
v -12.555606 0.194240 6.045949
v -11.598359 0.349846 5.924183
v -10.698451 0.460521 5.793584
v -9.755342 0.452275 5.690545
v -8.769072 0.409910 5.615501
v -7.746319 0.343997 5.561449
v -6.687198 0.291776 5.512649
v -5.629660 0.264042 5.473927
v -4.607158 0.242281 5.438387
v -3.574857 0.210134 5.367124
v -2.583049 0.166084 5.246864
v -1.574221 0.138377 5.130315
v -0.648111 0.053128 4.998618
v 0.406531 -0.154257 4.848076
v 1.490938 -0.223943 4.711505
v 2.539324 -0.329672 4.627561
v 3.572212 -0.338417 4.534321
v 4.502135 -0.447137 4.398936
v 5.521502 -0.575769 4.298804
v 6.444978 -0.736462 4.241990
v 7.467785 -1.005931 4.212605
v 8.510324 -1.167781 4.175909
v 9.531128 -1.355638 4.183594
v 10.598903 -1.510715 4.213948
v 11.665329 -1.625085 4.233003
v 12.709516 -1.658189 4.258055
v 13.667457 -1.686737 4.279233
v 14.596313 -1.782223 4.370445
v 15.576245 -1.990283 4.483624
v 16.676117 -2.192447 4.624904
v 17.847702 -2.304913 4.785594
v 19.014141 -2.286432 4.939747
v 20.126701 -2.219302 5.110923
v 21.234034 -2.074805 5.256588
v 22.244560 -1.873324 5.416922
v 23.180965 -1.671591 5.537459
v 24.039759 -1.548361 5.611325
v 24.964819 -1.504187 5.725706
v -25.058996 -1.623291 4.537376
v -24.145441 -1.663670 4.674544
v -23.102489 -1.691678 4.805984
v -22.038034 -1.613702 4.944295
v -20.983221 -1.528367 5.048347
v -19.931774 -1.419602 5.119042
v -18.859015 -1.337662 5.216432
v -17.730568 -1.176017 5.297997
v -16.638987 -0.995908 5.336321
v -15.502681 -0.767777 5.326247
v -14.435870 -0.448208 5.246855
v -13.467656 -0.162809 5.172528
v -12.551316 0.026250 5.068498
v -11.616227 0.180441 4.999807
v -10.713409 0.300867 4.938488
v -9.774801 0.311060 4.833021
v -8.796211 0.296252 4.695912
v -7.819175 0.208202 4.605849
v -6.727394 0.119717 4.532149
v -5.685528 0.128011 4.421565
v -4.676507 0.022295 4.348199
v -3.572469 0.003112 4.275823
v -2.570599 0.035396 4.150353
v -1.582863 -0.015300 4.032644
v -0.600806 -0.102242 3.908092
v 0.452963 -0.227314 3.738153
v 1.513132 -0.273502 3.624764
v 2.549553 -0.346611 3.506590
v 3.593970 -0.366755 3.433184
v 4.552483 -0.421953 3.348394
v 5.549426 -0.546308 3.253573
v 6.497667 -0.689504 3.144044
v 7.514083 -0.934640 3.027348
v 8.552920 -1.080755 2.962045
v 9.545917 -1.295750 2.933220
v 10.646438 -1.448080 2.915554
v 11.689712 -1.537869 2.935250
v 12.760978 -1.570898 2.972048
v 13.664743 -1.563304 3.051868
v 14.593107 -1.758837 3.155597
v 15.590897 -1.943790 3.225285
v 16.661358 -2.193271 3.339345
v 17.849785 -2.304149 3.451004
v 18.963045 -2.316830 3.641733
v 20.107288 -2.298258 3.858167
v 21.224552 -2.161624 4.021120
v 22.240437 -1.999338 4.156969
v 23.195415 -1.818160 4.301747
v 24.072161 -1.668649 4.431965
v 24.941004 -1.623291 4.537376
v -25.049986 -1.780283 3.272802
v -24.166424 -1.828066 3.414476
v -23.132717 -1.897386 3.572272
v -22.073835 -1.860099 3.717171
v -20.997873 -1.805493 3.854354
v -19.958687 -1.674852 3.984671
v -18.909912 -1.649482 4.096666
v -17.760405 -1.533583 4.172101
v -16.658766 -1.365214 4.247036
v -15.489214 -1.110474 4.262125
v -14.438740 -0.773792 4.271699
v -13.426702 -0.463551 4.218027
v -12.531936 -0.152005 4.112980
v -11.672990 -0.017747 4.049591
v -10.760008 0.034540 4.008493
v -9.771149 0.044468 3.925791
v -8.780525 0.119466 3.795190
v -7.844701 0.061012 3.642488
v -6.752769 -0.039171 3.522063
v -5.681476 -0.003436 3.406728
v -4.697117 -0.039927 3.245831
v -3.621378 -0.120695 3.160849
v -2.550856 -0.078820 3.070528
v -1.582784 -0.105582 2.923440
v -0.541198 -0.195781 2.757512
v 0.488176 -0.225029 2.585853
v 1.515581 -0.288359 2.473503
v 2.546471 -0.326182 2.394244
v 3.560991 -0.408484 2.335876
v 4.586352 -0.501357 2.247689
v 5.596789 -0.583786 2.112093
v 6.569875 -0.698184 1.998703
v 7.607187 -0.853583 1.859899
v 8.608785 -0.947915 1.720395
v 9.583061 -1.155405 1.647161
v 10.650232 -1.318195 1.658406
v 11.706409 -1.441162 1.696739
v 12.750860 -1.450263 1.743089
v 13.629036 -1.531829 1.848222
v 14.620464 -1.718595 1.920530
v 15.613088 -1.876648 1.984302
v 16.696035 -2.119259 2.018764
v 17.836012 -2.210788 2.130605
v 18.905291 -2.297496 2.284950
v 20.052889 -2.383930 2.474397
v 21.241875 -2.264847 2.664064
v 22.244778 -2.037981 2.795534
v 23.162388 -1.925322 2.978831
v 24.079506 -1.835625 3.141446
v 24.950014 -1.780283 3.272802
v -25.039679 -1.850045 1.946632
v -24.189522 -1.948066 2.077075
v -23.159147 -2.062700 2.239753
v -22.110113 -2.060611 2.420154
v -21.018454 -2.029536 2.576575
v -19.995239 -1.947832 2.690243
v -18.901382 -1.957510 2.787015
v -17.775776 -1.787984 2.853882
v -16.706371 -1.690157 2.956198
v -15.508302 -1.443735 3.078127
v -14.448623 -1.104375 3.113250
v -13.416905 -0.761884 3.129227
v -12.531605 -0.423430 3.114669
v -11.706304 -0.276651 3.070701
v -10.786978 -0.256398 3.017487
v -9.767713 -0.223130 2.913726
v -8.771498 -0.152135 2.802263
v -7.803129 -0.138086 2.661695
v -6.756076 -0.189019 2.493072
v -5.654347 -0.144528 2.340074
v -4.683717 -0.073508 2.196393
v -3.669457 -0.166580 2.075071
v -2.558974 -0.189254 1.973178
v -1.527298 -0.160994 1.813145
v -0.487535 -0.153440 1.625737
v 0.511421 -0.122327 1.470045
v 1.477970 -0.198507 1.362487
v 2.512758 -0.315279 1.294702
v 3.556661 -0.427355 1.185637
v 4.630418 -0.510030 1.058527
v 5.641230 -0.535904 0.927328
v 6.625268 -0.655776 0.807599
v 7.696118 -0.741939 0.660968
v 8.670570 -0.764558 0.583314
v 9.634831 -0.918404 0.482783
v 10.644641 -1.122393 0.388360
v 11.705797 -1.298273 0.375043
v 12.697435 -1.330358 0.450754
v 13.587236 -1.470425 0.584663
v 14.601133 -1.677458 0.699464
v 15.671283 -1.832587 0.772445
v 16.755779 -1.920749 0.787852
v 17.814577 -2.032799 0.864732
v 18.896200 -2.118689 0.989305
v 19.987114 -2.232084 1.161569
v 21.204979 -2.204827 1.362315
v 22.217239 -1.996950 1.576419
v 23.143425 -1.946201 1.722023
v 24.090040 -1.896860 1.838673
v 24.960321 -1.850045 1.946632
v -25.007027 -1.869777 0.646706
v -24.175482 -1.934485 0.741555
v -23.200989 -2.101224 0.873576
v -22.149736 -2.182060 1.041339
v -21.052402 -2.201335 1.215428
v -19.967173 -2.106801 1.366858
v -18.890907 -2.059570 1.420675
v -17.776249 -1.904458 1.534436
v -16.770405 -1.799371 1.635441
v -15.588490 -1.709264 1.788960
v -14.485622 -1.382851 1.930196
v -13.459001 -1.100020 2.021058
v -12.525941 -0.730259 2.027987
v -11.732015 -0.578454 2.013756
v -10.778306 -0.567075 1.952524
v -9.756644 -0.519355 1.881962
v -8.726398 -0.407442 1.751064
v -7.768847 -0.356337 1.587650
v -6.700629 -0.333229 1.448037
v -5.657001 -0.216554 1.308756
v -4.686474 -0.180666 1.214810
v -3.657136 -0.235739 1.051867
v -2.546544 -0.247234 0.881748
v -1.485545 -0.172930 0.716024
v -0.478188 -0.120789 0.578580
v 0.509007 -0.081588 0.474584
v 1.459481 -0.148378 0.341174
v 2.513278 -0.291889 0.194509
v 3.595107 -0.361938 0.031145
v 4.670668 -0.403000 -0.133316
v 5.665559 -0.395164 -0.259599
v 6.675442 -0.517433 -0.372099
v 7.736964 -0.526694 -0.493952
v 8.660254 -0.662871 -0.586915
v 9.734959 -0.802959 -0.682354
v 10.722545 -0.847556 -0.810741
v 11.723371 -0.941772 -0.903807
v 12.580831 -1.058067 -0.851942
v 13.509819 -1.386947 -0.710032
v 14.557863 -1.628471 -0.605576
v 15.675915 -1.813357 -0.470496
v 16.782887 -1.846156 -0.373924
v 17.813641 -1.931713 -0.275118
v 18.866783 -2.031081 -0.154584
v 19.956015 -2.196358 -0.038598
v 21.126722 -2.198989 0.139421
v 22.168200 -2.133287 0.342413
v 23.191364 -2.047082 0.468352
v 24.126457 -1.930277 0.542206
v 24.992973 -1.869777 0.646706
v -24.992973 -1.869777 -0.646706
v -24.126457 -1.930278 -0.542206
v -23.191364 -2.047082 -0.468352
v -22.168201 -2.133287 -0.342413
v -21.126724 -2.198989 -0.139421
v -19.956017 -2.196359 0.038598
v -18.866783 -2.031081 0.154584
v -17.813641 -1.931713 0.275118
v -16.782887 -1.846156 0.373924
v -15.675915 -1.813357 0.470496
v -14.557863 -1.628471 0.605576
v -13.509821 -1.386947 0.710032
v -12.580832 -1.058067 0.851942
v -11.723369 -0.941772 0.903807
v -10.722544 -0.847556 0.810741
v -9.734959 -0.802959 0.682354
v -8.660254 -0.662871 0.586915
v -7.736964 -0.526694 0.493952
v -6.675442 -0.517433 0.372099
v -5.665561 -0.395164 0.259599
v -4.670668 -0.403000 0.133316
v -3.595107 -0.361938 -0.031145
v -2.513280 -0.291889 -0.194509
v -1.459481 -0.148378 -0.341174
v -0.509007 -0.081588 -0.474584
v 0.478188 -0.120789 -0.578580
v 1.485545 -0.172930 -0.716024
v 2.546541 -0.247233 -0.881748
v 3.657136 -0.235739 -1.051867
v 4.686474 -0.180666 -1.214810
v 5.657000 -0.216553 -1.308756
v 6.700629 -0.333229 -1.448037
v 7.768847 -0.356337 -1.587650
v 8.726398 -0.407442 -1.751064
v 9.756644 -0.519355 -1.881962
v 10.778307 -0.567075 -1.952524
v 11.732017 -0.578454 -2.013756
v 12.525939 -0.730259 -2.027987
v 13.458999 -1.100020 -2.021058
v 14.485621 -1.382851 -1.930196
v 15.588490 -1.709264 -1.788960
v 16.770405 -1.799371 -1.635441
v 17.776249 -1.904458 -1.534436
v 18.890907 -2.059570 -1.420675
v 19.967171 -2.106800 -1.366858
v 21.052401 -2.201335 -1.215428
v 22.149734 -2.182060 -1.041339
v 23.200989 -2.101224 -0.873576
v 24.175482 -1.934485 -0.741555
v 25.007027 -1.869777 -0.646706
v -24.960321 -1.850045 -1.946632
v -24.090040 -1.896860 -1.838673
v -23.143425 -1.946201 -1.722024
v -22.217241 -1.996950 -1.576419
v -21.204981 -2.204827 -1.362316
v -19.987116 -2.232084 -1.161569
v -18.896200 -2.118689 -0.989305
v -17.814577 -2.032799 -0.864732
v -16.755779 -1.920749 -0.787852
v -15.671283 -1.832587 -0.772445
v -14.601135 -1.677458 -0.699464
v -13.587238 -1.470425 -0.584663
v -12.697437 -1.330358 -0.450754
v -11.705795 -1.298273 -0.375043
v -10.644640 -1.122393 -0.388360
v -9.634831 -0.918404 -0.482783
v -8.670570 -0.764558 -0.583314
v -7.696118 -0.741939 -0.660968
v -6.625268 -0.655776 -0.807599
v -5.641232 -0.535904 -0.927327
v -4.630418 -0.510030 -1.058527
v -3.556661 -0.427355 -1.185637
v -2.512761 -0.315280 -1.294702
v -1.477970 -0.198507 -1.362487
v -0.511421 -0.122327 -1.470045
v 0.487535 -0.153440 -1.625737
v 1.527298 -0.160994 -1.813145
v 2.558972 -0.189254 -1.973177
v 3.669457 -0.166580 -2.075071
v 4.683717 -0.073508 -2.196393
v 5.654345 -0.144527 -2.340073
v 6.756076 -0.189019 -2.493072
v 7.803129 -0.138086 -2.661695
v 8.771497 -0.152135 -2.802263
v 9.767713 -0.223130 -2.913726
v 10.786979 -0.256398 -3.017487
v 11.706306 -0.276651 -3.070701
v 12.531603 -0.423430 -3.114669
v 13.416903 -0.761884 -3.129227
v 14.448622 -1.104375 -3.113250
v 15.508302 -1.443735 -3.078127
v 16.706371 -1.690156 -2.956198
v 17.775776 -1.787984 -2.853882
v 18.901382 -1.957510 -2.787015
v 19.995237 -1.947832 -2.690243
v 21.018452 -2.029536 -2.576576
v 22.110111 -2.060611 -2.420154
v 23.159147 -2.062701 -2.239753
v 24.189522 -1.948066 -2.077075
v 25.039679 -1.850045 -1.946632
v -24.950014 -1.780284 -3.272799
v -24.079506 -1.835625 -3.141443
v -23.162388 -1.925323 -2.978829
v -22.244780 -2.037981 -2.795531
v -21.241879 -2.264847 -2.664062
v -20.052891 -2.383930 -2.474394
v -18.905291 -2.297496 -2.284946
v -17.836012 -2.210788 -2.130602
v -16.696035 -2.119259 -2.018761
v -15.613088 -1.876647 -1.984299
v -14.620465 -1.718595 -1.920527
v -13.629038 -1.531829 -1.848220
v -12.750862 -1.450262 -1.743087
v -11.706407 -1.441162 -1.696736
v -10.650231 -1.318194 -1.658403
v -9.583062 -1.155404 -1.647158
v -8.608786 -0.947915 -1.720393
v -7.607188 -0.853583 -1.859896
v -6.569875 -0.698184 -1.998701
v -5.596791 -0.583786 -2.112091
v -4.586352 -0.501357 -2.247686
v -3.560991 -0.408484 -2.335873
v -2.546473 -0.326182 -2.394242
v -1.515581 -0.288358 -2.473501
v -0.488176 -0.225029 -2.585851
v 0.541198 -0.195781 -2.757510
v 1.582784 -0.105583 -2.923437
v 2.550854 -0.078820 -3.070525
v 3.621378 -0.120696 -3.160847
v 4.697117 -0.039927 -3.245829
v 5.681474 -0.003437 -3.406725
v 6.752769 -0.039171 -3.522061
v 7.844701 0.061011 -3.642486
v 8.780525 0.119465 -3.795189
v 9.771149 0.044467 -3.925789
v 10.760009 0.034539 -4.008491
v 11.672992 -0.017747 -4.049590
v 12.531934 -0.152005 -4.112978
v 13.426699 -0.463552 -4.218025
v 14.438739 -0.773793 -4.271697
v 15.489214 -1.110475 -4.262123
v 16.658766 -1.365215 -4.247033
v 17.760405 -1.533584 -4.172098
v 18.909912 -1.649483 -4.096663
v 19.958685 -1.674853 -3.984669
v 20.997871 -1.805494 -3.854352
v 22.073833 -1.860100 -3.717169
v 23.132717 -1.897387 -3.572269
v 24.166424 -1.828067 -3.414473
v 25.049986 -1.780284 -3.272799
v -24.941004 -1.623292 -4.537375
v -24.072161 -1.668649 -4.431964
v -23.195415 -1.818160 -4.301747
v -22.240438 -1.999339 -4.156969
v -21.224554 -2.161624 -4.021120
v -20.107290 -2.298258 -3.858167
v -18.963045 -2.316830 -3.641732
v -17.849785 -2.304149 -3.451003
v -16.661358 -2.193271 -3.339345
v -15.590898 -1.943790 -3.225285
v -14.593108 -1.758837 -3.155597
v -13.664745 -1.563304 -3.051868
v -12.760980 -1.570898 -2.972048
v -11.689710 -1.537869 -2.935249
v -10.646437 -1.448080 -2.915554
v -9.545917 -1.295750 -2.933219
v -8.552920 -1.080754 -2.962044
v -7.514084 -0.934640 -3.027348
v -6.497667 -0.689504 -3.144043
v -5.549428 -0.546308 -3.253573
v -4.552483 -0.421954 -3.348394
v -3.593969 -0.366755 -3.433184
v -2.549555 -0.346611 -3.506590
v -1.513132 -0.273502 -3.624764
v -0.452964 -0.227314 -3.738153
v 0.600806 -0.102242 -3.908092
v 1.582863 -0.015300 -4.032643
v 2.570597 0.035395 -4.150352
v 3.572469 0.003112 -4.275822
v 4.676507 0.022295 -4.348199
v 5.685526 0.128010 -4.421565
v 6.727394 0.119717 -4.532149
v 7.819175 0.208202 -4.605849
v 8.796211 0.296252 -4.695912
v 9.774801 0.311059 -4.833021
v 10.713410 0.300866 -4.938489
v 11.616230 0.180441 -4.999807
v 12.551314 0.026249 -5.068498
v 13.467654 -0.162809 -5.172528
v 14.435869 -0.448209 -5.246855
v 15.502680 -0.767777 -5.326246
v 16.638987 -0.995908 -5.336321
v 17.730568 -1.176018 -5.297996
v 18.859015 -1.337662 -5.216432
v 19.931772 -1.419603 -5.119042
v 20.983219 -1.528367 -5.048347
v 22.038033 -1.613703 -4.944294
v 23.102489 -1.691678 -4.805984
v 24.145441 -1.663670 -4.674543
v 25.058996 -1.623292 -4.537375
v -24.964819 -1.504187 -5.725706
v -24.039759 -1.548361 -5.611325
v -23.180965 -1.671591 -5.537459
v -22.244562 -1.873324 -5.416922
v -21.234035 -2.074805 -5.256588
v -20.126703 -2.219302 -5.110924
v -19.014141 -2.286432 -4.939747
v -17.847702 -2.304913 -4.785594
v -16.676117 -2.192448 -4.624904
v -15.576245 -1.990283 -4.483624
v -14.596314 -1.782223 -4.370445
v -13.667459 -1.686738 -4.279233
v -12.709517 -1.658189 -4.258055
v -11.665327 -1.625085 -4.233003
v -10.598902 -1.510715 -4.213948
v -9.531128 -1.355638 -4.183594
v -8.510324 -1.167781 -4.175909
v -7.467785 -1.005931 -4.212605
v -6.444978 -0.736462 -4.241990
v -5.521504 -0.575769 -4.298804
v -4.502135 -0.447137 -4.398936
v -3.572212 -0.338417 -4.534321
v -2.539326 -0.329672 -4.627561
v -1.490938 -0.223943 -4.711505
v -0.406531 -0.154257 -4.848076
v 0.648111 0.053128 -4.998618
v 1.574221 0.138377 -5.130315
v 2.583048 0.166083 -5.246864
v 3.574857 0.210134 -5.367123
v 4.607158 0.242281 -5.438387
v 5.629658 0.264042 -5.473927
v 6.687198 0.291776 -5.512649
v 7.746319 0.343997 -5.561449
v 8.769072 0.409910 -5.615501
v 9.755342 0.452275 -5.690545
v 10.698452 0.460521 -5.793584
v 11.598361 0.349846 -5.924183
v 12.555604 0.194240 -6.045949
v 13.471617 0.010908 -6.137243
v 14.464997 -0.258282 -6.222808
v 15.531881 -0.492093 -6.293897
v 16.622622 -0.700208 -6.340490
v 17.706507 -0.908709 -6.348427
v 18.824686 -1.083254 -6.333961
v 19.894230 -1.194499 -6.260796
v 20.968214 -1.313644 -6.167718
v 22.011703 -1.391409 -6.069672
v 23.090403 -1.489542 -5.985767
v 24.115162 -1.457624 -5.870156
v 25.035181 -1.504187 -5.725706
v -24.954956 -1.389143 -6.934079
v -24.024750 -1.459571 -6.858504
v -23.115107 -1.544423 -6.792291
v -22.253038 -1.732009 -6.726617
v -21.223595 -1.991083 -6.603103
v -20.151684 -2.103892 -6.450036
v -19.054991 -2.228070 -6.227803
v -17.870008 -2.246735 -6.017667
v -16.696125 -2.168788 -5.857368
v -15.591767 -2.007864 -5.715572
v -14.580687 -1.863596 -5.605449
v -13.604729 -1.737245 -5.562416
v -12.636569 -1.650248 -5.538443
v -11.630731 -1.581255 -5.513446
v -10.580360 -1.505156 -5.444406
v -9.504032 -1.371456 -5.429793
v -8.469411 -1.196400 -5.436200
v -7.449224 -1.019312 -5.441761
v -6.443540 -0.813677 -5.421867
v -5.475286 -0.649786 -5.464272
v -4.446808 -0.479548 -5.525230
v -3.499376 -0.281665 -5.627101
v -2.539283 -0.247832 -5.744437
v -1.474354 -0.193105 -5.818901
v -0.371703 -0.062369 -5.905650
v 0.669196 0.178677 -5.993851
v 1.608993 0.304142 -6.125515
v 2.607211 0.408639 -6.297351
v 3.518724 0.456198 -6.381222
v 4.535070 0.430907 -6.394429
v 5.547410 0.477780 -6.412272
v 6.596864 0.431299 -6.437743
v 7.681992 0.471341 -6.479277
v 8.691200 0.495095 -6.527677
v 9.726618 0.503948 -6.598217
v 10.695633 0.540614 -6.716368
v 11.629247 0.487080 -6.842835
v 12.571321 0.403004 -6.992768
v 13.465371 0.213886 -7.096954
v 14.475006 -0.072105 -7.178024
v 15.545463 -0.296262 -7.283655
v 16.615387 -0.508341 -7.321287
v 17.734266 -0.661670 -7.360456
v 18.791542 -0.777819 -7.373991
v 19.859608 -0.951331 -7.324543
v 20.930000 -1.064546 -7.278177
v 21.987883 -1.221975 -7.196281
v 23.085630 -1.286464 -7.128588
v 24.072466 -1.323725 -7.014924
v 25.045044 -1.389143 -6.934079
v -24.938288 -1.239617 -8.151680
v -23.988178 -1.294284 -8.084286
v -23.055403 -1.347450 -8.048674
v -22.213409 -1.490361 -7.985194
v -21.223742 -1.735377 -7.888433
v -20.206909 -1.903348 -7.714339
v -19.134295 -2.145669 -7.518229
v -17.926075 -2.282024 -7.298978
v -16.704752 -2.220343 -7.093791
v -15.578092 -2.060422 -6.955422
v -14.519040 -1.880420 -6.886652
v -13.551801 -1.724993 -6.827401
v -12.569700 -1.630827 -6.774336
v -11.603175 -1.558492 -6.733489
v -10.544739 -1.536185 -6.709574
v -9.454716 -1.374308 -6.681100
v -8.417952 -1.159483 -6.662192
v -7.444005 -0.950494 -6.650423
v -6.442118 -0.806606 -6.623810
v -5.444029 -0.607149 -6.618071
v -4.435816 -0.457593 -6.633267
v -3.429591 -0.253052 -6.688062
v -2.484082 -0.124372 -6.813640
v -1.473223 -0.054264 -6.902784
v -0.383479 0.051661 -6.957270
v 0.659269 0.251351 -7.022925
v 1.650342 0.417755 -7.110971
v 2.621994 0.628046 -7.198398
v 3.489230 0.708101 -7.326519
v 4.397745 0.639951 -7.377664
v 5.430780 0.510117 -7.306446
v 6.548225 0.505388 -7.352459
v 7.602451 0.541289 -7.404808
v 8.638972 0.574412 -7.447774
v 9.683209 0.592389 -7.511783
v 10.684109 0.654533 -7.584379
v 11.635564 0.603903 -7.709506
v 12.601542 0.565085 -7.853125
v 13.467260 0.358655 -8.008570
v 14.526765 0.068865 -8.184241
v 15.563439 -0.080046 -8.298814
v 16.601574 -0.307948 -8.369678
v 17.713371 -0.480684 -8.374141
v 18.779432 -0.596711 -8.363328
v 19.823812 -0.759959 -8.361637
v 20.903168 -0.918351 -8.296820
v 21.998547 -1.052798 -8.287229
v 23.081141 -1.104555 -8.267999
v 24.064659 -1.174979 -8.231150
v 25.061712 -1.239617 -8.151680
v -24.958771 -1.014102 -9.340733
v -23.945194 -1.097643 -9.284665
v -23.019983 -1.105778 -9.221718
v -22.166517 -1.231389 -9.172248
v -21.239897 -1.465996 -9.097173
v -20.237061 -1.723925 -8.955617
v -19.151730 -1.973347 -8.831374
v -17.990929 -2.161509 -8.662727
v -16.758923 -2.231031 -8.441956
v -15.556682 -2.099025 -8.252484
v -14.473331 -1.874780 -8.113927
v -13.480639 -1.692601 -8.048549
v -12.504407 -1.583998 -8.042603
v -11.527368 -1.498595 -8.026115
v -10.487633 -1.421442 -7.998455
v -9.424446 -1.250375 -7.954143
v -8.412714 -1.053582 -7.880212
v -7.429574 -0.861925 -7.816173
v -6.458546 -0.714195 -7.769010
v -5.449358 -0.573912 -7.712603
v -4.430247 -0.442652 -7.708689
v -3.372043 -0.250431 -7.739516
v -2.414440 -0.015261 -7.837670
v -1.475368 0.073512 -7.915903
v -0.398045 0.160219 -7.952901
v 0.657823 0.393678 -7.998244
v 1.604584 0.567760 -8.044231
v 2.603065 0.695202 -8.087344
v 3.493988 0.890765 -8.167007
v 4.296371 0.831208 -8.224784
v 5.334892 0.604644 -8.304424
v 6.483479 0.591725 -8.314355
v 7.514042 0.640698 -8.323537
v 8.552891 0.606120 -8.329669
v 9.620877 0.606000 -8.372162
v 10.641608 0.614960 -8.439356
v 11.657113 0.611210 -8.542806
v 12.633456 0.588561 -8.709148
v 13.576508 0.459977 -8.938222
v 14.589828 0.319997 -9.149176
v 15.572438 0.158731 -9.296931
v 16.587805 -0.068838 -9.368489
v 17.670321 -0.288147 -9.410721
v 18.762285 -0.451393 -9.431615
v 19.804249 -0.601006 -9.434703
v 20.891289 -0.789910 -9.447889
v 22.021507 -0.885499 -9.429452
v 23.107084 -0.893737 -9.407970
v 24.086327 -0.899126 -9.393735
v 25.041229 -1.014102 -9.340733
v -24.935841 -0.796628 -10.443723
v -23.921024 -0.849279 -10.433193
v -23.030558 -0.910564 -10.367290
v -22.124384 -1.034750 -10.268066
v -21.233976 -1.222256 -10.199867
v -20.220821 -1.515245 -10.125767
v -19.132694 -1.733281 -10.048800
v -18.007980 -1.947325 -9.945202
v -16.800238 -2.075191 -9.811323
v -15.603040 -2.038905 -9.611435
v -14.483998 -1.916627 -9.405134
v -13.387232 -1.719855 -9.281567
v -12.401201 -1.464979 -9.243597
v -11.452856 -1.338295 -9.215486
v -10.440937 -1.234370 -9.199380
v -9.440082 -1.097311 -9.093347
v -8.427208 -0.964275 -8.976651
v -7.431535 -0.782262 -8.901107
v -6.488771 -0.678742 -8.830277
v -5.442018 -0.604337 -8.788524
v -4.399176 -0.437470 -8.808336
v -3.342888 -0.240058 -8.824689
v -2.359997 0.056296 -8.845701
v -1.457845 0.214287 -8.906061
v -0.430095 0.294495 -8.957833
v 0.603305 0.469451 -8.949267
v 1.574136 0.625371 -8.959876
v 2.570153 0.791850 -9.017230
v 3.427263 0.940466 -9.040334
v 4.290395 0.866641 -9.110423
v 5.296610 0.772098 -9.198270
v 6.361130 0.687670 -9.215941
v 7.426022 0.650027 -9.226912
v 8.475236 0.582763 -9.269403
v 9.578261 0.578356 -9.330309
v 10.584891 0.586555 -9.393446
v 11.646290 0.508182 -9.462918
v 12.734415 0.559494 -9.634333
v 13.676675 0.588754 -9.872508
v 14.650502 0.483856 -10.073528
v 15.608768 0.395204 -10.228638
v 16.574482 0.145771 -10.359875
v 17.679852 -0.073984 -10.451127
v 18.745554 -0.210800 -10.514542
v 19.798161 -0.377536 -10.536094
v 20.887323 -0.531646 -10.530211
v 21.996058 -0.640558 -10.503083
v 23.104080 -0.688180 -10.455373
v 24.106819 -0.684286 -10.442931
v 25.064159 -0.796628 -10.443723
v -24.894905 -0.564205 -11.555109
v -23.896587 -0.587826 -11.536889
v -23.036963 -0.645525 -11.506123
v -22.145876 -0.860733 -11.447490
v -21.210327 -1.098426 -11.360166
v -20.176905 -1.363491 -11.306468
v -19.088474 -1.547842 -11.238283
v -17.961765 -1.712007 -11.169727
v -16.797810 -1.800378 -11.077510
v -15.648983 -1.836606 -10.937580
v -14.507127 -1.812279 -10.782287
v -13.379211 -1.669511 -10.616819
v -12.362079 -1.449842 -10.451204
v -11.366125 -1.271118 -10.369054
v -10.398623 -1.066753 -10.301412
v -9.462136 -0.992882 -10.242815
v -8.449996 -0.929357 -10.151184
v -7.450085 -0.805414 -10.023251
v -6.460514 -0.706279 -9.971429
v -5.405678 -0.592744 -9.977299
v -4.367996 -0.370417 -9.940717
v -3.356484 -0.140156 -9.892479
v -2.379514 0.108732 -9.834381
v -1.439453 0.277951 -9.822685
v -0.439007 0.443432 -9.851864
v 0.535084 0.600714 -9.865733
v 1.527561 0.716477 -9.862823
v 2.515658 0.886813 -9.868189
v 3.383374 1.004837 -9.909677
v 4.284439 0.957043 -9.990983
v 5.247672 0.877426 -10.083294
v 6.286355 0.732064 -10.139032
v 7.377682 0.696968 -10.204686
v 8.409631 0.615162 -10.261454
v 9.530018 0.582123 -10.296581
v 10.546362 0.555426 -10.386106
v 11.652382 0.466427 -10.507305
v 12.775949 0.541955 -10.622553
v 13.774730 0.650539 -10.771276
v 14.704418 0.669431 -10.969099
v 15.642925 0.557365 -11.137051
v 16.623123 0.380113 -11.298214
v 17.684181 0.194327 -11.422596
v 18.736763 0.051607 -11.485617
v 19.783142 -0.133448 -11.537338
v 20.864748 -0.309418 -11.578647
v 21.952730 -0.470022 -11.560497
v 23.095303 -0.565727 -11.534956
v 24.148382 -0.520550 -11.535796
v 25.105095 -0.564205 -11.555109
v -24.867332 -0.337942 -12.575722
v -23.900066 -0.372480 -12.567059
v -23.001534 -0.419984 -12.550027
v -22.138062 -0.589481 -12.529396
v -21.165756 -0.850300 -12.518579
v -20.137133 -1.075598 -12.516486
v -19.068958 -1.305060 -12.439648
v -17.916805 -1.474183 -12.359892
v -16.765980 -1.539285 -12.293808
v -15.640582 -1.565948 -12.190311
v -14.496676 -1.522549 -12.070786
v -13.419188 -1.412771 -11.929062
v -12.379122 -1.297482 -11.751951
v -11.368649 -1.150785 -11.579590
v -10.376987 -1.019061 -11.442474
v -9.407433 -0.862559 -11.355554
v -8.459041 -0.775808 -11.288891
v -7.463354 -0.751894 -11.217361
v -6.401091 -0.656513 -11.154767
v -5.373786 -0.432504 -11.108837
v -4.414341 -0.247201 -11.012895
v -3.415402 -0.090564 -10.885257
v -2.416622 0.102352 -10.795265
v -1.448633 0.295224 -10.770542
v -0.487785 0.453196 -10.724830
v 0.492107 0.597273 -10.675891
v 1.474103 0.721842 -10.690144
v 2.446093 0.862778 -10.682012
v 3.362009 0.968275 -10.692163
v 4.298092 0.978718 -10.803993
v 5.246200 0.952816 -10.921552
v 6.253696 0.838605 -11.032552
v 7.348369 0.782555 -11.112030
v 8.368049 0.717933 -11.213131
v 9.488489 0.596946 -11.308747
v 10.573843 0.618770 -11.426719
v 11.635158 0.561222 -11.537994
v 12.779027 0.603290 -11.634053
v 13.782798 0.682307 -11.756926
v 14.754448 0.685971 -11.875824
v 15.696461 0.658688 -12.033018
v 16.670784 0.525144 -12.196068
v 17.694311 0.374319 -12.331360
v 18.736856 0.208237 -12.428601
v 19.804422 0.060899 -12.516483
v 20.864672 -0.072325 -12.574539
v 21.942049 -0.240536 -12.627412
v 23.075424 -0.339677 -12.640121
v 24.142843 -0.329696 -12.590029
v 25.132668 -0.337942 -12.575722
v -24.853086 -0.199647 -13.660475
v -23.890148 -0.188598 -13.660323
v -23.003801 -0.235281 -13.606083
v -22.106096 -0.423076 -13.591743
v -21.104244 -0.633887 -13.582929
v -20.079473 -0.789055 -13.562425
v -19.041626 -1.030065 -13.566648
v -17.864506 -1.200441 -13.524529
v -16.733864 -1.203734 -13.453151
v -15.639613 -1.237431 -13.341773
v -14.500347 -1.197058 -13.207735
v -13.449112 -1.091440 -13.048732
v -12.432443 -1.047146 -12.874602
v -11.386682 -0.987978 -12.725329
v -10.383250 -0.872084 -12.595077
v -9.408163 -0.798546 -12.464296
v -8.401969 -0.717595 -12.385968
v -7.405907 -0.607278 -12.369608
v -6.387928 -0.489332 -12.313019
v -5.402883 -0.305564 -12.192630
v -4.477626 -0.184729 -12.049712
v -3.480372 -0.085106 -11.928461
v -2.469048 0.068968 -11.803257
v -1.473835 0.277095 -11.704916
v -0.565991 0.409216 -11.648120
v 0.454495 0.468370 -11.597466
v 1.442600 0.669264 -11.587886
v 2.351646 0.758083 -11.543814
v 3.344194 0.800864 -11.540340
v 4.337130 0.904395 -11.609844
v 5.253790 0.946961 -11.732265
v 6.251272 0.844215 -11.821243
v 7.342557 0.816104 -11.947530
v 8.387892 0.760344 -12.080285
v 9.512786 0.725041 -12.260174
v 10.571503 0.737513 -12.401203
v 11.624175 0.684979 -12.528524
v 12.750778 0.672036 -12.609413
v 13.823334 0.778466 -12.732111
v 14.756994 0.811747 -12.902899
v 15.727258 0.721959 -13.026077
v 16.716610 0.627288 -13.180314
v 17.723686 0.489670 -13.318827
v 18.756012 0.342191 -13.444722
v 19.808554 0.185914 -13.524341
v 20.886105 0.045939 -13.601610
v 21.975142 -0.051139 -13.680041
v 23.040611 -0.114171 -13.701463
v 24.102882 -0.182451 -13.673813
v 25.146914 -0.199647 -13.660475
v -24.846134 0.082323 -14.761572
v -23.936081 0.102701 -14.719710
v -23.026964 -0.084330 -14.655707
v -22.044651 -0.194983 -14.647778
v -21.104895 -0.406324 -14.630049
v -19.999886 -0.622178 -14.622722
v -18.949785 -0.727028 -14.662754
v -17.846500 -0.876078 -14.636427
v -16.736252 -0.910887 -14.528273
v -15.658369 -0.951338 -14.392966
v -14.538607 -0.925346 -14.225555
v -13.495523 -0.880752 -14.061897
v -12.443161 -0.884212 -13.936976
v -11.397644 -0.828431 -13.825188
v -10.392559 -0.773639 -13.693761
v -9.379748 -0.696889 -13.601003
v -8.353148 -0.592663 -13.527813
v -7.356533 -0.425658 -13.443840
v -6.395576 -0.312507 -13.359421
v -5.440997 -0.182010 -13.256068
v -4.531460 -0.118227 -13.143867
v -3.551367 -0.039399 -12.991093
v -2.568535 0.041172 -12.804830
v -1.519236 0.194109 -12.672032
v -0.593395 0.339907 -12.611586
v 0.428184 0.425272 -12.593675
v 1.359539 0.591801 -12.516193
v 2.299268 0.605745 -12.461802
v 3.311429 0.648087 -12.467984
v 4.343243 0.711115 -12.494897
v 5.282171 0.809385 -12.574648
v 6.264251 0.708452 -12.714038
v 7.375512 0.709962 -12.832948
v 8.439199 0.726285 -12.989053
v 9.562532 0.786375 -13.143964
v 10.602996 0.878932 -13.306642
v 11.620202 0.865531 -13.464863
v 12.717037 0.797118 -13.593787
v 13.829419 0.868306 -13.701363
v 14.775491 0.927724 -13.807827
v 15.767638 0.861914 -13.974805
v 16.772860 0.803535 -14.175060
v 17.767618 0.682227 -14.369922
v 18.796495 0.566413 -14.522338
v 19.825186 0.423279 -14.659179
v 20.921814 0.302094 -14.751066
v 21.976875 0.269664 -14.811916
v 22.994816 0.181364 -14.794685
v 24.073221 0.083023 -14.763392
v 25.153866 0.082323 -14.761572
v -24.892126 0.381537 -15.706563
v -23.961079 0.304863 -15.671844
v -23.012449 0.160930 -15.731092
v -22.072788 -0.027022 -15.677776
v -21.039755 -0.266402 -15.662976
v -19.925852 -0.392829 -15.708022
v -18.873344 -0.443227 -15.690470
v -17.829084 -0.528598 -15.667703
v -16.766947 -0.603899 -15.567504
v -15.719165 -0.700431 -15.429612
v -14.616619 -0.790161 -15.236046
v -13.505841 -0.790860 -15.067206
v -12.409976 -0.754297 -14.982564
v -11.371185 -0.659522 -14.929779
v -10.395520 -0.613347 -14.834701
v -9.362287 -0.562608 -14.707553
v -8.348627 -0.451467 -14.586996
v -7.343052 -0.334135 -14.473757
v -6.365702 -0.180576 -14.416543
v -5.457110 -0.052026 -14.341442
v -4.565208 0.020776 -14.215212
v -3.663960 0.041304 -14.054117
v -2.677413 -0.018415 -13.867072
v -1.591250 0.070753 -13.681357
v -0.594351 0.235183 -13.568419
v 0.392454 0.396294 -13.504732
v 1.290556 0.487202 -13.450915
v 2.264229 0.448660 -13.420218
v 3.315384 0.475989 -13.434143
v 4.346570 0.555855 -13.500052
v 5.330433 0.634183 -13.570779
v 6.343551 0.667510 -13.712729
v 7.394034 0.700221 -13.849113
v 8.482178 0.751615 -13.949969
v 9.558048 0.846796 -14.054585
v 10.623385 0.914138 -14.142846
v 11.655976 0.965820 -14.305703
v 12.735391 0.943528 -14.482606
v 13.818759 1.014624 -14.646922
v 14.777054 1.009420 -14.801584
v 15.817945 0.938369 -14.963936
v 16.864035 0.966583 -15.145502
v 17.834303 0.972636 -15.340602
v 18.828936 0.878979 -15.490141
v 19.869095 0.790681 -15.619835
v 20.919033 0.710920 -15.727870
v 21.932133 0.663885 -15.749260
v 22.912663 0.498128 -15.726372
v 24.054539 0.354768 -15.717712
v 25.107874 0.381537 -15.706563
v -24.952198 0.546923 -16.623962
v -23.927095 0.443160 -16.650343
v -22.979780 0.432139 -16.693342
v -22.087082 0.177318 -16.718790
v -20.960741 -0.041369 -16.753590
v -19.896910 -0.105526 -16.759087
v -18.855982 -0.198050 -16.711153
v -17.834440 -0.266179 -16.628035
v -16.791817 -0.386109 -16.534786
v -15.745737 -0.461746 -16.441263
v -14.692757 -0.613276 -16.319014
v -13.521760 -0.715983 -16.173111
v -12.357724 -0.640506 -16.078171
v -11.335102 -0.458947 -15.980494
v -10.389730 -0.413486 -15.890169
v -9.366575 -0.377127 -15.794720
v -8.368008 -0.318354 -15.669703
v -7.338548 -0.228440 -15.545002
v -6.343843 -0.053497 -15.411139
v -5.445117 0.141563 -15.330049
v -4.641107 0.169752 -15.218103
v -3.718193 0.103175 -15.056420
v -2.762071 0.046019 -14.944862
v -1.696366 0.002011 -14.772247
v -0.655650 0.092189 -14.608296
v 0.345246 0.185707 -14.478952
v 1.289062 0.281101 -14.416452
v 2.282200 0.259968 -14.436985
v 3.361454 0.334662 -14.489599
v 4.371774 0.465903 -14.526108
v 5.370958 0.542745 -14.583093
v 6.410136 0.630937 -14.675527
v 7.419297 0.736075 -14.769026
v 8.468094 0.795687 -14.832714
v 9.539524 0.863427 -14.892034
v 10.639614 0.918418 -15.024091
v 11.703969 1.011415 -15.181396
v 12.783896 1.043320 -15.369864
v 13.852104 1.163772 -15.548869
v 14.828496 1.206316 -15.726736
v 15.868713 1.213844 -15.934896
v 16.887400 1.224085 -16.104706
v 17.866182 1.213347 -16.241896
v 18.853554 1.126350 -16.389099
v 19.889750 1.067707 -16.526436
v 20.889904 1.000940 -16.592646
v 21.872160 0.913951 -16.635628
v 22.850086 0.692486 -16.648205
v 24.020744 0.553218 -16.643364
v 25.047802 0.546923 -16.623962
v -24.986336 0.695723 -17.618656
v -23.909348 0.636833 -17.639725
v -22.961933 0.618083 -17.678518
v -22.029369 0.403110 -17.746113
v -20.935806 0.222058 -17.765341
v -19.868643 0.167509 -17.759054
v -18.889456 0.055345 -17.727507
v -17.846928 -0.094948 -17.648396
v -16.816767 -0.182886 -17.567251
v -15.777885 -0.291460 -17.415956
v -14.707273 -0.428057 -17.301594
v -13.500953 -0.519501 -17.232574
v -12.359816 -0.405639 -17.160660
v -11.353716 -0.322737 -17.016859
v -10.363548 -0.240430 -16.898512
v -9.379663 -0.202852 -16.773661
v -8.357632 -0.147654 -16.677385
v -7.374269 -0.072660 -16.571070
v -6.378296 0.011596 -16.426874
v -5.453996 0.186083 -16.271393
v -4.663354 0.225242 -16.162733
v -3.754135 0.119865 -16.080389
v -2.800796 0.079085 -15.933426
v -1.778860 -0.009738 -15.796412
v -0.700053 0.010928 -15.676988
v 0.298893 0.062257 -15.596962
v 1.307520 0.089356 -15.523594
v 2.356740 0.153565 -15.545387
v 3.384782 0.268644 -15.558123
v 4.395156 0.361760 -15.564952
v 5.426322 0.479217 -15.619431
v 6.450541 0.627390 -15.695506
v 7.402368 0.743705 -15.738261
v 8.416930 0.723566 -15.732526
v 9.544991 0.772028 -15.787246
v 10.660599 0.886448 -15.864967
v 11.769322 1.027115 -16.009098
v 12.847620 1.163344 -16.221773
v 13.875272 1.310609 -16.391216
v 14.863154 1.366872 -16.551441
v 15.913559 1.401752 -16.721325
v 16.929245 1.461541 -16.919052
v 17.892550 1.463804 -17.126965
v 18.877796 1.394999 -17.290127
v 19.877745 1.355635 -17.399027
v 20.853466 1.244428 -17.499516
v 21.836298 1.142852 -17.557163
v 22.811768 0.924018 -17.611677
v 23.956186 0.755829 -17.638018
v 25.013664 0.695723 -17.618656
v -25.039745 0.921632 -18.565264
v -23.920181 0.857933 -18.593252
v -22.918467 0.845263 -18.628746
v -21.966814 0.744090 -18.727013
v -20.947292 0.544144 -18.768591
v -19.860601 0.440000 -18.744242
v -18.880198 0.338134 -18.744339
v -17.866182 0.188964 -18.721043
v -16.884708 0.043441 -18.591549
v -15.838055 -0.175508 -18.459930
v -14.706780 -0.340274 -18.340698
v -13.477517 -0.368704 -18.234631
v -12.355709 -0.196029 -18.116463
v -11.378603 -0.125722 -18.024248
v -10.388515 -0.118228 -17.903095
v -9.387453 -0.130921 -17.789524
v -8.344257 -0.050958 -17.665770
v -7.392298 0.053574 -17.542900
v -6.423833 0.114116 -17.393929
v -5.496233 0.197621 -17.255302
v -4.621996 0.227680 -17.182821
v -3.778364 0.203382 -17.099709
v -2.862249 0.037338 -16.959074
v -1.800467 -0.089974 -16.848526
v -0.709170 -0.082558 -16.753500
v 0.299302 -0.012374 -16.675264
v 1.330976 -0.018347 -16.626600
v 2.429514 0.093728 -16.624140
v 3.423614 0.229266 -16.668430
v 4.423078 0.341671 -16.685972
v 5.438446 0.457614 -16.649355
v 6.474225 0.649676 -16.637962
v 7.374482 0.765005 -16.657495
v 8.402137 0.708229 -16.716228
v 9.515937 0.752143 -16.744434
v 10.649862 0.805569 -16.790342
v 11.827159 0.972150 -16.886665
v 12.915668 1.244956 -17.034916
v 13.876436 1.423201 -17.184927
v 14.897442 1.467919 -17.329638
v 15.953657 1.558879 -17.531157
v 16.981779 1.638117 -17.722599
v 17.952202 1.725965 -17.926512
v 18.877489 1.683514 -18.116323
v 19.871006 1.585180 -18.265911
v 20.854597 1.520942 -18.406342
v 21.788292 1.401368 -18.495819
v 22.806486 1.199031 -18.557806
v 23.881889 1.073719 -18.586203
v 24.960255 0.921632 -18.565264
v -25.070700 1.142493 -19.464348
v -23.948666 1.120418 -19.496046
v -22.914381 1.066863 -19.515472
v -21.919827 1.021921 -19.560579
v -20.939121 0.855536 -19.619408
v -19.858343 0.712490 -19.661987
v -18.841099 0.650931 -19.679108
v -17.890678 0.550717 -19.663940
v -16.934090 0.315193 -19.619915
v -15.865670 0.072444 -19.537785
v -14.731087 -0.100466 -19.437746
v -13.539158 -0.164546 -19.283947
v -12.397706 -0.104562 -19.101349
v -11.361737 -0.014568 -18.975449
v -10.369345 0.046741 -18.906557
v -9.395042 0.063083 -18.821917
v -8.386047 0.065044 -18.682079
v -7.423627 0.120597 -18.529272
v -6.478610 0.105164 -18.378862
v -5.482939 0.155138 -18.238537
v -4.589586 0.262458 -18.147842
v -3.785834 0.205940 -18.080484
v -2.853708 -0.008119 -18.017616
v -1.779929 -0.113992 -17.967209
v -0.716002 -0.117039 -17.876608
v 0.320298 -0.069015 -17.787226
v 1.375503 -0.068182 -17.756126
v 2.509792 0.072025 -17.758535
v 3.485266 0.317196 -17.750635
v 4.415001 0.439046 -17.702681
v 5.407640 0.488208 -17.674807
v 6.431539 0.590899 -17.613987
v 7.392177 0.693761 -17.579054
v 8.411025 0.724140 -17.607300
v 9.500022 0.744506 -17.654181
v 10.655210 0.819909 -17.716833
v 11.814564 0.990490 -17.763449
v 12.914942 1.238565 -17.807480
v 13.891940 1.429440 -17.901688
v 14.931150 1.505743 -18.070904
v 15.998188 1.635333 -18.233326
v 17.029465 1.774829 -18.430407
v 18.003860 1.896365 -18.636517
v 18.935453 1.926688 -18.872513
v 19.904224 1.900382 -19.093176
v 20.850231 1.896202 -19.250612
v 21.745810 1.758704 -19.337673
v 22.765783 1.560328 -19.415649
v 23.783836 1.358430 -19.438034
v 24.929300 1.142493 -19.464348
v -25.121101 1.457959 -20.278839
v -24.008574 1.364738 -20.286163
v -22.936459 1.274719 -20.314913
v -21.901783 1.214010 -20.377029
v -20.896667 1.084432 -20.476032
v -19.836748 1.006894 -20.529381
v -18.863165 0.933931 -20.528793
v -17.889044 0.796273 -20.498455
v -16.924000 0.639397 -20.493757
v -15.890615 0.402283 -20.463825
v -14.785247 0.228552 -20.356092
v -13.627703 0.086102 -20.196270
v -12.440239 0.086626 -20.063364
v -11.382997 0.146266 -19.955433
v -10.369997 0.181550 -19.820787
v -9.388593 0.204895 -19.722095
v -8.410071 0.204127 -19.640877
v -7.456656 0.194194 -19.506624
v -6.489980 0.157170 -19.397806
v -5.517315 0.132944 -19.282787
v -4.564843 0.156656 -19.158508
v -3.708740 0.158858 -19.111067
v -2.774574 0.004030 -19.133770
v -1.745388 -0.059039 -19.092251
v -0.739938 -0.112015 -18.978758
v 0.346599 -0.141278 -18.853437
v 1.464996 -0.060661 -18.834587
v 2.545592 0.154068 -18.793365
v 3.475506 0.353776 -18.713161
v 4.407911 0.399916 -18.649792
v 5.426520 0.486441 -18.607428
v 6.388884 0.583101 -18.591055
v 7.372550 0.591716 -18.544037
v 8.423585 0.628904 -18.539911
v 9.514277 0.703697 -18.547009
v 10.638922 0.809781 -18.561283
v 11.781705 0.936591 -18.590876
v 12.881919 1.136528 -18.638378
v 13.909800 1.285401 -18.724646
v 14.979506 1.433574 -18.851414
v 16.029686 1.609346 -19.012880
v 17.071568 1.780626 -19.169857
v 18.065376 1.964265 -19.357033
v 19.014360 2.114985 -19.561495
v 19.923029 2.199610 -19.749739
v 20.815310 2.178029 -19.859280
v 21.725456 2.036879 -20.008541
v 22.714926 1.853199 -20.102463
v 23.752438 1.652222 -20.193584
v 24.878899 1.457959 -20.278839
v -25.163916 1.667913 -20.910103
v -24.045525 1.520854 -20.996332
v -22.963299 1.418692 -21.076513
v -21.863050 1.354127 -21.141712
v -20.870403 1.333710 -21.232342
v -19.854950 1.197284 -21.265755
v -18.860868 1.118422 -21.321405
v -17.923239 0.950450 -21.332813
v -16.915142 0.772240 -21.286814
v -15.908853 0.613518 -21.262671
v -14.877964 0.380562 -21.159010
v -13.704673 0.157584 -21.021767
v -12.483602 0.126884 -20.876883
v -11.390508 0.226196 -20.771910
v -10.398840 0.241640 -20.703167
v -9.366119 0.256081 -20.624788
v -8.427294 0.276754 -20.540976
v -7.459150 0.191219 -20.460777
v -6.472903 0.150425 -20.396929
v -5.489091 0.144685 -20.335152
v -4.572746 0.139365 -20.262781
v -3.608983 0.070159 -20.182697
v -2.651280 0.091504 -20.209227
v -1.721974 0.022199 -20.185686
v -0.742550 -0.099205 -20.122046
v 0.376436 -0.207115 -20.053816
v 1.510732 -0.052704 -19.962206
v 2.515287 0.109913 -19.828194
v 3.494424 0.278227 -19.726171
v 4.419197 0.357497 -19.687428
v 5.428752 0.412839 -19.648476
v 6.396955 0.512874 -19.580143
v 7.382223 0.560845 -19.577974
v 8.403822 0.600893 -19.538708
v 9.472818 0.618211 -19.485102
v 10.633977 0.685344 -19.460869
v 11.776818 0.870109 -19.500957
v 12.873749 1.044210 -19.524796
v 13.954084 1.252582 -19.622383
v 14.989923 1.417212 -19.745275
v 16.050900 1.591684 -19.828241
v 17.092966 1.796476 -19.949957
v 18.087313 2.017593 -20.074326
v 19.026381 2.179334 -20.201525
v 19.914288 2.278934 -20.337725
v 20.808598 2.228705 -20.506582
v 21.733629 2.206763 -20.640453
v 22.637911 1.999351 -20.731218
v 23.755726 1.788313 -20.805016
v 24.836084 1.667913 -20.910103
v -25.171680 1.661649 -21.556187
v -24.047489 1.556443 -21.661674
v -22.954370 1.486763 -21.774179
v -21.872156 1.407757 -21.879887
v -20.850853 1.361165 -21.956474
v -19.831432 1.253733 -22.084139
v -18.828506 1.237417 -22.150364
v -17.944201 1.094669 -22.205763
v -16.941113 0.854033 -22.214489
v -15.948043 0.694148 -22.158464
v -14.939354 0.412982 -22.087051
v -13.762949 0.171412 -22.000538
v -12.553077 0.095287 -21.885756
v -11.426359 0.146101 -21.743038
v -10.400070 0.193961 -21.615847
v -9.370742 0.218180 -21.534203
v -8.398188 0.218166 -21.483625
v -7.397454 0.193533 -21.485479
v -6.435324 0.197569 -21.469059
v -5.468682 0.176177 -21.397654
v -4.528318 0.158441 -21.341574
v -3.536467 0.095477 -21.347059
v -2.556067 0.150841 -21.308598
v -1.651255 0.132700 -21.304296
v -0.669867 0.050056 -21.290768
v 0.396681 0.011274 -21.240805
v 1.462298 0.067750 -21.092560
v 2.479109 0.146101 -20.949657
v 3.470315 0.244292 -20.804243
v 4.465518 0.337537 -20.704422
v 5.438434 0.465015 -20.667671
v 6.385610 0.504416 -20.620615
v 7.385112 0.567859 -20.528896
v 8.380039 0.593592 -20.493265
v 9.445122 0.600075 -20.457401
v 10.600959 0.651969 -20.401646
v 11.765770 0.834791 -20.354446
v 12.860220 0.984764 -20.386532
v 13.992991 1.197446 -20.427723
v 15.010494 1.441358 -20.515900
v 16.042957 1.604927 -20.624241
v 17.070227 1.791054 -20.691271
v 18.074697 1.986055 -20.772346
v 19.013430 2.157423 -20.885221
v 19.940279 2.271068 -21.032722
v 20.801014 2.330360 -21.174438
v 21.668802 2.223277 -21.249025
v 22.618757 2.004890 -21.356722
v 23.715168 1.788404 -21.475904
v 24.828320 1.661649 -21.556187
v -25.188774 1.547401 -22.300943
v -24.043539 1.430555 -22.414352
v -22.906763 1.388234 -22.563854
v -21.852196 1.368955 -22.715296
v -20.802902 1.335431 -22.840887
v -19.807381 1.343705 -22.930395
v -18.842665 1.276875 -22.965490
v -17.887690 1.204114 -23.040133
v -16.974396 1.045903 -23.102762
v -15.994349 0.785565 -23.065022
v -14.949343 0.526048 -23.071215
v -13.829288 0.272521 -23.000967
v -12.607471 0.175377 -22.870987
v -11.511139 0.196954 -22.745249
v -10.435403 0.142615 -22.616203
v -9.355749 0.163485 -22.555798
v -8.339284 0.181090 -22.521416
v -7.316898 0.230004 -22.517570
v -6.384641 0.289704 -22.509789
v -5.460157 0.251527 -22.457365
v -4.440122 0.231968 -22.412733
v -3.462247 0.300498 -22.407526
v -2.516232 0.318173 -22.356049
v -1.571114 0.330491 -22.312193
v -0.616734 0.278098 -22.282145
v 0.399926 0.228004 -22.220139
v 1.426301 0.210075 -22.128733
v 2.436371 0.240836 -21.991831
v 3.429608 0.254169 -21.846727
v 4.465400 0.294294 -21.743670
v 5.468799 0.426753 -21.654671
v 6.377586 0.536001 -21.582251
v 7.350691 0.503702 -21.508512
v 8.388750 0.573358 -21.427624
v 9.383149 0.577884 -21.336950
v 10.533616 0.544373 -21.231398
v 11.736762 0.636350 -21.178185
v 12.902470 0.837188 -21.211403
v 13.980432 1.055279 -21.282549
v 15.034980 1.284434 -21.319237
v 16.030720 1.503663 -21.371832
v 17.049644 1.683901 -21.435499
v 18.030968 1.886207 -21.492670
v 18.996376 2.035492 -21.539602
v 19.935919 2.199320 -21.631409
v 20.780668 2.258483 -21.760664
v 21.643549 2.131598 -21.914717
v 22.625261 1.921039 -22.067102
v 23.688515 1.719271 -22.190798
v 24.811226 1.547401 -22.300943
v -25.179092 1.434454 -23.178686
v -24.003410 1.321175 -23.338257
v -22.849987 1.345555 -23.489315
v -21.801981 1.396395 -23.633949
v -20.791956 1.398255 -23.746130
v -19.820036 1.372918 -23.821218
v -18.855556 1.275487 -23.888863
v -17.871059 1.214295 -23.920294
v -16.984070 1.085017 -23.953396
v -15.988864 0.803908 -24.012526
v -14.929247 0.641740 -24.026014
v -13.894106 0.402973 -24.014862
v -12.710016 0.219960 -23.889118
v -11.592422 0.169147 -23.709747
v -10.448738 0.087752 -23.612850
v -9.320947 0.154129 -23.565580
v -8.287079 0.196283 -23.553343
v -7.235762 0.310129 -23.554390
v -6.357296 0.428213 -23.528864
v -5.448226 0.348561 -23.448727
v -4.396838 0.340511 -23.392908
v -3.432622 0.428330 -23.316185
v -2.499332 0.414247 -23.254650
v -1.518971 0.402540 -23.210907
v -0.556066 0.385459 -23.206602
v 0.432380 0.365710 -23.188204
v 1.410093 0.361081 -23.102930
v 2.393810 0.320626 -22.987894
v 3.418629 0.269376 -22.895601
v 4.473117 0.331457 -22.808382
v 5.425775 0.428471 -22.691389
v 6.368428 0.455376 -22.555824
v 7.333535 0.486503 -22.464905
v 8.321220 0.475693 -22.343718
v 9.337626 0.419721 -22.243639
v 10.487819 0.339164 -22.188765
v 11.743976 0.411987 -22.155890
v 12.954974 0.667044 -22.190735
v 13.997783 0.976183 -22.230011
v 15.006999 1.172032 -22.239193
v 16.017437 1.384109 -22.272333
v 16.987806 1.541185 -22.272699
v 17.980995 1.689247 -22.274277
v 18.941549 1.797457 -22.340223
v 19.908194 1.920102 -22.397152
v 20.781000 2.011177 -22.472954
v 21.681654 1.943158 -22.613989
v 22.660351 1.801802 -22.809315
v 23.708521 1.613711 -23.013187
v 24.820908 1.434454 -23.178686
v -25.111828 1.409293 -24.099039
v -23.953274 1.339720 -24.295214
v -22.832348 1.356629 -24.441271
v -21.775221 1.397929 -24.544918
v -20.786345 1.423282 -24.663391
v -19.816124 1.387714 -24.742157
v -18.849226 1.344024 -24.836027
v -17.907194 1.242369 -24.886023
v -16.938595 1.105604 -24.948004
v -15.971442 0.949541 -25.016050
v -14.944394 0.741766 -25.017664
v -13.909875 0.582175 -24.989071
v -12.852060 0.336353 -24.882168
v -11.660642 0.129980 -24.746252
v -10.457404 0.066814 -24.671143
v -9.288642 0.134720 -24.614992
v -8.237777 0.255582 -24.582108
v -7.207516 0.404918 -24.513582
v -6.347719 0.522074 -24.450769
v -5.432527 0.419831 -24.416107
v -4.407250 0.419202 -24.330795
v -3.435110 0.426399 -24.234013
v -2.460772 0.436822 -24.188133
v -1.474321 0.424814 -24.150606
v -0.476289 0.476575 -24.136478
v 0.441263 0.501970 -24.092735
v 1.391709 0.430071 -24.008991
v 2.411054 0.363190 -23.952026
v 3.435934 0.377830 -23.903761
v 4.441071 0.399457 -23.798273
v 5.409719 0.453793 -23.710632
v 6.315573 0.430523 -23.620037
v 7.292833 0.377614 -23.478537
v 8.274597 0.334321 -23.375982
v 9.319550 0.252961 -23.281588
v 10.474062 0.195117 -23.204782
v 11.755149 0.277625 -23.153797
v 12.969277 0.595249 -23.113970
v 13.985337 0.905399 -23.099712
v 14.981190 1.084154 -23.110083
v 15.986269 1.287166 -23.104277
v 16.921234 1.396682 -23.138601
v 17.945879 1.473949 -23.167677
v 18.922270 1.641355 -23.216793
v 19.839550 1.730040 -23.252449
v 20.757832 1.724300 -23.323378
v 21.724142 1.664482 -23.454060
v 22.745123 1.602441 -23.645966
v 23.793268 1.526181 -23.861820
v 24.888172 1.409293 -24.099039
v -25.000000 1.416068 -25.000000
v -23.886272 1.406162 -25.233770
v -22.806625 1.449319 -25.417456
v -21.762346 1.448703 -25.565020
v -20.770035 1.498555 -25.686689
v -19.819466 1.451123 -25.795759
v -18.858545 1.439000 -25.844360
v -17.922079 1.321874 -25.872246
v -16.914850 1.234333 -25.930273
v -15.973945 1.085160 -25.970974
v -14.949897 0.918824 -25.996695
v -13.977389 0.715566 -25.971319
v -12.919832 0.407860 -25.908514
v -11.719298 0.158965 -25.812866
v -10.455470 0.095781 -25.729527
v -9.291347 0.185687 -25.659864
v -8.243752 0.308451 -25.568184
v -7.249841 0.386373 -25.455851
v -6.301226 0.499491 -25.376570
v -5.426033 0.491917 -25.336933
v -4.426469 0.428098 -25.253412
v -3.433403 0.428874 -25.180088
v -2.437081 0.425827 -25.097784
v -1.427001 0.437853 -25.067951
v -0.440968 0.523156 -25.030491
v 0.440968 0.523156 -24.969509
v 1.427001 0.437853 -24.932049
v 2.437079 0.425827 -24.902216
v 3.433403 0.428874 -24.819912
v 4.426469 0.428098 -24.746588
v 5.426031 0.491917 -24.663067
v 6.301226 0.499491 -24.623430
v 7.249841 0.386373 -24.544149
v 8.243752 0.308450 -24.431816
v 9.291347 0.185687 -24.340136
v 10.455471 0.095781 -24.270473
v 11.719300 0.158965 -24.187134
v 12.919830 0.407860 -24.091486
v 13.977387 0.715566 -24.028681
v 14.949896 0.918824 -24.003305
v 15.973945 1.085160 -24.029026
v 16.914850 1.234333 -24.069727
v 17.922079 1.321874 -24.127754
v 18.858545 1.439000 -24.155640
v 19.819464 1.451123 -24.204241
v 20.770035 1.498554 -24.313311
v 21.762344 1.448703 -24.434980
v 22.806625 1.449319 -24.582544
v 23.886272 1.406162 -24.766230
v 25.000000 1.416068 -25.000000
vn -0.0358 0.9976 0.0585
vn -0.0328 0.9951 0.0937
vn -0.0154 0.9864 0.1637
vn -0.0108 0.9793 0.2019
vn 0.0067 0.9724 0.2334
vn 0.0540 0.9674 0.2475
vn 0.1086 0.9720 0.2085
vn 0.1193 0.9785 0.1684
vn 0.1138 0.9779 0.1756
vn 0.1598 0.9687 0.1901
vn 0.1819 0.9653 0.1873
vn 0.2333 0.9553 0.1814
vn 0.2442 0.9571 0.1562
vn 0.1292 0.9845 0.1189
vn -0.0115 0.9959 0.0903
vn -0.0857 0.9944 0.0621
vn -0.0802 0.9964 0.0270
vn -0.0730 0.9972 -0.0145
vn -0.0413 0.9981 -0.0455
vn 0.0300 0.9986 -0.0446
vn 0.0372 0.9985 -0.0391
vn 0.0134 0.9985 -0.0522
vn -0.0127 0.9987 -0.0495
vn -0.0584 0.9979 -0.0282
vn -0.0301 0.9991 -0.0281
vn 0.0432 0.9985 -0.0338
vn 0.0353 0.9993 -0.0156
vn 0.0018 1.0000 0.0018
vn 0.0040 1.0000 -0.0010
vn -0.0128 0.9996 -0.0261
vn -0.0447 0.9984 -0.0358
vn 0.0333 0.9994 -0.0029
vn 0.1185 0.9930 -0.0011
vn 0.1159 0.9926 -0.0369
vn 0.0927 0.9947 -0.0443
vn 0.0077 0.9995 -0.0317
vn -0.1223 0.9920 -0.0315
vn -0.2179 0.9740 -0.0612
vn -0.2060 0.9714 -0.1180
vn -0.1758 0.9726 -0.1521
vn -0.1717 0.9743 -0.1458
vn -0.1421 0.9825 -0.1207
vn -0.1186 0.9884 -0.0952
vn -0.0773 0.9937 -0.0809
vn -0.0417 0.9965 -0.0718
vn -0.0130 0.9978 -0.0643
vn 0.0215 0.9976 -0.0658
vn 0.0126 0.9970 -0.0762
vn -0.0093 0.9978 -0.0662
vn -0.0432 0.9981 -0.0439
vn -0.0711 0.9959 0.0562
vn -0.0715 0.9921 0.1027
vn -0.0423 0.9814 0.1875
vn -0.0243 0.9682 0.2490
vn 0.0174 0.9640 0.2652
vn 0.0745 0.9687 0.2368
vn 0.1201 0.9720 0.2022
vn 0.1249 0.9753 0.1821
vn 0.1203 0.9783 0.1685
vn 0.1657 0.9744 0.1520
vn 0.1873 0.9722 0.1402
vn 0.2336 0.9635 0.1308
vn 0.2537 0.9591 0.1258
vn 0.1403 0.9826 0.1220
vn -0.0071 0.9930 0.1178
vn -0.0789 0.9911 0.1073
vn -0.0711 0.9940 0.0829
vn -0.0499 0.9979 0.0413
vn -0.0273 0.9996 -0.0082
vn 0.0365 0.9987 -0.0357
vn 0.0526 0.9971 -0.0543
vn 0.0152 0.9977 -0.0665
vn -0.0214 0.9980 -0.0589
vn -0.0481 0.9971 -0.0583
vn -0.0224 0.9972 -0.0720
vn 0.0280 0.9976 -0.0627
vn 0.0189 0.9994 -0.0288
vn -0.0022 1.0000 -0.0081
vn 0.0157 0.9998 -0.0140
vn 0.0072 0.9991 -0.0423
vn -0.0455 0.9972 -0.0596
vn 0.0290 0.9984 -0.0484
vn 0.1262 0.9912 -0.0406
vn 0.1094 0.9932 -0.0397
vn 0.0811 0.9965 -0.0213
vn 0.0032 1.0000 -0.0031
vn -0.0988 0.9950 -0.0153
vn -0.1788 0.9812 -0.0726
vn -0.1966 0.9728 -0.1227
vn -0.1774 0.9741 -0.1399
vn -0.1844 0.9748 -0.1256
vn -0.1631 0.9826 -0.0891
vn -0.1169 0.9910 -0.0659
vn -0.0783 0.9949 -0.0641
vn -0.0493 0.9974 -0.0526
vn -0.0094 0.9991 -0.0414
vn 0.0230 0.9990 -0.0384
vn 0.0218 0.9988 -0.0440
vn -0.0215 0.9992 -0.0350
vn -0.0638 0.9978 -0.0190
vn -0.1303 0.9879 0.0838
vn -0.1264 0.9845 0.1216
vn -0.1078 0.9750 0.1945
vn -0.0678 0.9609 0.2685
vn 0.0267 0.9531 0.3015
vn 0.1183 0.9547 0.2731
vn 0.1440 0.9611 0.2355
vn 0.1463 0.9670 0.2087
vn 0.1492 0.9751 0.1640
vn 0.1811 0.9758 0.1224
vn 0.2006 0.9745 0.1004
vn 0.2300 0.9682 0.0982
vn 0.2385 0.9626 0.1288
vn 0.1332 0.9771 0.1657
vn -0.0046 0.9847 0.1740
vn -0.0613 0.9855 0.1579
vn -0.0331 0.9926 0.1167
vn -0.0118 0.9970 0.0761
vn 0.0131 0.9991 0.0398
vn 0.0677 0.9977 -0.0085
vn 0.0751 0.9962 -0.0450
vn 0.0182 0.9981 -0.0593
vn -0.0149 0.9969 -0.0767
vn -0.0173 0.9940 -0.1083
vn -0.0129 0.9917 -0.1277
vn -0.0093 0.9947 -0.1025
vn -0.0061 0.9976 -0.0695
vn 0.0004 0.9980 -0.0634
vn 0.0362 0.9966 -0.0739
vn 0.0329 0.9958 -0.0856
vn -0.0385 0.9945 -0.0972
vn 0.0213 0.9947 -0.1005
vn 0.1112 0.9907 -0.0779
vn 0.0782 0.9964 -0.0324
vn 0.0505 0.9987 0.0087
vn -0.0084 0.9994 0.0322
vn -0.0586 0.9982 0.0107
vn -0.1013 0.9931 -0.0591
vn -0.1732 0.9779 -0.1167
vn -0.1931 0.9749 -0.1112
vn -0.2141 0.9737 -0.0780
vn -0.1969 0.9795 -0.0421
vn -0.1153 0.9930 -0.0272
vn -0.0792 0.9965 -0.0283
vn -0.0522 0.9981 -0.0324
vn -0.0129 0.9993 -0.0341
vn 0.0124 0.9998 -0.0167
vn 0.0194 0.9997 0.0153
vn -0.0362 0.9983 0.0457
vn -0.0816 0.9944 0.0665
vn -0.1305 0.9835 0.1255
vn -0.1490 0.9810 0.1240
vn -0.1673 0.9753 0.1444
vn -0.1264 0.9731 0.1928
vn 0.0092 0.9754 0.2201
vn 0.1339 0.9656 0.2229
vn 0.1626 0.9634 0.2130
vn 0.1749 0.9678 0.1810
vn 0.1833 0.9718 0.1481
vn 0.1906 0.9719 0.1383
vn 0.2102 0.9677 0.1388
vn 0.2191 0.9650 0.1442
vn 0.1969 0.9643 0.1773
vn 0.1278 0.9718 0.1982
vn 0.0263 0.9863 0.1631
vn -0.0241 0.9938 0.1085
vn 0.0070 0.9976 0.0696
vn 0.0191 0.9989 0.0424
vn 0.0394 0.9989 0.0272
vn 0.0983 0.9950 0.0173
vn 0.0904 0.9959 0.0026
vn 0.0431 0.9987 -0.0283
vn 0.0318 0.9961 -0.0826
vn 0.0290 0.9898 -0.1396
vn -0.0054 0.9856 -0.1690
vn -0.0392 0.9855 -0.1654
vn -0.0232 0.9891 -0.1454
vn 0.0152 0.9900 -0.1405
vn 0.0362 0.9900 -0.1362
vn 0.0155 0.9942 -0.1066
vn -0.0260 0.9953 -0.0929
vn 0.0129 0.9959 -0.0899
vn 0.0560 0.9972 -0.0500
vn 0.0312 0.9995 0.0010
vn 0.0229 0.9992 0.0320
vn -0.0018 0.9995 0.0312
vn -0.0104 0.9999 -0.0081
vn -0.0348 0.9977 -0.0581
vn -0.1487 0.9844 -0.0937
vn -0.2173 0.9714 -0.0957
vn -0.2272 0.9700 -0.0870
vn -0.2085 0.9737 -0.0918
vn -0.1401 0.9873 -0.0755
vn -0.0815 0.9955 -0.0480
vn -0.0489 0.9977 -0.0462
vn -0.0311 0.9991 -0.0282
vn -0.0177 0.9996 0.0198
vn -0.0130 0.9967 0.0798
vn -0.0501 0.9907 0.1268
vn -0.0824 0.9866 0.1405
vn -0.1163 0.9907 0.0705
vn -0.1502 0.9867 0.0626
vn -0.1977 0.9784 0.0598
vn -0.1545 0.9871 0.0418
vn -0.0273 0.9993 0.0260
vn 0.0893 0.9946 0.0529
vn 0.1591 0.9834 0.0877
vn 0.1911 0.9781 0.0826
vn 0.1946 0.9785 0.0680
vn 0.1813 0.9811 0.0676
vn 0.1952 0.9771 0.0842
vn 0.2040 0.9729 0.1091
vn 0.1728 0.9770 0.1248
vn 0.1429 0.9830 0.1153
vn 0.0802 0.9936 0.0798
vn 0.0164 0.9992 0.0351
vn 0.0229 0.9995 0.0196
vn 0.0377 0.9992 0.0152
vn 0.0553 0.9985 -0.0000
vn 0.0934 0.9956 0.0029
vn 0.0936 0.9955 0.0177
vn 0.0890 0.9960 -0.0028
vn 0.0986 0.9932 -0.0619
vn 0.0868 0.9879 -0.1281
vn 0.0140 0.9845 -0.1750
vn -0.0621 0.9822 -0.1775
vn -0.0513 0.9878 -0.1467
vn 0.0092 0.9933 -0.1153
vn 0.0060 0.9959 -0.0902
vn -0.0231 0.9979 -0.0605
vn -0.0158 0.9985 -0.0528
vn -0.0051 0.9987 -0.0507
vn -0.0069 0.9999 -0.0141
vn -0.0081 0.9995 0.0313
vn 0.0117 0.9987 0.0489
vn 0.0144 0.9990 0.0434
vn 0.0305 0.9994 0.0150
vn -0.0017 0.9997 -0.0239
vn -0.1261 0.9909 -0.0467
vn -0.2223 0.9729 -0.0640
vn -0.2108 0.9731 -0.0925
vn -0.1909 0.9731 -0.1292
vn -0.1742 0.9758 -0.1323
vn -0.0997 0.9891 -0.1080
vn -0.0677 0.9952 -0.0706
vn -0.0640 0.9976 -0.0277
vn -0.0449 0.9990 -0.0037
vn -0.0565 0.9982 0.0180
vn -0.0791 0.9956 0.0505
vn -0.0985 0.9931 0.0641
vn -0.1355 0.9830 -0.1237
vn -0.1659 0.9793 -0.1162
vn -0.2094 0.9719 -0.1075
vn -0.1613 0.9794 -0.1211
vn -0.0639 0.9921 -0.1081
vn 0.0352 0.9973 -0.0637
vn 0.1316 0.9906 -0.0362
vn 0.1811 0.9833 -0.0182
vn 0.1907 0.9816 -0.0071
vn 0.1716 0.9852 -0.0009
vn 0.1692 0.9855 0.0154
vn 0.1772 0.9829 0.0503
vn 0.1701 0.9829 0.0702
vn 0.1531 0.9858 0.0686
vn 0.1055 0.9920 0.0692
vn 0.0444 0.9977 0.0514
vn 0.0300 0.9993 0.0244
vn 0.0382 0.9991 0.0196
vn 0.0641 0.9976 0.0261
vn 0.0826 0.9963 0.0225
vn 0.0778 0.9965 0.0320
vn 0.1183 0.9924 0.0351
vn 0.1562 0.9877 -0.0001
vn 0.1291 0.9907 -0.0428
vn 0.0229 0.9977 -0.0634
vn -0.0762 0.9943 -0.0747
vn -0.0730 0.9940 -0.0811
vn -0.0336 0.9981 -0.0516
vn -0.0360 0.9993 -0.0040
vn -0.0266 0.9996 -0.0000
vn -0.0071 0.9999 -0.0153
vn -0.0213 0.9997 -0.0149
vn -0.0401 0.9992 -0.0084
vn -0.0192 0.9998 -0.0077
vn 0.0156 0.9998 -0.0076
vn 0.0245 0.9997 -0.0082
vn 0.0503 0.9987 -0.0098
vn 0.0242 0.9995 -0.0188
vn -0.0962 0.9942 -0.0484
vn -0.1843 0.9779 -0.0992
vn -0.1875 0.9731 -0.1337
vn -0.1735 0.9743 -0.1435
vn -0.1720 0.9722 -0.1587
vn -0.1142 0.9783 -0.1727
vn -0.0934 0.9807 -0.1719
vn -0.0911 0.9829 -0.1600
vn -0.0698 0.9868 -0.1463
vn -0.0808 0.9876 -0.1345
vn -0.1032 0.9852 -0.1370
vn -0.1146 0.9834 -0.1406
vn -0.1713 0.9367 -0.3054
vn -0.1855 0.9378 -0.2936
vn -0.2054 0.9344 -0.2911
vn -0.1805 0.9409 -0.2867
vn -0.1089 0.9565 -0.2706
vn -0.0200 0.9692 -0.2453
vn 0.0574 0.9805 -0.1877
vn 0.1329 0.9871 -0.0887
vn 0.1664 0.9860 -0.0139
vn 0.1620 0.9864 0.0287
vn 0.1489 0.9868 0.0642
vn 0.1561 0.9829 0.0977
vn 0.1809 0.9788 0.0966
vn 0.1595 0.9842 0.0766
vn 0.1055 0.9920 0.0694
vn 0.0608 0.9958 0.0683
vn 0.0393 0.9970 0.0661
vn 0.0384 0.9975 0.0590
vn 0.0702 0.9965 0.0443
vn 0.0831 0.9958 0.0381
vn 0.0723 0.9968 0.0338
vn 0.1429 0.9896 0.0142
vn 0.1873 0.9823 -0.0020
vn 0.1199 0.9927 0.0109
vn 0.0212 0.9994 0.0284
vn -0.0419 0.9991 -0.0043
vn -0.0637 0.9969 -0.0464
vn -0.1004 0.9945 -0.0296
vn -0.0878 0.9957 0.0290
vn -0.0005 0.9989 0.0472
vn 0.0174 0.9998 0.0099
vn -0.0151 0.9997 -0.0199
vn -0.0143 0.9985 -0.0520
vn 0.0049 0.9958 -0.0909
vn 0.0231 0.9939 -0.1081
vn 0.0392 0.9929 -0.1126
vn 0.0666 0.9901 -0.1238
vn 0.0575 0.9883 -0.1414
vn -0.0313 0.9826 -0.1829
vn -0.1174 0.9644 -0.2370
vn -0.1649 0.9488 -0.2693
vn -0.1797 0.9500 -0.2552
vn -0.1514 0.9578 -0.2445
vn -0.1030 0.9595 -0.2622
vn -0.0921 0.9550 -0.2819
vn -0.1188 0.9560 -0.2682
vn -0.0984 0.9684 -0.2292
vn -0.0750 0.9721 -0.2223
vn -0.0839 0.9614 -0.2621
vn -0.0859 0.9535 -0.2889
vn -0.1702 0.9375 -0.3034
vn -0.1731 0.9283 -0.3290
vn -0.1906 0.9130 -0.3607
vn -0.1905 0.9052 -0.3799
vn -0.1304 0.9097 -0.3943
vn -0.0810 0.9259 -0.3689
vn -0.0427 0.9599 -0.2770
vn 0.0460 0.9839 -0.1725
vn 0.1089 0.9896 -0.0940
vn 0.1178 0.9925 -0.0341
vn 0.1062 0.9940 0.0275
vn 0.1340 0.9891 0.0614
vn 0.1997 0.9784 0.0541
vn 0.1768 0.9840 0.0228
vn 0.1024 0.9947 0.0102
vn 0.0525 0.9983 0.0242
vn 0.0243 0.9984 0.0508
vn 0.0480 0.9968 0.0636
vn 0.1029 0.9941 0.0333
vn 0.0973 0.9952 -0.0080
vn 0.0906 0.9954 -0.0316
vn 0.1567 0.9869 -0.0390
vn 0.1730 0.9848 -0.0172
vn 0.0749 0.9969 0.0221
vn 0.0237 0.9990 0.0380
vn 0.0086 0.9998 0.0185
vn -0.0540 0.9985 -0.0014
vn -0.1478 0.9890 0.0048
vn -0.1189 0.9927 0.0183
vn 0.0140 0.9994 0.0303
vn 0.0565 0.9982 0.0215
vn 0.0223 0.9995 -0.0213
vn 0.0368 0.9965 -0.0749
vn 0.0526 0.9905 -0.1269
vn 0.0312 0.9872 -0.1564
vn 0.0410 0.9872 -0.1541
vn 0.0728 0.9869 -0.1436
vn 0.0915 0.9818 -0.1662
vn 0.0289 0.9750 -0.2205
vn -0.0751 0.9623 -0.2614
vn -0.1538 0.9483 -0.2775
vn -0.1796 0.9383 -0.2956
vn -0.1411 0.9397 -0.3115
vn -0.0927 0.9452 -0.3132
vn -0.0922 0.9475 -0.3061
vn -0.1429 0.9447 -0.2950
vn -0.1263 0.9532 -0.2748
vn -0.0666 0.9626 -0.2626
vn -0.0523 0.9592 -0.2780
vn -0.0492 0.9551 -0.2922
vn -0.1222 0.9561 -0.2665
vn -0.1349 0.9476 -0.2895
vn -0.1757 0.9324 -0.3158
vn -0.1789 0.9284 -0.3256
vn -0.1263 0.9352 -0.3308
vn -0.1103 0.9413 -0.3191
vn -0.1003 0.9475 -0.3036
vn -0.0319 0.9630 -0.2676
vn 0.0378 0.9781 -0.2048
vn 0.0574 0.9880 -0.1434
vn 0.0499 0.9938 -0.0990
vn 0.1047 0.9922 -0.0679
vn 0.1861 0.9819 -0.0351
vn 0.1744 0.9846 0.0105
vn 0.1036 0.9942 0.0276
vn 0.0510 0.9986 0.0152
vn 0.0054 0.9999 0.0105
vn 0.0484 0.9987 0.0177
vn 0.1356 0.9907 0.0136
vn 0.1260 0.9920 -0.0070
vn 0.1053 0.9941 -0.0252
vn 0.1356 0.9908 -0.0047
vn 0.1263 0.9912 0.0387
vn 0.0486 0.9969 0.0624
vn 0.0275 0.9977 0.0625
vn 0.0283 0.9980 0.0568
vn -0.0549 0.9972 0.0498
vn -0.1311 0.9911 0.0223
vn -0.1099 0.9938 -0.0140
vn 0.0004 0.9999 -0.0158
vn 0.0864 0.9962 -0.0125
vn 0.0829 0.9954 -0.0475
vn 0.0786 0.9931 -0.0873
vn 0.0840 0.9905 -0.1085
vn 0.0438 0.9911 -0.1258
vn 0.0392 0.9889 -0.1436
vn 0.0754 0.9855 -0.1522
vn 0.1120 0.9812 -0.1574
vn 0.0521 0.9858 -0.1599
vn -0.0757 0.9849 -0.1556
vn -0.1405 0.9747 -0.1738
vn -0.1409 0.9632 -0.2289
vn -0.1238 0.9513 -0.2822
vn -0.1047 0.9508 -0.2917
vn -0.0890 0.9524 -0.2917
vn -0.1357 0.9405 -0.3116
vn -0.1581 0.9397 -0.3033
vn -0.0870 0.9602 -0.2655
vn -0.0414 0.9690 -0.2435
vn -0.0514 0.9688 -0.2425
vn -0.0578 0.9740 -0.2189
vn -0.0963 0.9670 -0.2360
vn -0.1753 0.9532 -0.2463
vn -0.1683 0.9533 -0.2509
vn -0.1162 0.9564 -0.2679
vn -0.1036 0.9526 -0.2859
vn -0.1042 0.9485 -0.2992
vn -0.0727 0.9559 -0.2847
vn -0.0124 0.9685 -0.2485
vn 0.0069 0.9781 -0.2081
vn 0.0138 0.9850 -0.1718
vn 0.0735 0.9867 -0.1448
vn 0.1272 0.9884 -0.0832
vn 0.1209 0.9927 0.0026
vn 0.1021 0.9934 0.0527
vn 0.0649 0.9962 0.0573
vn 0.0204 0.9992 0.0346
vn 0.0541 0.9985 0.0016
vn 0.1295 0.9916 0.0037
vn 0.1229 0.9918 0.0360
vn 0.1065 0.9928 0.0548
vn 0.1078 0.9923 0.0616
vn 0.0810 0.9929 0.0868
vn 0.0410 0.9931 0.1101
vn 0.0432 0.9944 0.0969
vn 0.0427 0.9965 0.0715
vn -0.0312 0.9986 0.0435
vn -0.0817 0.9966 0.0062
vn -0.0807 0.9963 -0.0284
vn -0.0150 0.9993 -0.0353
vn 0.1124 0.9927 -0.0447
vn 0.1469 0.9852 -0.0886
vn 0.1081 0.9860 -0.1268
vn 0.0881 0.9873 -0.1319
vn 0.0575 0.9897 -0.1308
vn 0.0554 0.9883 -0.1419
vn 0.0988 0.9805 -0.1700
vn 0.1187 0.9750 -0.1878
vn 0.0322 0.9850 -0.1694
vn -0.0855 0.9860 -0.1430
vn -0.1076 0.9829 -0.1494
vn -0.0948 0.9784 -0.1838
vn -0.0957 0.9714 -0.2174
vn -0.1011 0.9640 -0.2459
vn -0.0773 0.9609 -0.2658
vn -0.1183 0.9543 -0.2746
vn -0.1974 0.9448 -0.2615
vn -0.1219 0.9660 -0.2281
vn -0.0466 0.9779 -0.2036
vn -0.0694 0.9776 -0.1985
vn -0.0069 0.9829 -0.1839
vn -0.0659 0.9788 -0.1938
vn -0.1646 0.9629 -0.2139
vn -0.1471 0.9580 -0.2463
vn -0.0956 0.9552 -0.2800
vn -0.0967 0.9517 -0.2914
vn -0.1082 0.9537 -0.2806
vn -0.0870 0.9588 -0.2704
vn -0.0345 0.9637 -0.2647
vn -0.0315 0.9691 -0.2445
vn -0.0227 0.9780 -0.2074
vn 0.0431 0.9855 -0.1639
vn 0.0567 0.9924 -0.1097
vn 0.0560 0.9976 -0.0409
vn 0.0775 0.9969 0.0131
vn 0.0665 0.9974 0.0275
vn 0.0499 0.9987 0.0108
vn 0.0626 0.9980 -0.0028
vn 0.0909 0.9955 0.0264
vn 0.0909 0.9933 0.0708
vn 0.1005 0.9906 0.0925
vn 0.0915 0.9899 0.1087
vn 0.0337 0.9891 0.1436
vn 0.0331 0.9848 0.1704
vn 0.0783 0.9853 0.1518
vn 0.0834 0.9919 0.0962
vn 0.0297 0.9991 0.0294
vn -0.0384 0.9990 -0.0231
vn -0.0458 0.9974 -0.0562
vn 0.0081 0.9957 -0.0924
vn 0.1300 0.9856 -0.1084
vn 0.1788 0.9781 -0.1070
vn 0.1324 0.9838 -0.1212
vn 0.0970 0.9844 -0.1469
vn 0.0723 0.9834 -0.1667
vn 0.0652 0.9831 -0.1709
vn 0.1082 0.9811 -0.1604
vn 0.1101 0.9830 -0.1472
vn 0.0149 0.9894 -0.1444
vn -0.0725 0.9831 -0.1683
vn -0.0796 0.9780 -0.1928
vn -0.0679 0.9762 -0.2059
vn -0.0743 0.9735 -0.2164
vn -0.0733 0.9688 -0.2368
vn -0.0725 0.9658 -0.2491
vn -0.1310 0.9635 -0.2334
vn -0.2161 0.9521 -0.2165
vn -0.1485 0.9669 -0.2077
vn -0.0717 0.9808 -0.1812
vn -0.0848 0.9830 -0.1628
vn 0.0130 0.9699 -0.2434
vn -0.0472 0.9684 -0.2449
vn -0.1280 0.9551 -0.2673
vn -0.1078 0.9445 -0.3104
vn -0.0844 0.9376 -0.3373
vn -0.1159 0.9394 -0.3225
vn -0.1305 0.9466 -0.2948
vn -0.1033 0.9582 -0.2669
vn -0.0562 0.9724 -0.2265
vn -0.0548 0.9822 -0.1798
vn -0.0390 0.9871 -0.1554
vn 0.0293 0.9888 -0.1464
vn 0.0105 0.9917 -0.1282
vn 0.0004 0.9965 -0.0832
vn 0.0469 0.9979 -0.0440
vn 0.0658 0.9971 -0.0371
vn 0.0547 0.9979 -0.0339
vn 0.0422 0.9991 -0.0051
vn 0.0349 0.9981 0.0505
vn 0.0560 0.9926 0.1076
vn 0.0931 0.9866 0.1336
vn 0.0670 0.9862 0.1517
vn 0.0089 0.9863 0.1647
vn 0.0450 0.9878 0.1493
vn 0.1116 0.9855 0.1275
vn 0.1228 0.9862 0.1107
vn 0.0979 0.9926 0.0722
vn 0.0201 0.9998 0.0011
vn 0.0071 0.9973 -0.0727
vn 0.0566 0.9905 -0.1254
vn 0.1273 0.9815 -0.1431
vn 0.1631 0.9792 -0.1211
vn 0.1458 0.9835 -0.1073
vn 0.1199 0.9853 -0.1217
vn 0.0884 0.9857 -0.1434
vn 0.0667 0.9850 -0.1591
vn 0.0888 0.9846 -0.1509
vn 0.0761 0.9903 -0.1160
vn 0.0247 0.9943 -0.1038
vn -0.0169 0.9885 -0.1504
vn -0.0433 0.9755 -0.2159
vn -0.0426 0.9657 -0.2562
vn -0.0618 0.9606 -0.2708
vn -0.0722 0.9632 -0.2589
vn -0.0930 0.9694 -0.2274
vn -0.1676 0.9673 -0.1903
vn -0.1970 0.9616 -0.1911
vn -0.1586 0.9648 -0.2099
vn -0.0920 0.9736 -0.2089
vn -0.0571 0.9776 -0.2025
vn 0.0034 0.9642 -0.2651
vn -0.0397 0.9629 -0.2671
vn -0.0871 0.9540 -0.2868
vn -0.0775 0.9467 -0.3126
vn -0.0946 0.9476 -0.3051
vn -0.1406 0.9490 -0.2820
vn -0.1504 0.9540 -0.2594
vn -0.1365 0.9642 -0.2274
vn -0.0995 0.9799 -0.1727
vn -0.0822 0.9885 -0.1270
vn -0.0347 0.9929 -0.1134
vn 0.0396 0.9915 -0.1238
vn -0.0004 0.9900 -0.1410
vn -0.0382 0.9900 -0.1357
vn 0.0126 0.9943 -0.1058
vn 0.0448 0.9972 -0.0590
vn 0.0237 0.9997 0.0010
vn 0.0104 0.9983 0.0578
vn -0.0191 0.9941 0.1070
vn 0.0224 0.9877 0.1551
vn 0.0905 0.9802 0.1759
vn 0.0602 0.9837 0.1695
vn 0.0277 0.9888 0.1464
vn 0.0881 0.9917 0.0934
vn 0.1257 0.9903 0.0599
vn 0.1208 0.9898 0.0759
vn 0.1432 0.9868 0.0755
vn 0.1033 0.9944 0.0241
vn 0.0715 0.9964 -0.0460
vn 0.0927 0.9910 -0.0962
vn 0.1318 0.9839 -0.1210
vn 0.1472 0.9802 -0.1321
vn 0.1406 0.9821 -0.1256
vn 0.1268 0.9853 -0.1140
vn 0.0937 0.9896 -0.1090
vn 0.0822 0.9894 -0.1196
vn 0.0794 0.9874 -0.1367
vn 0.0566 0.9881 -0.1429
vn 0.0552 0.9856 -0.1599
vn 0.0522 0.9790 -0.1970
vn 0.0076 0.9707 -0.2400
vn -0.0117 0.9620 -0.2727
vn -0.0596 0.9560 -0.2871
vn -0.1140 0.9590 -0.2594
vn -0.1405 0.9681 -0.2075
vn -0.1862 0.9655 -0.1823
vn -0.1810 0.9666 -0.1817
vn -0.1443 0.9702 -0.1948
vn -0.0710 0.9701 -0.2321
vn 0.0008 0.9667 -0.2558
vn -0.0086 0.9824 -0.1865
vn -0.0261 0.9799 -0.1977
vn -0.0593 0.9739 -0.2191
vn -0.0866 0.9730 -0.2140
vn -0.1182 0.9763 -0.1815
vn -0.1444 0.9755 -0.1661
vn -0.1554 0.9741 -0.1641
vn -0.1560 0.9756 -0.1548
vn -0.1354 0.9811 -0.1380
vn -0.1030 0.9874 -0.1204
vn -0.0328 0.9931 -0.1122
vn 0.0443 0.9936 -0.1039
vn 0.0254 0.9934 -0.1119
vn -0.0409 0.9897 -0.1374
vn -0.0206 0.9911 -0.1317
vn -0.0079 0.9964 -0.0847
vn -0.0373 0.9991 -0.0182
vn -0.0275 0.9989 0.0368
vn -0.0582 0.9961 0.0657
vn -0.0183 0.9949 0.0993
vn 0.0661 0.9880 0.1395
vn 0.0703 0.9845 0.1607
vn 0.0730 0.9892 0.1271
vn 0.1267 0.9881 0.0873
vn 0.1287 0.9891 0.0714
vn 0.1158 0.9916 0.0581
vn 0.1667 0.9852 0.0398
vn 0.1655 0.9861 0.0132
vn 0.1294 0.9912 -0.0283
vn 0.1294 0.9890 -0.0719
vn 0.1655 0.9796 -0.1142
vn 0.1537 0.9780 -0.1411
vn 0.1127 0.9854 -0.1274
vn 0.0997 0.9909 -0.0905
vn 0.1006 0.9915 -0.0828
vn 0.1127 0.9877 -0.1081
vn 0.1099 0.9832 -0.1456
vn 0.0911 0.9773 -0.1910
vn 0.0993 0.9674 -0.2331
vn 0.0921 0.9611 -0.2606
vn 0.0318 0.9627 -0.2688
vn -0.0029 0.9640 -0.2658
vn -0.0648 0.9635 -0.2598
vn -0.1555 0.9565 -0.2469
vn -0.1769 0.9582 -0.2249
vn -0.1928 0.9596 -0.2050
vn -0.1943 0.9635 -0.1840
vn -0.1252 0.9761 -0.1775
vn -0.0388 0.9803 -0.1936
vn 0.0052 0.9795 -0.2016
vn -0.0186 0.9863 -0.1639
vn -0.0065 0.9851 -0.1718
vn -0.0375 0.9813 -0.1889
vn -0.1096 0.9756 -0.1901
vn -0.1405 0.9746 -0.1742
vn -0.1494 0.9758 -0.1597
vn -0.1585 0.9755 -0.1523
vn -0.1625 0.9754 -0.1487
vn -0.1594 0.9784 -0.1313
vn -0.1186 0.9877 -0.1017
vn -0.0388 0.9963 -0.0764
vn 0.0444 0.9969 -0.0652
vn 0.0539 0.9957 -0.0754
vn -0.0223 0.9954 -0.0935
vn -0.0370 0.9951 -0.0919
vn -0.0405 0.9961 -0.0782
vn -0.0732 0.9947 -0.0724
vn -0.0577 0.9960 -0.0677
vn -0.0829 0.9949 -0.0567
vn -0.0706 0.9971 -0.0271
vn 0.0022 0.9993 0.0375
vn 0.0628 0.9947 0.0820
vn 0.1195 0.9906 0.0662
vn 0.1393 0.9894 0.0410
vn 0.1345 0.9902 0.0386
vn 0.1401 0.9899 0.0212
vn 0.1749 0.9846 0.0034
vn 0.1953 0.9807 -0.0056
vn 0.1805 0.9827 -0.0408
vn 0.1756 0.9806 -0.0876
vn 0.1861 0.9766 -0.1078
vn 0.1438 0.9850 -0.0956
vn 0.0895 0.9922 -0.0870
vn 0.0821 0.9927 -0.0881
vn 0.1066 0.9907 -0.0851
vn 0.1427 0.9856 -0.0912
vn 0.1541 0.9804 -0.1225
vn 0.1508 0.9733 -0.1732
vn 0.1424 0.9644 -0.2227
vn 0.0987 0.9650 -0.2428
vn 0.0293 0.9693 -0.2441
vn -0.0173 0.9714 -0.2368
vn -0.0805 0.9714 -0.2233
vn -0.1571 0.9615 -0.2256
vn -0.1923 0.9534 -0.2326
vn -0.2144 0.9523 -0.2170
vn -0.2134 0.9564 -0.1994
vn -0.1235 0.9736 -0.1921
vn -0.0338 0.9824 -0.1837
vn -0.0187 0.9837 -0.1788
vn -0.0535 0.9806 -0.1886
vn -0.0143 0.9845 -0.1747
vn -0.0213 0.9862 -0.1642
vn -0.1020 0.9776 -0.1840
vn -0.1418 0.9681 -0.2068
vn -0.1583 0.9642 -0.2128
vn -0.1579 0.9638 -0.2150
vn -0.1698 0.9611 -0.2178
vn -0.1990 0.9598 -0.1978
vn -0.1602 0.9750 -0.1537
vn -0.0705 0.9917 -0.1075
vn 0.0173 0.9977 -0.0650
vn 0.0643 0.9975 -0.0290
vn -0.0102 0.9997 -0.0216
vn -0.0402 0.9991 -0.0146
vn -0.0258 0.9994 -0.0240
vn -0.0605 0.9968 -0.0521
vn -0.0588 0.9957 -0.0710
vn -0.0825 0.9933 -0.0815
vn -0.1000 0.9914 -0.0848
vn -0.0631 0.9962 -0.0597
vn 0.0449 0.9983 -0.0371
vn 0.1484 0.9878 -0.0463
vn 0.1445 0.9875 -0.0630
vn 0.1427 0.9868 -0.0766
vn 0.1484 0.9860 -0.0763
vn 0.1590 0.9859 -0.0522
vn 0.2128 0.9761 -0.0447
vn 0.2220 0.9727 -0.0671
vn 0.1974 0.9771 -0.0794
vn 0.1607 0.9853 -0.0574
vn 0.1119 0.9935 -0.0222
vn 0.1102 0.9935 -0.0278
vn 0.1047 0.9920 -0.0713
vn 0.1079 0.9896 -0.0951
vn 0.1436 0.9857 -0.0885
vn 0.1655 0.9835 -0.0737
vn 0.1878 0.9793 -0.0756
vn 0.1784 0.9778 -0.1098
vn 0.1087 0.9828 -0.1493
vn 0.0395 0.9824 -0.1823
vn -0.0258 0.9794 -0.2001
vn -0.1001 0.9757 -0.1949
vn -0.1547 0.9708 -0.1833
vn -0.2040 0.9630 -0.1759
vn -0.2308 0.9576 -0.1725
vn -0.2042 0.9601 -0.1909
vn -0.1180 0.9699 -0.2128
vn -0.0416 0.9754 -0.2165
vn -0.0300 0.9762 -0.2146
vn -0.0960 0.9774 -0.1886
vn -0.0412 0.9835 -0.1761
vn -0.0122 0.9858 -0.1678
vn -0.0694 0.9801 -0.1862
vn -0.1261 0.9700 -0.2079
vn -0.1550 0.9634 -0.2189
vn -0.1505 0.9617 -0.2291
vn -0.1728 0.9575 -0.2312
vn -0.2244 0.9486 -0.2230
vn -0.1954 0.9576 -0.2118
vn -0.1285 0.9753 -0.1798
vn -0.0537 0.9939 -0.0962
vn 0.0156 0.9999 0.0013
vn -0.0066 0.9985 0.0535
vn -0.0260 0.9989 0.0377
vn -0.0040 0.9999 0.0131
vn -0.0350 0.9994 -0.0035
vn -0.0374 0.9988 -0.0328
vn -0.0469 0.9956 -0.0814
vn -0.1043 0.9888 -0.1071
vn -0.1056 0.9906 -0.0868
vn 0.0457 0.9957 -0.0806
vn 0.1600 0.9823 -0.0976
vn 0.1515 0.9832 -0.1015
vn 0.1631 0.9794 -0.1192
vn 0.1343 0.9823 -0.1307
vn 0.1217 0.9872 -0.1029
vn 0.2056 0.9763 -0.0673
vn 0.2294 0.9723 -0.0444
vn 0.1781 0.9838 -0.0219
vn 0.1297 0.9916 -0.0018
vn 0.1078 0.9941 -0.0076
vn 0.1447 0.9890 -0.0291
vn 0.1549 0.9859 -0.0638
vn 0.1360 0.9850 -0.1065
vn 0.1304 0.9839 -0.1222
vn 0.1286 0.9875 -0.0912
vn 0.1702 0.9844 -0.0451
vn 0.1878 0.9821 -0.0160
vn 0.1454 0.9887 -0.0359
vn 0.0866 0.9915 -0.0974
vn -0.0071 0.9883 -0.1521
vn -0.1085 0.9787 -0.1740
vn -0.1657 0.9713 -0.1707
vn -0.2138 0.9635 -0.1609
vn -0.2291 0.9605 -0.1581
vn -0.1784 0.9696 -0.1673
vn -0.0929 0.9768 -0.1932
vn -0.0429 0.9766 -0.2106
vn -0.0465 0.9764 -0.2109
vn -0.0922 0.9748 -0.2032
vn -0.0545 0.9778 -0.2025
vn -0.0182 0.9809 -0.1939
vn -0.0564 0.9818 -0.1811
vn -0.1229 0.9772 -0.1730
vn -0.1507 0.9739 -0.1695
vn -0.1415 0.9742 -0.1756
vn -0.1633 0.9679 -0.1909
vn -0.2144 0.9532 -0.2130
vn -0.2022 0.9526 -0.2273
vn -0.1791 0.9620 -0.2061
vn -0.1615 0.9785 -0.1285
vn -0.0718 0.9972 -0.0194
vn -0.0187 0.9992 0.0342
vn -0.0032 0.9995 0.0328
vn 0.0131 0.9999 0.0102
vn -0.0107 0.9998 -0.0158
vn -0.0024 0.9985 -0.0545
vn -0.0026 0.9953 -0.0964
vn -0.0982 0.9880 -0.1192
vn -0.1237 0.9845 -0.1246
vn 0.0362 0.9917 -0.1234
vn 0.1556 0.9816 -0.1111
vn 0.1572 0.9814 -0.1100
vn 0.1773 0.9771 -0.1178
vn 0.1351 0.9831 -0.1234
vn 0.0889 0.9892 -0.1164
vn 0.1615 0.9843 -0.0709
vn 0.2022 0.9792 -0.0188
vn 0.1625 0.9867 -0.0031
vn 0.1388 0.9902 -0.0175
vn 0.1381 0.9893 -0.0477
vn 0.1687 0.9830 -0.0718
vn 0.1910 0.9777 -0.0875
vn 0.1703 0.9797 -0.1055
vn 0.1128 0.9877 -0.1078
vn 0.0831 0.9927 -0.0871
vn 0.1209 0.9915 -0.0472
vn 0.1574 0.9875 -0.0057
vn 0.1722 0.9850 0.0092
vn 0.1375 0.9904 -0.0120
vn 0.0380 0.9975 -0.0603
vn -0.0830 0.9897 -0.1162
vn -0.1666 0.9746 -0.1497
vn -0.2003 0.9647 -0.1710
vn -0.2130 0.9574 -0.1948
vn -0.1725 0.9649 -0.1982
vn -0.0781 0.9790 -0.1886
vn -0.0409 0.9814 -0.1874
vn -0.0586 0.9801 -0.1895
vn -0.0651 0.9846 -0.1625
vn -0.0521 0.9841 -0.1697
vn -0.0366 0.9853 -0.1668
vn -0.0747 0.9861 -0.1483
vn -0.1236 0.9825 -0.1393
vn -0.1427 0.9786 -0.1483
vn -0.1330 0.9781 -0.1601
vn -0.1391 0.9745 -0.1761
vn -0.1898 0.9613 -0.1996
vn -0.2008 0.9566 -0.2113
vn -0.2202 0.9563 -0.1924
vn -0.2384 0.9602 -0.1455
vn -0.1401 0.9843 -0.1074
vn -0.0555 0.9958 -0.0732
vn -0.0069 0.9985 -0.0549
vn 0.0224 0.9982 -0.0551
vn 0.0090 0.9976 -0.0680
vn 0.0225 0.9962 -0.0838
vn 0.0085 0.9966 -0.0822
vn -0.0567 0.9932 -0.1014
vn -0.0909 0.9804 -0.1748
vn 0.0124 0.9786 -0.2055
vn 0.1154 0.9782 -0.1729
vn 0.1483 0.9796 -0.1356
vn 0.1733 0.9783 -0.1138
vn 0.1442 0.9832 -0.1122
vn 0.0763 0.9902 -0.1167
vn 0.0984 0.9915 -0.0845
vn 0.1587 0.9868 -0.0322
vn 0.1703 0.9853 -0.0164
vn 0.1602 0.9866 -0.0306
vn 0.1678 0.9848 -0.0456
vn 0.1785 0.9823 -0.0562
vn 0.1946 0.9795 -0.0525
vn 0.1690 0.9848 -0.0404
vn 0.0961 0.9949 -0.0322
vn 0.0625 0.9977 -0.0277
vn 0.0876 0.9959 -0.0213
vn 0.1277 0.9918 -0.0082
vn 0.1622 0.9867 0.0126
vn 0.1493 0.9884 0.0274
vn 0.0808 0.9966 0.0147
vn -0.0304 0.9991 -0.0310
vn -0.1329 0.9870 -0.0903
vn -0.1572 0.9767 -0.1460
vn -0.1821 0.9653 -0.1873
vn -0.1883 0.9621 -0.1974
vn -0.1009 0.9786 -0.1795
vn -0.0506 0.9862 -0.1578
vn -0.0572 0.9866 -0.1527
vn -0.0507 0.9923 -0.1126
vn -0.0316 0.9912 -0.1284
vn -0.0359 0.9880 -0.1502
vn -0.0820 0.9835 -0.1613
vn -0.1073 0.9786 -0.1755
vn -0.1178 0.9727 -0.1998
vn -0.1257 0.9689 -0.2133
vn -0.1357 0.9691 -0.2062
vn -0.1783 0.9647 -0.1939
vn -0.2033 0.9609 -0.1878
vn -0.2437 0.9536 -0.1770
vn -0.2546 0.9503 -0.1794
vn -0.1719 0.9684 -0.1806
vn -0.1046 0.9832 -0.1497
vn -0.0313 0.9935 -0.1097
vn 0.0198 0.9959 -0.0879
vn 0.0223 0.9955 -0.0922
vn 0.0325 0.9937 -0.1069
vn 0.0068 0.9930 -0.1180
vn -0.0118 0.9897 -0.1428
vn -0.0173 0.9812 -0.1922
vn 0.0005 0.9730 -0.2307
vn 0.0611 0.9759 -0.2094
vn 0.0984 0.9841 -0.1480
vn 0.1554 0.9821 -0.1060
vn 0.1466 0.9850 -0.0912
vn 0.0763 0.9934 -0.0853
vn 0.0550 0.9958 -0.0734
vn 0.1127 0.9929 -0.0368
vn 0.1655 0.9862 0.0017
vn 0.1642 0.9862 0.0191
vn 0.1888 0.9819 0.0149
vn 0.1884 0.9821 -0.0027
vn 0.1778 0.9841 -0.0001
vn 0.1566 0.9876 0.0104
vn 0.1015 0.9948 0.0026
vn 0.0645 0.9979 -0.0113
vn 0.0687 0.9976 -0.0054
vn 0.1017 0.9946 0.0189
vn 0.1447 0.9889 0.0337
vn 0.1557 0.9875 0.0259
vn 0.1100 0.9939 0.0084
vn 0.0184 0.9997 -0.0148
vn -0.0718 0.9960 -0.0538
vn -0.1113 0.9886 -0.1012
vn -0.1593 0.9786 -0.1300
vn -0.2010 0.9695 -0.1404
vn -0.1379 0.9819 -0.1300
vn -0.0706 0.9912 -0.1120
vn -0.0546 0.9927 -0.1071
vn -0.0111 0.9925 -0.1217
vn 0.0072 0.9903 -0.1386
vn -0.0161 0.9863 -0.1642
vn -0.0684 0.9817 -0.1776
vn -0.0841 0.9776 -0.1930
vn -0.0911 0.9725 -0.2142
vn -0.1129 0.9654 -0.2351
vn -0.1482 0.9594 -0.2398
vn -0.1790 0.9556 -0.2339
vn -0.2166 0.9507 -0.2220
vn -0.2598 0.9448 -0.1996
vn -0.2480 0.9503 -0.1880
vn -0.1889 0.9648 -0.1829
vn -0.1428 0.9766 -0.1610
vn -0.0634 0.9888 -0.1349
vn 0.0066 0.9931 -0.1167
vn 0.0340 0.9924 -0.1181
vn 0.0490 0.9890 -0.1399
vn 0.0195 0.9869 -0.1600
vn 0.0159 0.9839 -0.1778
vn 0.0213 0.9803 -0.1963
vn 0.0042 0.9800 -0.1990
vn 0.0169 0.9842 -0.1763
vn 0.0563 0.9872 -0.1494
vn 0.1261 0.9849 -0.1188
vn 0.1175 0.9902 -0.0758
vn 0.0709 0.9964 -0.0472
vn 0.0457 0.9981 -0.0406
vn 0.0719 0.9972 -0.0195
vn 0.1291 0.9914 0.0213
vn 0.1526 0.9871 0.0477
vn 0.2024 0.9779 0.0515
vn 0.1977 0.9791 0.0474
vn 0.1704 0.9844 0.0444
vn 0.1609 0.9863 0.0358
vn 0.1148 0.9931 0.0249
vn 0.0661 0.9975 0.0232
vn 0.0365 0.9986 0.0386
vn 0.0830 0.9950 0.0546
vn 0.1556 0.9868 0.0454
vn 0.1822 0.9830 0.0210
vn 0.1357 0.9907 -0.0052
vn 0.0429 0.9988 -0.0230
vn -0.0277 0.9988 -0.0411
vn -0.0837 0.9946 -0.0613
vn -0.1480 0.9861 -0.0761
vn -0.1897 0.9772 -0.0949
vn -0.1587 0.9819 -0.1038
vn -0.0849 0.9917 -0.0962
vn -0.0458 0.9948 -0.0912
vn 0.0453 0.9904 -0.1305
vn 0.0494 0.9882 -0.1447
vn 0.0063 0.9854 -0.1701
vn -0.0479 0.9805 -0.1904
vn -0.0700 0.9768 -0.2023
vn -0.0684 0.9743 -0.2145
vn -0.0826 0.9672 -0.2401
vn -0.1334 0.9541 -0.2683
vn -0.1723 0.9426 -0.2861
vn -0.2349 0.9313 -0.2784
vn -0.2817 0.9254 -0.2533
vn -0.2676 0.9373 -0.2234
vn -0.2123 0.9578 -0.1938
vn -0.1483 0.9700 -0.1925
vn -0.0759 0.9738 -0.2146
vn -0.0252 0.9778 -0.2079
vn 0.0158 0.9846 -0.1739
vn 0.0615 0.9859 -0.1555
vn 0.0231 0.9882 -0.1517
vn 0.0178 0.9902 -0.1383
vn 0.0410 0.9902 -0.1339
vn -0.0020 0.9909 -0.1343
vn -0.0031 0.9928 -0.1201
vn 0.0492 0.9927 -0.1102
vn 0.0915 0.9919 -0.0880
vn 0.0746 0.9961 -0.0472
vn 0.0597 0.9980 -0.0209
vn 0.0484 0.9987 -0.0138
vn 0.0554 0.9983 -0.0203
vn 0.0955 0.9953 -0.0172
vn 0.1300 0.9915 0.0022
vn 0.1854 0.9821 0.0323
vn 0.1799 0.9814 0.0670
vn 0.1711 0.9815 0.0855
vn 0.1738 0.9812 0.0835
vn 0.1188 0.9899 0.0774
vn 0.0596 0.9953 0.0768
vn 0.0222 0.9969 0.0750
vn 0.0970 0.9936 0.0579
vn 0.1741 0.9839 0.0412
vn 0.1954 0.9800 0.0382
vn 0.1492 0.9882 0.0352
vn 0.0544 0.9982 0.0236
vn 0.0114 0.9999 -0.0106
vn -0.0554 0.9972 -0.0507
vn -0.1414 0.9877 -0.0661
vn -0.1676 0.9831 -0.0731
vn -0.1465 0.9847 -0.0949
vn -0.0839 0.9903 -0.1109
vn -0.0386 0.9929 -0.1123
vn 0.0827 0.9919 -0.0962
vn 0.0839 0.9900 -0.1138
vn 0.0362 0.9890 -0.1435
vn -0.0213 0.9848 -0.1726
vn -0.0568 0.9790 -0.1956
vn -0.0444 0.9750 -0.2178
vn -0.0545 0.9700 -0.2370
vn -0.1096 0.9616 -0.2518
vn -0.1551 0.9502 -0.2702
vn -0.2414 0.9296 -0.2786
vn -0.2932 0.9144 -0.2791
vn -0.3054 0.9155 -0.2621
vn -0.2442 0.9414 -0.2328
vn -0.1257 0.9637 -0.2354
vn -0.0601 0.9633 -0.2614
vn -0.0611 0.9636 -0.2603
vn -0.0296 0.9741 -0.2243
vn 0.0379 0.9822 -0.1841
vn 0.0074 0.9884 -0.1516
vn -0.0129 0.9934 -0.1139
vn 0.0341 0.9966 -0.0749
vn 0.0143 0.9971 -0.0753
vn -0.0102 0.9962 -0.0865
vn 0.0320 0.9974 -0.0648
vn 0.0488 0.9987 -0.0146
vn 0.0499 0.9984 0.0285
vn 0.0658 0.9973 0.0324
vn 0.0685 0.9976 0.0077
vn 0.0738 0.9971 -0.0206
vn 0.0776 0.9967 -0.0247
vn 0.1012 0.9949 0.0005
vn 0.1459 0.9886 0.0373
vn 0.1291 0.9880 0.0851
vn 0.1514 0.9798 0.1310
vn 0.1829 0.9722 0.1462
vn 0.1393 0.9823 0.1253
vn 0.0660 0.9926 0.1015
vn 0.0475 0.9958 0.0787
vn 0.1315 0.9901 0.0480
vn 0.1738 0.9841 0.0366
vn 0.1701 0.9835 0.0615
vn 0.1319 0.9867 0.0952
vn 0.0655 0.9929 0.0988
vn 0.0513 0.9961 0.0712
vn -0.0184 0.9994 0.0285
vn -0.1459 0.9893 0.0002
vn -0.1566 0.9876 -0.0127
vn -0.1059 0.9934 -0.0440
vn -0.0708 0.9944 -0.0778
vn -0.0454 0.9948 -0.0916
vn 0.0957 0.9949 -0.0330
vn 0.1100 0.9928 -0.0468
vn 0.0741 0.9941 -0.0794
vn 0.0103 0.9930 -0.1176
vn -0.0387 0.9887 -0.1448
vn -0.0369 0.9871 -0.1559
vn -0.0605 0.9866 -0.1515
vn -0.1088 0.9833 -0.1458
vn -0.1241 0.9776 -0.1700
vn -0.2214 0.9520 -0.2113
vn -0.2832 0.9289 -0.2388
vn -0.3182 0.9139 -0.2521
vn -0.2654 0.9291 -0.2575
vn -0.1114 0.9574 -0.2663
vn -0.0477 0.9610 -0.2724
vn -0.0817 0.9606 -0.2658
vn -0.0744 0.9673 -0.2427
vn -0.0110 0.9802 -0.1975
vn -0.0270 0.9888 -0.1470
vn -0.0595 0.9929 -0.1026
vn 0.0106 0.9972 -0.0734
vn 0.0331 0.9973 -0.0651
vn -0.0169 0.9980 -0.0607
vn -0.0127 0.9996 -0.0249
vn -0.0036 0.9996 0.0280
vn 0.0337 0.9978 0.0576
vn 0.0905 0.9946 0.0510
vn 0.0977 0.9948 0.0274
vn 0.0838 0.9962 0.0242
vn 0.0575 0.9972 0.0469
vn 0.0833 0.9939 0.0721
vn 0.1128 0.9889 0.0964
vn 0.0863 0.9885 0.1245
vn 0.1308 0.9816 0.1389
vn 0.1665 0.9737 0.1554
vn 0.1484 0.9722 0.1810
vn 0.0887 0.9797 0.1798
vn 0.1107 0.9856 0.1275
vn 0.1833 0.9811 0.0626
vn 0.1737 0.9842 0.0340
vn 0.1249 0.9908 0.0519
vn 0.0916 0.9915 0.0923
vn 0.0764 0.9909 0.1112
vn 0.0831 0.9918 0.0968
vn 0.0263 0.9973 0.0691
vn -0.1065 0.9940 0.0233
vn -0.1244 0.9920 -0.0216
vn -0.0757 0.9963 -0.0410
vn -0.0656 0.9971 -0.0389
vn -0.0551 0.9978 -0.0370
vn 0.0841 0.9965 0.0015
vn 0.1137 0.9935 0.0049
vn 0.1029 0.9947 -0.0000
vn 0.0425 0.9987 -0.0271
vn -0.0149 0.9980 -0.0622
vn -0.0542 0.9961 -0.0702
vn -0.0890 0.9948 -0.0497
vn -0.1086 0.9929 -0.0481
vn -0.0857 0.9936 -0.0742
vn -0.1640 0.9785 -0.1254
vn -0.2459 0.9515 -0.1850
vn -0.2948 0.9287 -0.2252
vn -0.2528 0.9325 -0.2581
vn -0.1102 0.9548 -0.2762
vn -0.0595 0.9617 -0.2675
vn -0.0963 0.9636 -0.2493
vn -0.1107 0.9685 -0.2231
vn -0.0604 0.9810 -0.1844
vn -0.0674 0.9865 -0.1495
vn -0.0820 0.9872 -0.1366
vn -0.0123 0.9915 -0.1298
vn 0.0019 0.9951 -0.0990
vn -0.0471 0.9977 -0.0478
vn -0.0613 0.9981 -0.0014
vn -0.0296 0.9994 0.0197
vn 0.0277 0.9995 0.0133
vn 0.0915 0.9957 0.0135
vn 0.0912 0.9950 0.0400
vn 0.0539 0.9947 0.0876
vn 0.0341 0.9907 0.1316
vn 0.0821 0.9859 0.1455
vn 0.0919 0.9842 0.1514
vn 0.0779 0.9842 0.1591
vn 0.1276 0.9787 0.1610
vn 0.1263 0.9748 0.1839
vn 0.1045 0.9664 0.2349
vn 0.1058 0.9593 0.2620
vn 0.1951 0.9566 0.2167
vn 0.2456 0.9594 0.1385
vn 0.1998 0.9757 0.0895
vn 0.1124 0.9920 0.0570
vn 0.0699 0.9963 0.0492
vn 0.0938 0.9946 0.0452
vn 0.1012 0.9941 0.0396
vn 0.0627 0.9975 0.0317
vn -0.0317 0.9995 -0.0028
vn -0.0763 0.9959 -0.0485
vn -0.0901 0.9945 -0.0537
vn -0.0895 0.9956 -0.0265
vn -0.0656 0.9978 -0.0133
vn 0.0656 0.9978 0.0133
vn 0.0895 0.9956 0.0265
vn 0.0901 0.9945 0.0537
vn 0.0763 0.9959 0.0485
vn 0.0317 0.9995 0.0028
vn -0.0627 0.9975 -0.0317
vn -0.1012 0.9941 -0.0396
vn -0.0938 0.9946 -0.0452
vn -0.0699 0.9963 -0.0492
vn -0.1124 0.9920 -0.0570
vn -0.1998 0.9757 -0.0895
vn -0.2456 0.9594 -0.1385
vn -0.1951 0.9566 -0.2167
vn -0.1058 0.9593 -0.2620
vn -0.1045 0.9664 -0.2349
vn -0.1263 0.9748 -0.1839
vn -0.1276 0.9787 -0.1610
vn -0.0779 0.9842 -0.1591
vn -0.0919 0.9842 -0.1514
vn -0.0821 0.9859 -0.1455
vn -0.0341 0.9907 -0.1316
vn -0.0539 0.9947 -0.0876
vn -0.0912 0.9950 -0.0400
vn -0.0915 0.9957 -0.0135
vn -0.0277 0.9995 -0.0133
vn 0.0296 0.9994 -0.0197
vn 0.0613 0.9981 0.0014
vn 0.0471 0.9977 0.0478
vn -0.0019 0.9951 0.0990
vn 0.0123 0.9915 0.1298
vn 0.0820 0.9872 0.1366
vn 0.0674 0.9865 0.1495
vn 0.0604 0.9810 0.1844
vn 0.1107 0.9685 0.2231
vn 0.0963 0.9636 0.2493
vn 0.0595 0.9617 0.2675
vn 0.1102 0.9548 0.2762
vn 0.2528 0.9325 0.2581
vn 0.2948 0.9287 0.2252
vn 0.2459 0.9515 0.1850
vn 0.1640 0.9785 0.1254
vn 0.0857 0.9936 0.0742
vn 0.1086 0.9929 0.0481
vn 0.0890 0.9948 0.0497
vn 0.0542 0.9961 0.0702
vn 0.0149 0.9980 0.0622
vn -0.0425 0.9987 0.0271
vn -0.1029 0.9947 -0.0000
vn -0.1137 0.9935 -0.0049
vn -0.0841 0.9965 -0.0015
vn 0.0551 0.9978 0.0370
vn 0.0656 0.9971 0.0389
vn 0.0757 0.9963 0.0410
vn 0.1244 0.9920 0.0216
vn 0.1065 0.9940 -0.0233
vn -0.0263 0.9973 -0.0691
vn -0.0831 0.9918 -0.0968
vn -0.0764 0.9909 -0.1112
vn -0.0916 0.9915 -0.0923
vn -0.1249 0.9908 -0.0519
vn -0.1737 0.9842 -0.0340
vn -0.1833 0.9811 -0.0626
vn -0.1107 0.9856 -0.1275
vn -0.0887 0.9797 -0.1798
vn -0.1484 0.9722 -0.1810
vn -0.1665 0.9737 -0.1554
vn -0.1308 0.9816 -0.1389
vn -0.0863 0.9885 -0.1245
vn -0.1128 0.9889 -0.0964
vn -0.0833 0.9939 -0.0721
vn -0.0575 0.9972 -0.0469
vn -0.0838 0.9962 -0.0242
vn -0.0977 0.9948 -0.0274
vn -0.0905 0.9946 -0.0510
vn -0.0337 0.9978 -0.0576
vn 0.0036 0.9996 -0.0280
vn 0.0127 0.9996 0.0249
vn 0.0169 0.9980 0.0607
vn -0.0331 0.9973 0.0651
vn -0.0106 0.9972 0.0734
vn 0.0595 0.9929 0.1026
vn 0.0270 0.9888 0.1470
vn 0.0110 0.9802 0.1975
vn 0.0744 0.9673 0.2427
vn 0.0817 0.9606 0.2658
vn 0.0477 0.9610 0.2724
vn 0.1114 0.9574 0.2663
vn 0.2654 0.9291 0.2575
vn 0.3182 0.9139 0.2521
vn 0.2832 0.9289 0.2388
vn 0.2214 0.9520 0.2113
vn 0.1241 0.9776 0.1700
vn 0.1088 0.9833 0.1458
vn 0.0605 0.9866 0.1515
vn 0.0369 0.9871 0.1559
vn 0.0387 0.9887 0.1448
vn -0.0103 0.9930 0.1176
vn -0.0741 0.9941 0.0794
vn -0.1100 0.9928 0.0468
vn -0.0957 0.9949 0.0330
vn 0.0454 0.9948 0.0916
vn 0.0708 0.9944 0.0778
vn 0.1059 0.9934 0.0440
vn 0.1566 0.9876 0.0127
vn 0.1459 0.9893 -0.0002
vn 0.0184 0.9994 -0.0285
vn -0.0513 0.9961 -0.0712
vn -0.0655 0.9929 -0.0988
vn -0.1319 0.9867 -0.0952
vn -0.1701 0.9835 -0.0615
vn -0.1738 0.9841 -0.0366
vn -0.1315 0.9901 -0.0480
vn -0.0475 0.9958 -0.0787
vn -0.0660 0.9926 -0.1015
vn -0.1393 0.9823 -0.1253
vn -0.1829 0.9722 -0.1462
vn -0.1514 0.9798 -0.1310
vn -0.1291 0.9880 -0.0851
vn -0.1459 0.9886 -0.0373
vn -0.1012 0.9949 -0.0005
vn -0.0776 0.9967 0.0247
vn -0.0738 0.9971 0.0206
vn -0.0685 0.9976 -0.0077
vn -0.0658 0.9973 -0.0324
vn -0.0499 0.9984 -0.0285
vn -0.0488 0.9987 0.0146
vn -0.0320 0.9974 0.0648
vn 0.0102 0.9962 0.0865
vn -0.0143 0.9971 0.0753
vn -0.0341 0.9966 0.0749
vn 0.0129 0.9934 0.1139
vn -0.0074 0.9884 0.1516
vn -0.0379 0.9822 0.1841
vn 0.0296 0.9741 0.2243
vn 0.0611 0.9636 0.2603
vn 0.0601 0.9633 0.2614
vn 0.1257 0.9637 0.2354
vn 0.2442 0.9414 0.2328
vn 0.3054 0.9155 0.2621
vn 0.2932 0.9144 0.2791
vn 0.2414 0.9296 0.2786
vn 0.1551 0.9502 0.2702
vn 0.1096 0.9616 0.2518
vn 0.0545 0.9700 0.2370
vn 0.0444 0.9750 0.2178
vn 0.0568 0.9790 0.1956
vn 0.0213 0.9848 0.1726
vn -0.0362 0.9890 0.1435
vn -0.0839 0.9900 0.1138
vn -0.0827 0.9919 0.0962
vn 0.0386 0.9929 0.1123
vn 0.0839 0.9903 0.1109
vn 0.1465 0.9847 0.0949
vn 0.1676 0.9831 0.0731
vn 0.1414 0.9877 0.0661
vn 0.0554 0.9972 0.0507
vn -0.0114 0.9999 0.0106
vn -0.0544 0.9982 -0.0236
vn -0.1492 0.9882 -0.0352
vn -0.1954 0.9800 -0.0382
vn -0.1741 0.9839 -0.0412
vn -0.0970 0.9936 -0.0579
vn -0.0222 0.9969 -0.0750
vn -0.0596 0.9953 -0.0768
vn -0.1188 0.9899 -0.0774
vn -0.1738 0.9812 -0.0835
vn -0.1711 0.9815 -0.0855
vn -0.1799 0.9814 -0.0670
vn -0.1854 0.9821 -0.0323
vn -0.1300 0.9915 -0.0022
vn -0.0955 0.9953 0.0172
vn -0.0554 0.9983 0.0203
vn -0.0484 0.9987 0.0138
vn -0.0597 0.9980 0.0209
vn -0.0746 0.9961 0.0472
vn -0.0915 0.9919 0.0880
vn -0.0492 0.9927 0.1102
vn 0.0031 0.9928 0.1201
vn 0.0020 0.9909 0.1343
vn -0.0410 0.9902 0.1339
vn -0.0178 0.9902 0.1383
vn -0.0231 0.9882 0.1517
vn -0.0615 0.9859 0.1555
vn -0.0158 0.9846 0.1739
vn 0.0252 0.9778 0.2079
vn 0.0759 0.9738 0.2146
vn 0.1483 0.9700 0.1925
vn 0.2123 0.9578 0.1938
vn 0.2676 0.9373 0.2234
vn 0.2817 0.9254 0.2533
vn 0.2349 0.9313 0.2784
vn 0.1723 0.9426 0.2861
vn 0.1334 0.9541 0.2683
vn 0.0826 0.9672 0.2401
vn 0.0684 0.9743 0.2145
vn 0.0700 0.9768 0.2023
vn 0.0479 0.9805 0.1904
vn -0.0063 0.9854 0.1701
vn -0.0494 0.9882 0.1447
vn -0.0453 0.9904 0.1305
vn 0.0458 0.9948 0.0912
vn 0.0849 0.9917 0.0962
vn 0.1587 0.9819 0.1038
vn 0.1897 0.9772 0.0949
vn 0.1480 0.9861 0.0761
vn 0.0837 0.9946 0.0613
vn 0.0277 0.9988 0.0411
vn -0.0429 0.9988 0.0230
vn -0.1357 0.9907 0.0052
vn -0.1822 0.9830 -0.0210
vn -0.1556 0.9868 -0.0454
vn -0.0830 0.9950 -0.0546
vn -0.0365 0.9986 -0.0386
vn -0.0661 0.9975 -0.0232
vn -0.1148 0.9931 -0.0249
vn -0.1609 0.9863 -0.0358
vn -0.1704 0.9844 -0.0444
vn -0.1977 0.9791 -0.0474
vn -0.2024 0.9779 -0.0515
vn -0.1526 0.9871 -0.0477
vn -0.1291 0.9914 -0.0213
vn -0.0719 0.9972 0.0195
vn -0.0457 0.9981 0.0406
vn -0.0709 0.9964 0.0472
vn -0.1175 0.9902 0.0758
vn -0.1261 0.9849 0.1188
vn -0.0563 0.9872 0.1494
vn -0.0169 0.9842 0.1763
vn -0.0042 0.9800 0.1990
vn -0.0213 0.9803 0.1963
vn -0.0159 0.9839 0.1778
vn -0.0195 0.9869 0.1600
vn -0.0490 0.9890 0.1399
vn -0.0340 0.9924 0.1181
vn -0.0066 0.9931 0.1167
vn 0.0634 0.9888 0.1349
vn 0.1428 0.9766 0.1610
vn 0.1889 0.9648 0.1829
vn 0.2480 0.9503 0.1880
vn 0.2598 0.9448 0.1996
vn 0.2166 0.9507 0.2220
vn 0.1790 0.9556 0.2339
vn 0.1482 0.9594 0.2398
vn 0.1129 0.9654 0.2351
vn 0.0911 0.9725 0.2142
vn 0.0841 0.9776 0.1930
vn 0.0684 0.9817 0.1776
vn 0.0161 0.9863 0.1642
vn -0.0072 0.9903 0.1386
vn 0.0111 0.9925 0.1217
vn 0.0546 0.9927 0.1071
vn 0.0706 0.9912 0.1120
vn 0.1379 0.9819 0.1300
vn 0.2010 0.9695 0.1404
vn 0.1593 0.9786 0.1300
vn 0.1113 0.9886 0.1012
vn 0.0718 0.9960 0.0538
vn -0.0184 0.9997 0.0148
vn -0.1100 0.9939 -0.0084
vn -0.1557 0.9875 -0.0259
vn -0.1447 0.9889 -0.0337
vn -0.1017 0.9946 -0.0189
vn -0.0687 0.9976 0.0054
vn -0.0645 0.9979 0.0113
vn -0.1015 0.9948 -0.0026
vn -0.1566 0.9876 -0.0104
vn -0.1778 0.9841 0.0001
vn -0.1884 0.9821 0.0027
vn -0.1888 0.9819 -0.0149
vn -0.1642 0.9862 -0.0191
vn -0.1655 0.9862 -0.0017
vn -0.1127 0.9929 0.0368
vn -0.0550 0.9958 0.0734
vn -0.0763 0.9934 0.0853
vn -0.1466 0.9850 0.0912
vn -0.1554 0.9821 0.1060
vn -0.0984 0.9841 0.1480
vn -0.0611 0.9759 0.2094
vn -0.0005 0.9730 0.2307
vn 0.0173 0.9812 0.1922
vn 0.0118 0.9897 0.1428
vn -0.0068 0.9930 0.1180
vn -0.0325 0.9937 0.1069
vn -0.0223 0.9955 0.0922
vn -0.0198 0.9959 0.0879
vn 0.0313 0.9935 0.1097
vn 0.1046 0.9832 0.1497
vn 0.1719 0.9684 0.1806
vn 0.2546 0.9503 0.1794
vn 0.2437 0.9536 0.1770
vn 0.2033 0.9609 0.1878
vn 0.1783 0.9647 0.1939
vn 0.1357 0.9691 0.2062
vn 0.1257 0.9689 0.2133
vn 0.1178 0.9727 0.1998
vn 0.1073 0.9786 0.1755
vn 0.0820 0.9835 0.1613
vn 0.0359 0.9880 0.1502
vn 0.0316 0.9912 0.1284
vn 0.0507 0.9923 0.1126
vn 0.0572 0.9866 0.1527
vn 0.0506 0.9862 0.1578
vn 0.1009 0.9786 0.1795
vn 0.1883 0.9621 0.1974
vn 0.1821 0.9653 0.1873
vn 0.1572 0.9767 0.1460
vn 0.1329 0.9870 0.0903
vn 0.0304 0.9991 0.0310
vn -0.0808 0.9966 -0.0147
vn -0.1493 0.9884 -0.0274
vn -0.1622 0.9867 -0.0126
vn -0.1277 0.9918 0.0082
vn -0.0876 0.9959 0.0213
vn -0.0625 0.9977 0.0277
vn -0.0961 0.9949 0.0322
vn -0.1690 0.9848 0.0404
vn -0.1946 0.9795 0.0525
vn -0.1785 0.9823 0.0562
vn -0.1678 0.9848 0.0456
vn -0.1602 0.9866 0.0306
vn -0.1703 0.9853 0.0164
vn -0.1587 0.9868 0.0322
vn -0.0984 0.9915 0.0845
vn -0.0763 0.9902 0.1167
vn -0.1442 0.9832 0.1122
vn -0.1733 0.9783 0.1138
vn -0.1483 0.9796 0.1356
vn -0.1154 0.9782 0.1729
vn -0.0124 0.9786 0.2055
vn 0.0909 0.9804 0.1748
vn 0.0567 0.9932 0.1014
vn -0.0085 0.9966 0.0822
vn -0.0225 0.9962 0.0838
vn -0.0090 0.9976 0.0680
vn -0.0224 0.9982 0.0551
vn 0.0069 0.9985 0.0549
vn 0.0555 0.9958 0.0732
vn 0.1401 0.9843 0.1074
vn 0.2384 0.9602 0.1455
vn 0.2202 0.9563 0.1924
vn 0.2008 0.9566 0.2113
vn 0.1898 0.9613 0.1996
vn 0.1391 0.9745 0.1761
vn 0.1330 0.9781 0.1601
vn 0.1427 0.9786 0.1483
vn 0.1236 0.9825 0.1393
vn 0.0747 0.9861 0.1483
vn 0.0366 0.9853 0.1668
vn 0.0521 0.9841 0.1697
vn 0.0651 0.9846 0.1625
vn 0.0586 0.9801 0.1895
vn 0.0409 0.9814 0.1874
vn 0.0781 0.9790 0.1886
vn 0.1725 0.9649 0.1982
vn 0.2130 0.9574 0.1948
vn 0.2003 0.9647 0.1710
vn 0.1666 0.9746 0.1497
vn 0.0830 0.9897 0.1162
vn -0.0380 0.9975 0.0603
vn -0.1375 0.9904 0.0120
vn -0.1722 0.9850 -0.0092
vn -0.1574 0.9875 0.0057
vn -0.1209 0.9915 0.0472
vn -0.0831 0.9927 0.0871
vn -0.1128 0.9877 0.1078
vn -0.1703 0.9797 0.1055
vn -0.1910 0.9777 0.0875
vn -0.1687 0.9830 0.0718
vn -0.1381 0.9893 0.0477
vn -0.1388 0.9902 0.0175
vn -0.1625 0.9867 0.0031
vn -0.2022 0.9792 0.0188
vn -0.1615 0.9843 0.0709
vn -0.0889 0.9892 0.1164
vn -0.1351 0.9831 0.1234
vn -0.1773 0.9771 0.1178
vn -0.1572 0.9814 0.1100
vn -0.1556 0.9816 0.1111
vn -0.0362 0.9917 0.1234
vn 0.1237 0.9845 0.1246
vn 0.0982 0.9880 0.1192
vn 0.0026 0.9953 0.0964
vn 0.0024 0.9985 0.0545
vn 0.0107 0.9998 0.0158
vn -0.0131 0.9999 -0.0102
vn 0.0032 0.9995 -0.0328
vn 0.0187 0.9992 -0.0342
vn 0.0718 0.9972 0.0194
vn 0.1615 0.9785 0.1285
vn 0.1791 0.9620 0.2061
vn 0.2022 0.9526 0.2273
vn 0.2144 0.9532 0.2130
vn 0.1633 0.9679 0.1909
vn 0.1415 0.9742 0.1756
vn 0.1507 0.9739 0.1695
vn 0.1229 0.9772 0.1730
vn 0.0564 0.9818 0.1811
vn 0.0182 0.9809 0.1939
vn 0.0545 0.9778 0.2025
vn 0.0922 0.9748 0.2032
vn 0.0465 0.9764 0.2109
vn 0.0429 0.9766 0.2106
vn 0.0929 0.9768 0.1932
vn 0.1784 0.9696 0.1673
vn 0.2291 0.9605 0.1581
vn 0.2138 0.9635 0.1609
vn 0.1657 0.9713 0.1707
vn 0.1085 0.9787 0.1740
vn 0.0071 0.9883 0.1521
vn -0.0866 0.9915 0.0974
vn -0.1454 0.9887 0.0359
vn -0.1878 0.9821 0.0160
vn -0.1702 0.9844 0.0451
vn -0.1286 0.9875 0.0912
vn -0.1304 0.9839 0.1222
vn -0.1360 0.9850 0.1065
vn -0.1549 0.9859 0.0638
vn -0.1447 0.9890 0.0291
vn -0.1078 0.9941 0.0076
vn -0.1297 0.9916 0.0018
vn -0.1781 0.9838 0.0219
vn -0.2294 0.9723 0.0444
vn -0.2056 0.9763 0.0673
vn -0.1217 0.9872 0.1029
vn -0.1343 0.9823 0.1307
vn -0.1631 0.9794 0.1192
vn -0.1515 0.9832 0.1015
vn -0.1600 0.9823 0.0976
vn -0.0457 0.9957 0.0806
vn 0.1056 0.9906 0.0868
vn 0.1043 0.9888 0.1071
vn 0.0469 0.9956 0.0814
vn 0.0374 0.9988 0.0328
vn 0.0350 0.9994 0.0035
vn 0.0040 0.9999 -0.0131
vn 0.0260 0.9989 -0.0377
vn 0.0066 0.9985 -0.0535
vn -0.0156 0.9999 -0.0013
vn 0.0537 0.9939 0.0962
vn 0.1285 0.9753 0.1798
vn 0.1954 0.9576 0.2118
vn 0.2244 0.9486 0.2230
vn 0.1728 0.9575 0.2312
vn 0.1505 0.9617 0.2291
vn 0.1550 0.9634 0.2189
vn 0.1261 0.9700 0.2079
vn 0.0694 0.9801 0.1862
vn 0.0122 0.9858 0.1678
vn 0.0412 0.9835 0.1761
vn 0.0960 0.9774 0.1886
vn 0.0300 0.9762 0.2146
vn 0.0416 0.9754 0.2165
vn 0.1180 0.9699 0.2128
vn 0.2042 0.9601 0.1909
vn 0.2308 0.9576 0.1725
vn 0.2040 0.9630 0.1759
vn 0.1547 0.9708 0.1833
vn 0.1001 0.9757 0.1949
vn 0.0258 0.9794 0.2001
vn -0.0395 0.9824 0.1823
vn -0.1087 0.9828 0.1493
vn -0.1784 0.9778 0.1098
vn -0.1878 0.9793 0.0756
vn -0.1655 0.9835 0.0737
vn -0.1436 0.9857 0.0885
vn -0.1079 0.9896 0.0951
vn -0.1047 0.9920 0.0713
vn -0.1102 0.9935 0.0278
vn -0.1119 0.9935 0.0222
vn -0.1607 0.9853 0.0574
vn -0.1974 0.9771 0.0794
vn -0.2220 0.9727 0.0671
vn -0.2128 0.9761 0.0447
vn -0.1590 0.9859 0.0522
vn -0.1484 0.9860 0.0763
vn -0.1427 0.9868 0.0766
vn -0.1445 0.9875 0.0630
vn -0.1484 0.9878 0.0463
vn -0.0449 0.9983 0.0371
vn 0.0631 0.9962 0.0597
vn 0.1000 0.9914 0.0848
vn 0.0825 0.9933 0.0815
vn 0.0588 0.9957 0.0710
vn 0.0605 0.9968 0.0521
vn 0.0258 0.9994 0.0240
vn 0.0402 0.9991 0.0146
vn 0.0102 0.9997 0.0216
vn -0.0643 0.9975 0.0290
vn -0.0173 0.9977 0.0650
vn 0.0705 0.9917 0.1075
vn 0.1602 0.9750 0.1537
vn 0.1990 0.9598 0.1978
vn 0.1698 0.9611 0.2178
vn 0.1579 0.9638 0.2150
vn 0.1583 0.9642 0.2128
vn 0.1418 0.9681 0.2068
vn 0.1020 0.9776 0.1840
vn 0.0213 0.9862 0.1642
vn 0.0143 0.9845 0.1747
vn 0.0535 0.9806 0.1886
vn 0.0187 0.9837 0.1788
vn 0.0338 0.9824 0.1837
vn 0.1235 0.9736 0.1921
vn 0.2134 0.9564 0.1994
vn 0.2144 0.9523 0.2170
vn 0.1923 0.9534 0.2326
vn 0.1571 0.9615 0.2256
vn 0.0805 0.9714 0.2233
vn 0.0173 0.9714 0.2368
vn -0.0293 0.9693 0.2441
vn -0.0987 0.9650 0.2428
vn -0.1424 0.9644 0.2227
vn -0.1508 0.9733 0.1732
vn -0.1541 0.9804 0.1225
vn -0.1427 0.9856 0.0912
vn -0.1066 0.9907 0.0851
vn -0.0821 0.9927 0.0881
vn -0.0895 0.9922 0.0870
vn -0.1438 0.9850 0.0956
vn -0.1861 0.9766 0.1078
vn -0.1756 0.9806 0.0876
vn -0.1805 0.9827 0.0408
vn -0.1953 0.9807 0.0056
vn -0.1749 0.9846 -0.0034
vn -0.1401 0.9899 -0.0212
vn -0.1345 0.9902 -0.0386
vn -0.1393 0.9894 -0.0410
vn -0.1195 0.9906 -0.0662
vn -0.0628 0.9947 -0.0820
vn -0.0022 0.9993 -0.0375
vn 0.0706 0.9971 0.0271
vn 0.0829 0.9949 0.0567
vn 0.0577 0.9960 0.0677
vn 0.0732 0.9947 0.0724
vn 0.0405 0.9961 0.0782
vn 0.0370 0.9951 0.0919
vn 0.0223 0.9954 0.0935
vn -0.0539 0.9957 0.0754
vn -0.0444 0.9969 0.0652
vn 0.0388 0.9963 0.0764
vn 0.1186 0.9877 0.1017
vn 0.1594 0.9784 0.1313
vn 0.1625 0.9754 0.1487
vn 0.1585 0.9755 0.1523
vn 0.1494 0.9758 0.1597
vn 0.1405 0.9746 0.1742
vn 0.1096 0.9756 0.1901
vn 0.0375 0.9813 0.1889
vn 0.0065 0.9851 0.1718
vn 0.0186 0.9863 0.1639
vn -0.0052 0.9795 0.2016
vn 0.0388 0.9803 0.1936
vn 0.1252 0.9761 0.1775
vn 0.1943 0.9635 0.1840
vn 0.1928 0.9596 0.2050
vn 0.1769 0.9582 0.2249
vn 0.1555 0.9565 0.2469
vn 0.0648 0.9635 0.2598
vn 0.0029 0.9640 0.2658
vn -0.0318 0.9627 0.2688
vn -0.0921 0.9611 0.2606
vn -0.0993 0.9674 0.2331
vn -0.0911 0.9773 0.1910
vn -0.1099 0.9832 0.1456
vn -0.1127 0.9877 0.1081
vn -0.1006 0.9915 0.0828
vn -0.0997 0.9909 0.0905
vn -0.1127 0.9854 0.1274
vn -0.1537 0.9780 0.1411
vn -0.1655 0.9796 0.1142
vn -0.1294 0.9890 0.0719
vn -0.1294 0.9912 0.0283
vn -0.1655 0.9861 -0.0132
vn -0.1667 0.9852 -0.0398
vn -0.1158 0.9916 -0.0581
vn -0.1287 0.9891 -0.0714
vn -0.1267 0.9881 -0.0873
vn -0.0730 0.9892 -0.1271
vn -0.0703 0.9845 -0.1607
vn -0.0661 0.9880 -0.1395
vn 0.0183 0.9949 -0.0993
vn 0.0582 0.9961 -0.0657
vn 0.0275 0.9989 -0.0368
vn 0.0373 0.9991 0.0182
vn 0.0079 0.9964 0.0847
vn 0.0206 0.9911 0.1317
vn 0.0409 0.9897 0.1374
vn -0.0254 0.9934 0.1119
vn -0.0443 0.9936 0.1039
vn 0.0328 0.9931 0.1122
vn 0.1030 0.9874 0.1204
vn 0.1354 0.9811 0.1380
vn 0.1560 0.9756 0.1548
vn 0.1554 0.9741 0.1641
vn 0.1444 0.9755 0.1661
vn 0.1182 0.9763 0.1815
vn 0.0866 0.9730 0.2140
vn 0.0593 0.9739 0.2191
vn 0.0261 0.9799 0.1977
vn 0.0086 0.9824 0.1865
vn -0.0008 0.9667 0.2558
vn 0.0710 0.9701 0.2321
vn 0.1443 0.9702 0.1948
vn 0.1810 0.9666 0.1817
vn 0.1862 0.9655 0.1823
vn 0.1405 0.9681 0.2075
vn 0.1140 0.9590 0.2594
vn 0.0596 0.9560 0.2871
vn 0.0117 0.9620 0.2727
vn -0.0076 0.9707 0.2400
vn -0.0522 0.9790 0.1970
vn -0.0552 0.9856 0.1599
vn -0.0566 0.9881 0.1429
vn -0.0794 0.9874 0.1367
vn -0.0822 0.9894 0.1196
vn -0.0937 0.9896 0.1090
vn -0.1268 0.9853 0.1140
vn -0.1406 0.9821 0.1256
vn -0.1472 0.9802 0.1321
vn -0.1318 0.9839 0.1210
vn -0.0927 0.9910 0.0962
vn -0.0715 0.9964 0.0460
vn -0.1033 0.9944 -0.0241
vn -0.1432 0.9868 -0.0755
vn -0.1208 0.9898 -0.0759
vn -0.1257 0.9903 -0.0599
vn -0.0881 0.9917 -0.0934
vn -0.0277 0.9888 -0.1464
vn -0.0602 0.9837 -0.1695
vn -0.0905 0.9802 -0.1759
vn -0.0224 0.9877 -0.1551
vn 0.0191 0.9941 -0.1070
vn -0.0104 0.9983 -0.0578
vn -0.0237 0.9997 -0.0010
vn -0.0448 0.9972 0.0590
vn -0.0126 0.9943 0.1058
vn 0.0382 0.9900 0.1357
vn 0.0004 0.9900 0.1410
vn -0.0396 0.9915 0.1238
vn 0.0347 0.9929 0.1134
vn 0.0822 0.9885 0.1270
vn 0.0995 0.9799 0.1727
vn 0.1365 0.9642 0.2274
vn 0.1504 0.9540 0.2594
vn 0.1406 0.9490 0.2820
vn 0.0946 0.9476 0.3051
vn 0.0775 0.9467 0.3126
vn 0.0871 0.9540 0.2868
vn 0.0397 0.9629 0.2671
vn -0.0034 0.9642 0.2651
vn 0.0571 0.9776 0.2025
vn 0.0920 0.9736 0.2089
vn 0.1586 0.9648 0.2099
vn 0.1970 0.9616 0.1911
vn 0.1676 0.9673 0.1903
vn 0.0930 0.9694 0.2274
vn 0.0722 0.9632 0.2589
vn 0.0618 0.9606 0.2708
vn 0.0426 0.9657 0.2562
vn 0.0433 0.9755 0.2159
vn 0.0169 0.9885 0.1504
vn -0.0247 0.9943 0.1038
vn -0.0761 0.9903 0.1160
vn -0.0888 0.9846 0.1509
vn -0.0667 0.9850 0.1591
vn -0.0884 0.9857 0.1434
vn -0.1199 0.9853 0.1217
vn -0.1458 0.9835 0.1073
vn -0.1631 0.9792 0.1211
vn -0.1273 0.9815 0.1431
vn -0.0566 0.9905 0.1254
vn -0.0071 0.9973 0.0727
vn -0.0201 0.9998 -0.0011
vn -0.0979 0.9926 -0.0722
vn -0.1228 0.9862 -0.1107
vn -0.1116 0.9855 -0.1275
vn -0.0450 0.9878 -0.1493
vn -0.0089 0.9863 -0.1647
vn -0.0670 0.9862 -0.1517
vn -0.0931 0.9866 -0.1336
vn -0.0560 0.9926 -0.1076
vn -0.0349 0.9981 -0.0505
vn -0.0422 0.9991 0.0051
vn -0.0547 0.9979 0.0339
vn -0.0658 0.9971 0.0371
vn -0.0469 0.9979 0.0440
vn -0.0004 0.9965 0.0832
vn -0.0105 0.9917 0.1282
vn -0.0293 0.9888 0.1464
vn 0.0390 0.9871 0.1554
vn 0.0548 0.9822 0.1798
vn 0.0562 0.9724 0.2265
vn 0.1033 0.9582 0.2669
vn 0.1305 0.9466 0.2948
vn 0.1159 0.9394 0.3225
vn 0.0844 0.9376 0.3373
vn 0.1078 0.9445 0.3104
vn 0.1280 0.9551 0.2673
vn 0.0472 0.9684 0.2449
vn -0.0130 0.9699 0.2434
vn 0.0848 0.9830 0.1628
vn 0.0717 0.9808 0.1812
vn 0.1485 0.9669 0.2077
vn 0.2161 0.9521 0.2165
vn 0.1310 0.9635 0.2334
vn 0.0725 0.9658 0.2491
vn 0.0733 0.9688 0.2368
vn 0.0743 0.9735 0.2164
vn 0.0679 0.9762 0.2059
vn 0.0796 0.9780 0.1928
vn 0.0725 0.9831 0.1683
vn -0.0149 0.9894 0.1444
vn -0.1101 0.9830 0.1472
vn -0.1082 0.9811 0.1604
vn -0.0652 0.9831 0.1709
vn -0.0723 0.9834 0.1667
vn -0.0970 0.9844 0.1469
vn -0.1324 0.9838 0.1212
vn -0.1788 0.9781 0.1070
vn -0.1300 0.9856 0.1084
vn -0.0081 0.9957 0.0924
vn 0.0458 0.9974 0.0562
vn 0.0384 0.9990 0.0231
vn -0.0297 0.9991 -0.0294
vn -0.0834 0.9919 -0.0962
vn -0.0783 0.9853 -0.1518
vn -0.0331 0.9848 -0.1704
vn -0.0337 0.9891 -0.1436
vn -0.0915 0.9899 -0.1087
vn -0.1005 0.9906 -0.0925
vn -0.0909 0.9933 -0.0708
vn -0.0909 0.9955 -0.0264
vn -0.0626 0.9980 0.0028
vn -0.0499 0.9987 -0.0108
vn -0.0665 0.9974 -0.0275
vn -0.0775 0.9969 -0.0131
vn -0.0560 0.9976 0.0409
vn -0.0567 0.9924 0.1097
vn -0.0431 0.9855 0.1639
vn 0.0227 0.9780 0.2074
vn 0.0315 0.9691 0.2445
vn 0.0345 0.9637 0.2647
vn 0.0870 0.9588 0.2704
vn 0.1082 0.9537 0.2806
vn 0.0967 0.9517 0.2914
vn 0.0956 0.9552 0.2800
vn 0.1471 0.9580 0.2463
vn 0.1646 0.9629 0.2139
vn 0.0659 0.9788 0.1938
vn 0.0069 0.9829 0.1839
vn 0.0694 0.9776 0.1985
vn 0.0466 0.9779 0.2036
vn 0.1219 0.9660 0.2281
vn 0.1974 0.9448 0.2615
vn 0.1183 0.9543 0.2746
vn 0.0773 0.9609 0.2658
vn 0.1011 0.9640 0.2459
vn 0.0957 0.9714 0.2174
vn 0.0948 0.9784 0.1838
vn 0.1076 0.9829 0.1494
vn 0.0855 0.9860 0.1430
vn -0.0322 0.9850 0.1694
vn -0.1187 0.9750 0.1878
vn -0.0988 0.9805 0.1700
vn -0.0554 0.9883 0.1419
vn -0.0575 0.9897 0.1308
vn -0.0881 0.9873 0.1319
vn -0.1081 0.9860 0.1268
vn -0.1469 0.9852 0.0886
vn -0.1124 0.9927 0.0447
vn 0.0150 0.9993 0.0353
vn 0.0807 0.9963 0.0284
vn 0.0817 0.9966 -0.0062
vn 0.0312 0.9986 -0.0435
vn -0.0427 0.9965 -0.0715
vn -0.0432 0.9944 -0.0969
vn -0.0410 0.9931 -0.1101
vn -0.0810 0.9929 -0.0868
vn -0.1078 0.9923 -0.0616
vn -0.1065 0.9928 -0.0548
vn -0.1229 0.9918 -0.0360
vn -0.1295 0.9916 -0.0037
vn -0.0541 0.9985 -0.0016
vn -0.0204 0.9992 -0.0346
vn -0.0649 0.9962 -0.0573
vn -0.1021 0.9934 -0.0527
vn -0.1209 0.9927 -0.0026
vn -0.1272 0.9884 0.0832
vn -0.0735 0.9867 0.1448
vn -0.0138 0.9850 0.1718
vn -0.0069 0.9781 0.2081
vn 0.0124 0.9685 0.2485
vn 0.0727 0.9559 0.2847
vn 0.1042 0.9485 0.2992
vn 0.1036 0.9526 0.2859
vn 0.1162 0.9564 0.2679
vn 0.1683 0.9533 0.2509
vn 0.1753 0.9532 0.2463
vn 0.0963 0.9670 0.2360
vn 0.0578 0.9740 0.2189
vn 0.0514 0.9688 0.2425
vn 0.0414 0.9690 0.2435
vn 0.0870 0.9602 0.2655
vn 0.1581 0.9397 0.3033
vn 0.1357 0.9405 0.3116
vn 0.0890 0.9524 0.2917
vn 0.1047 0.9508 0.2917
vn 0.1238 0.9513 0.2822
vn 0.1409 0.9632 0.2289
vn 0.1405 0.9747 0.1738
vn 0.0757 0.9849 0.1556
vn -0.0521 0.9858 0.1599
vn -0.1120 0.9812 0.1574
vn -0.0754 0.9855 0.1522
vn -0.0392 0.9889 0.1436
vn -0.0438 0.9911 0.1258
vn -0.0840 0.9905 0.1085
vn -0.0786 0.9931 0.0873
vn -0.0829 0.9954 0.0475
vn -0.0864 0.9962 0.0125
vn -0.0004 0.9999 0.0158
vn 0.1099 0.9938 0.0140
vn 0.1311 0.9911 -0.0223
vn 0.0549 0.9972 -0.0498
vn -0.0283 0.9980 -0.0568
vn -0.0275 0.9977 -0.0625
vn -0.0486 0.9969 -0.0624
vn -0.1263 0.9912 -0.0387
vn -0.1356 0.9908 0.0047
vn -0.1053 0.9941 0.0252
vn -0.1260 0.9920 0.0070
vn -0.1356 0.9907 -0.0136
vn -0.0484 0.9987 -0.0177
vn -0.0054 0.9999 -0.0105
vn -0.0510 0.9986 -0.0152
vn -0.1036 0.9942 -0.0276
vn -0.1744 0.9846 -0.0105
vn -0.1861 0.9819 0.0351
vn -0.1047 0.9922 0.0679
vn -0.0499 0.9938 0.0990
vn -0.0574 0.9880 0.1434
vn -0.0378 0.9781 0.2048
vn 0.0319 0.9630 0.2676
vn 0.1003 0.9475 0.3036
vn 0.1103 0.9413 0.3191
vn 0.1263 0.9352 0.3308
vn 0.1789 0.9284 0.3256
vn 0.1757 0.9324 0.3158
vn 0.1349 0.9476 0.2895
vn 0.1222 0.9561 0.2665
vn 0.0492 0.9551 0.2922
vn 0.0523 0.9592 0.2780
vn 0.0666 0.9626 0.2626
vn 0.1263 0.9532 0.2748
vn 0.1429 0.9447 0.2950
vn 0.0922 0.9475 0.3061
vn 0.0927 0.9452 0.3132
vn 0.1411 0.9397 0.3115
vn 0.1796 0.9383 0.2956
vn 0.1538 0.9483 0.2775
vn 0.0751 0.9623 0.2614
vn -0.0289 0.9749 0.2205
vn -0.0915 0.9818 0.1662
vn -0.0728 0.9869 0.1436
vn -0.0410 0.9872 0.1541
vn -0.0312 0.9872 0.1564
vn -0.0526 0.9905 0.1269
vn -0.0368 0.9965 0.0749
vn -0.0223 0.9995 0.0213
vn -0.0565 0.9982 -0.0215
vn -0.0140 0.9994 -0.0303
vn 0.1189 0.9927 -0.0183
vn 0.1478 0.9890 -0.0048
vn 0.0540 0.9985 0.0014
vn -0.0086 0.9998 -0.0185
vn -0.0237 0.9990 -0.0380
vn -0.0749 0.9969 -0.0221
vn -0.1730 0.9848 0.0172
vn -0.1567 0.9869 0.0390
vn -0.0906 0.9954 0.0316
vn -0.0973 0.9952 0.0080
vn -0.1029 0.9941 -0.0333
vn -0.0480 0.9968 -0.0636
vn -0.0243 0.9984 -0.0508
vn -0.0525 0.9983 -0.0242
vn -0.1024 0.9947 -0.0102
vn -0.1768 0.9840 -0.0228
vn -0.1997 0.9784 -0.0541
vn -0.1340 0.9891 -0.0614
vn -0.1062 0.9940 -0.0275
vn -0.1178 0.9925 0.0341
vn -0.1089 0.9896 0.0940
vn -0.0460 0.9839 0.1725
vn 0.0427 0.9599 0.2770
vn 0.0810 0.9259 0.3689
vn 0.1304 0.9097 0.3943
vn 0.1905 0.9052 0.3799
vn 0.1906 0.9130 0.3607
vn 0.1731 0.9283 0.3290
vn 0.1702 0.9375 0.3034
vn 0.0859 0.9535 0.2889
vn 0.0839 0.9614 0.2621
vn 0.0750 0.9721 0.2223
vn 0.0984 0.9684 0.2292
vn 0.1188 0.9560 0.2682
vn 0.0921 0.9550 0.2819
vn 0.1030 0.9595 0.2622
vn 0.1514 0.9578 0.2445
vn 0.1797 0.9500 0.2552
vn 0.1649 0.9488 0.2693
vn 0.1174 0.9644 0.2370
vn 0.0313 0.9826 0.1829
vn -0.0575 0.9883 0.1414
vn -0.0666 0.9901 0.1238
vn -0.0392 0.9929 0.1126
vn -0.0231 0.9939 0.1081
vn -0.0049 0.9958 0.0909
vn 0.0143 0.9985 0.0520
vn 0.0151 0.9997 0.0199
vn -0.0174 0.9998 -0.0099
vn 0.0005 0.9989 -0.0472
vn 0.0878 0.9957 -0.0290
vn 0.1004 0.9945 0.0296
vn 0.0637 0.9969 0.0464
vn 0.0419 0.9991 0.0043
vn -0.0212 0.9994 -0.0284
vn -0.1199 0.9927 -0.0109
vn -0.1873 0.9823 0.0020
vn -0.1429 0.9896 -0.0142
vn -0.0723 0.9968 -0.0338
vn -0.0831 0.9958 -0.0381
vn -0.0702 0.9965 -0.0443
vn -0.0384 0.9975 -0.0590
vn -0.0393 0.9970 -0.0661
vn -0.0608 0.9958 -0.0683
vn -0.1055 0.9920 -0.0694
vn -0.1595 0.9842 -0.0766
vn -0.1809 0.9788 -0.0966
vn -0.1561 0.9829 -0.0977
vn -0.1489 0.9868 -0.0642
vn -0.1620 0.9864 -0.0287
vn -0.1664 0.9860 0.0139
vn -0.1329 0.9871 0.0887
vn -0.0574 0.9805 0.1877
vn 0.0200 0.9692 0.2453
vn 0.1089 0.9565 0.2706
vn 0.1805 0.9409 0.2867
vn 0.2054 0.9344 0.2911
vn 0.1855 0.9378 0.2936
vn 0.1713 0.9367 0.3054
vn 0.1146 0.9834 0.1406
vn 0.1032 0.9852 0.1370
vn 0.0808 0.9876 0.1345
vn 0.0698 0.9868 0.1463
vn 0.0911 0.9829 0.1600
vn 0.0934 0.9807 0.1719
vn 0.1142 0.9783 0.1727
vn 0.1720 0.9722 0.1587
vn 0.1735 0.9743 0.1435
vn 0.1875 0.9731 0.1337
vn 0.1843 0.9779 0.0992
vn 0.0962 0.9942 0.0484
vn -0.0242 0.9995 0.0188
vn -0.0503 0.9987 0.0098
vn -0.0245 0.9997 0.0082
vn -0.0156 0.9998 0.0076
vn 0.0192 0.9998 0.0077
vn 0.0401 0.9992 0.0084
vn 0.0213 0.9997 0.0149
vn 0.0071 0.9999 0.0153
vn 0.0266 0.9996 -0.0000
vn 0.0360 0.9993 0.0040
vn 0.0336 0.9981 0.0516
vn 0.0730 0.9940 0.0811
vn 0.0762 0.9943 0.0747
vn -0.0229 0.9977 0.0634
vn -0.1291 0.9907 0.0428
vn -0.1562 0.9877 0.0001
vn -0.1183 0.9924 -0.0351
vn -0.0778 0.9965 -0.0320
vn -0.0826 0.9963 -0.0225
vn -0.0641 0.9976 -0.0261
vn -0.0382 0.9991 -0.0196
vn -0.0300 0.9993 -0.0244
vn -0.0444 0.9977 -0.0514
vn -0.1055 0.9920 -0.0692
vn -0.1531 0.9858 -0.0686
vn -0.1701 0.9829 -0.0702
vn -0.1772 0.9829 -0.0503
vn -0.1692 0.9855 -0.0154
vn -0.1716 0.9852 0.0009
vn -0.1907 0.9816 0.0071
vn -0.1811 0.9833 0.0182
vn -0.1316 0.9906 0.0362
vn -0.0352 0.9973 0.0637
vn 0.0639 0.9921 0.1081
vn 0.1613 0.9794 0.1211
vn 0.2094 0.9719 0.1075
vn 0.1659 0.9793 0.1162
vn 0.1355 0.9830 0.1237
vn 0.0985 0.9931 -0.0641
vn 0.0791 0.9956 -0.0505
vn 0.0565 0.9982 -0.0180
vn 0.0449 0.9990 0.0037
vn 0.0640 0.9976 0.0277
vn 0.0677 0.9952 0.0706
vn 0.0997 0.9891 0.1080
vn 0.1742 0.9758 0.1323
vn 0.1909 0.9731 0.1292
vn 0.2108 0.9731 0.0925
vn 0.2223 0.9729 0.0640
vn 0.1261 0.9909 0.0467
vn 0.0017 0.9997 0.0239
vn -0.0305 0.9994 -0.0150
vn -0.0144 0.9990 -0.0434
vn -0.0117 0.9987 -0.0489
vn 0.0081 0.9995 -0.0313
vn 0.0069 0.9999 0.0141
vn 0.0051 0.9987 0.0507
vn 0.0158 0.9985 0.0528
vn 0.0231 0.9979 0.0605
vn -0.0060 0.9959 0.0902
vn -0.0092 0.9933 0.1153
vn 0.0513 0.9878 0.1467
vn 0.0621 0.9822 0.1775
vn -0.0140 0.9845 0.1750
vn -0.0868 0.9879 0.1281
vn -0.0986 0.9932 0.0619
vn -0.0890 0.9960 0.0028
vn -0.0936 0.9955 -0.0177
vn -0.0934 0.9956 -0.0029
vn -0.0553 0.9985 -0.0000
vn -0.0377 0.9992 -0.0152
vn -0.0229 0.9995 -0.0196
vn -0.0164 0.9992 -0.0351
vn -0.0802 0.9936 -0.0798
vn -0.1429 0.9830 -0.1153
vn -0.1728 0.9770 -0.1248
vn -0.2040 0.9729 -0.1091
vn -0.1952 0.9771 -0.0842
vn -0.1813 0.9811 -0.0676
vn -0.1946 0.9785 -0.0680
vn -0.1911 0.9781 -0.0826
vn -0.1591 0.9834 -0.0877
vn -0.0893 0.9946 -0.0529
vn 0.0273 0.9993 -0.0260
vn 0.1545 0.9871 -0.0418
vn 0.1977 0.9784 -0.0598
vn 0.1502 0.9867 -0.0626
vn 0.1163 0.9907 -0.0705
vn 0.0824 0.9866 -0.1405
vn 0.0501 0.9907 -0.1268
vn 0.0130 0.9967 -0.0798
vn 0.0177 0.9996 -0.0198
vn 0.0311 0.9991 0.0282
vn 0.0489 0.9977 0.0462
vn 0.0815 0.9955 0.0480
vn 0.1401 0.9873 0.0755
vn 0.2085 0.9737 0.0918
vn 0.2272 0.9700 0.0870
vn 0.2173 0.9714 0.0957
vn 0.1487 0.9844 0.0937
vn 0.0348 0.9977 0.0581
vn 0.0104 0.9999 0.0081
vn 0.0018 0.9995 -0.0312
vn -0.0229 0.9992 -0.0320
vn -0.0312 0.9995 -0.0010
vn -0.0560 0.9972 0.0500
vn -0.0129 0.9959 0.0899
vn 0.0260 0.9953 0.0929
vn -0.0155 0.9942 0.1066
vn -0.0362 0.9900 0.1362
vn -0.0152 0.9900 0.1405
vn 0.0232 0.9891 0.1454
vn 0.0392 0.9855 0.1654
vn 0.0054 0.9856 0.1690
vn -0.0290 0.9898 0.1396
vn -0.0318 0.9961 0.0826
vn -0.0431 0.9987 0.0283
vn -0.0904 0.9959 -0.0026
vn -0.0983 0.9950 -0.0173
vn -0.0394 0.9989 -0.0272
vn -0.0191 0.9989 -0.0424
vn -0.0070 0.9976 -0.0696
vn 0.0241 0.9938 -0.1085
vn -0.0263 0.9863 -0.1631
vn -0.1278 0.9718 -0.1982
vn -0.1969 0.9643 -0.1773
vn -0.2191 0.9650 -0.1442
vn -0.2102 0.9677 -0.1388
vn -0.1906 0.9719 -0.1383
vn -0.1833 0.9718 -0.1481
vn -0.1749 0.9678 -0.1810
vn -0.1626 0.9634 -0.2130
vn -0.1339 0.9656 -0.2229
vn -0.0092 0.9754 -0.2201
vn 0.1264 0.9731 -0.1928
vn 0.1673 0.9753 -0.1444
vn 0.1490 0.9810 -0.1240
vn 0.1305 0.9835 -0.1255
vn 0.0816 0.9944 -0.0665
vn 0.0362 0.9983 -0.0457
vn -0.0194 0.9997 -0.0153
vn -0.0124 0.9998 0.0167
vn 0.0129 0.9993 0.0341
vn 0.0522 0.9981 0.0324
vn 0.0792 0.9965 0.0283
vn 0.1153 0.9930 0.0272
vn 0.1969 0.9795 0.0421
vn 0.2141 0.9737 0.0780
vn 0.1931 0.9749 0.1112
vn 0.1732 0.9779 0.1167
vn 0.1013 0.9931 0.0591
vn 0.0586 0.9982 -0.0107
vn 0.0084 0.9994 -0.0322
vn -0.0505 0.9987 -0.0087
vn -0.0782 0.9964 0.0324
vn -0.1112 0.9907 0.0779
vn -0.0213 0.9947 0.1005
vn 0.0385 0.9945 0.0972
vn -0.0329 0.9958 0.0856
vn -0.0362 0.9966 0.0739
vn -0.0004 0.9980 0.0634
vn 0.0061 0.9976 0.0695
vn 0.0093 0.9947 0.1025
vn 0.0129 0.9917 0.1277
vn 0.0173 0.9940 0.1083
vn 0.0149 0.9969 0.0767
vn -0.0182 0.9981 0.0593
vn -0.0751 0.9962 0.0450
vn -0.0677 0.9977 0.0085
vn -0.0131 0.9991 -0.0398
vn 0.0118 0.9970 -0.0761
vn 0.0331 0.9926 -0.1167
vn 0.0613 0.9855 -0.1579
vn 0.0046 0.9847 -0.1740
vn -0.1332 0.9771 -0.1657
vn -0.2385 0.9626 -0.1288
vn -0.2300 0.9682 -0.0982
vn -0.2006 0.9745 -0.1004
vn -0.1811 0.9758 -0.1224
vn -0.1492 0.9751 -0.1640
vn -0.1463 0.9670 -0.2087
vn -0.1440 0.9611 -0.2355
vn -0.1183 0.9547 -0.2731
vn -0.0267 0.9531 -0.3015
vn 0.0678 0.9609 -0.2685
vn 0.1078 0.9750 -0.1945
vn 0.1264 0.9845 -0.1216
vn 0.1303 0.9879 -0.0838
vn 0.0638 0.9978 0.0190
vn 0.0215 0.9992 0.0350
vn -0.0218 0.9988 0.0440
vn -0.0230 0.9990 0.0384
vn 0.0094 0.9991 0.0414
vn 0.0493 0.9974 0.0526
vn 0.0783 0.9949 0.0641
vn 0.1169 0.9910 0.0659
vn 0.1631 0.9826 0.0891
vn 0.1844 0.9748 0.1256
vn 0.1774 0.9741 0.1399
vn 0.1966 0.9728 0.1227
vn 0.1788 0.9812 0.0726
vn 0.0988 0.9950 0.0153
vn -0.0032 1.0000 0.0031
vn -0.0811 0.9965 0.0213
vn -0.1094 0.9932 0.0397
vn -0.1262 0.9912 0.0406
vn -0.0290 0.9984 0.0484
vn 0.0455 0.9972 0.0596
vn -0.0072 0.9991 0.0423
vn -0.0157 0.9998 0.0140
vn 0.0022 1.0000 0.0081
vn -0.0189 0.9994 0.0288
vn -0.0280 0.9976 0.0627
vn 0.0224 0.9972 0.0720
vn 0.0481 0.9971 0.0583
vn 0.0214 0.9980 0.0589
vn -0.0152 0.9977 0.0665
vn -0.0526 0.9971 0.0543
vn -0.0365 0.9987 0.0357
vn 0.0273 0.9996 0.0082
vn 0.0499 0.9979 -0.0413
vn 0.0711 0.9940 -0.0829
vn 0.0789 0.9911 -0.1073
vn 0.0071 0.9930 -0.1178
vn -0.1403 0.9826 -0.1220
vn -0.2537 0.9591 -0.1258
vn -0.2336 0.9635 -0.1308
vn -0.1873 0.9722 -0.1402
vn -0.1657 0.9744 -0.1520
vn -0.1203 0.9783 -0.1685
vn -0.1249 0.9753 -0.1821
vn -0.1201 0.9720 -0.2022
vn -0.0745 0.9687 -0.2368
vn -0.0174 0.9640 -0.2652
vn 0.0243 0.9682 -0.2490
vn 0.0423 0.9814 -0.1875
vn 0.0715 0.9921 -0.1027
vn 0.0711 0.9959 -0.0562
vn 0.0432 0.9981 0.0439
vn 0.0093 0.9978 0.0662
vn -0.0126 0.9970 0.0762
vn -0.0215 0.9976 0.0658
vn 0.0130 0.9978 0.0643
vn 0.0417 0.9965 0.0718
vn 0.0773 0.9937 0.0809
vn 0.1186 0.9884 0.0952
vn 0.1421 0.9825 0.1207
vn 0.1717 0.9743 0.1458
vn 0.1758 0.9726 0.1521
vn 0.2060 0.9714 0.1180
vn 0.2179 0.9740 0.0612
vn 0.1223 0.9920 0.0315
vn -0.0077 0.9995 0.0317
vn -0.0927 0.9947 0.0443
vn -0.1159 0.9926 0.0369
vn -0.1185 0.9930 0.0011
vn -0.0333 0.9994 0.0029
vn 0.0447 0.9984 0.0358
vn 0.0128 0.9996 0.0261
vn -0.0040 1.0000 0.0010
vn -0.0018 1.0000 -0.0018
vn -0.0353 0.9993 0.0156
vn -0.0432 0.9985 0.0338
vn 0.0301 0.9991 0.0281
vn 0.0584 0.9979 0.0282
vn 0.0127 0.9987 0.0495
vn -0.0134 0.9985 0.0522
vn -0.0372 0.9985 0.0391
vn -0.0300 0.9986 0.0446
vn 0.0413 0.9981 0.0455
vn 0.0730 0.9972 0.0145
vn 0.0802 0.9964 -0.0270
vn 0.0857 0.9944 -0.0621
vn 0.0115 0.9959 -0.0903
vn -0.1292 0.9845 -0.1189
vn -0.2442 0.9571 -0.1562
vn -0.2333 0.9553 -0.1814
vn -0.1819 0.9653 -0.1873
vn -0.1598 0.9687 -0.1901
vn -0.1138 0.9779 -0.1756
vn -0.1193 0.9785 -0.1684
vn -0.1086 0.9720 -0.2085
vn -0.0540 0.9674 -0.2475
vn -0.0067 0.9724 -0.2334
vn 0.0108 0.9793 -0.2019
vn 0.0154 0.9864 -0.1637
vn 0.0328 0.9951 -0.0937
vn 0.0358 0.9976 -0.0585
vt 0.000000 0.000000
vt 0.020408 0.000000
vt 0.020408 0.020408
vt 0.000000 0.020408
vt 0.040816 0.000000
vt 0.040816 0.020408
vt 0.061224 0.000000
vt 0.061224 0.020408
vt 0.081633 0.000000
vt 0.081633 0.020408
vt 0.102041 0.000000
vt 0.102041 0.020408
vt 0.122449 0.000000
vt 0.122449 0.020408
vt 0.142857 0.000000
vt 0.142857 0.020408
vt 0.163265 0.000000
vt 0.163265 0.020408
vt 0.183673 0.000000
vt 0.183673 0.020408
vt 0.204082 0.000000
vt 0.204082 0.020408
vt 0.224490 0.000000
vt 0.224490 0.020408
vt 0.244898 0.000000
vt 0.244898 0.020408
vt 0.265306 0.000000
vt 0.265306 0.020408
vt 0.285714 0.000000
vt 0.285714 0.020408
vt 0.306122 0.000000
vt 0.306122 0.020408
vt 0.326531 0.000000
vt 0.326531 0.020408
vt 0.346939 0.000000
vt 0.346939 0.020408
vt 0.367347 0.000000
vt 0.367347 0.020408
vt 0.387755 0.000000
vt 0.387755 0.020408
vt 0.408163 0.000000
vt 0.408163 0.020408
vt 0.428571 0.000000
vt 0.428571 0.020408
vt 0.448980 0.000000
vt 0.448980 0.020408
vt 0.469388 0.000000
vt 0.469388 0.020408
vt 0.489796 0.000000
vt 0.489796 0.020408
vt 0.510204 0.000000
vt 0.510204 0.020408
vt 0.530612 0.000000
vt 0.530612 0.020408
vt 0.551020 0.000000
vt 0.551020 0.020408
vt 0.571429 0.000000
vt 0.571429 0.020408
vt 0.591837 0.000000
vt 0.591837 0.020408
vt 0.612245 0.000000
vt 0.612245 0.020408
vt 0.632653 0.000000
vt 0.632653 0.020408
vt 0.653061 0.000000
vt 0.653061 0.020408
vt 0.673469 0.000000
vt 0.673469 0.020408
vt 0.693878 0.000000
vt 0.693878 0.020408
vt 0.714286 0.000000
vt 0.714286 0.020408
vt 0.734694 0.000000
vt 0.734694 0.020408
vt 0.755102 0.000000
vt 0.755102 0.020408
vt 0.775510 0.000000
vt 0.775510 0.020408
vt 0.795918 0.000000
vt 0.795918 0.020408
vt 0.816326 0.000000
vt 0.816326 0.020408
vt 0.836735 0.000000
vt 0.836735 0.020408
vt 0.857143 0.000000
vt 0.857143 0.020408
vt 0.877551 0.000000
vt 0.877551 0.020408
vt 0.897959 0.000000
vt 0.897959 0.020408
vt 0.918367 0.000000
vt 0.918367 0.020408
vt 0.938775 0.000000
vt 0.938775 0.020408
vt 0.959184 0.000000
vt 0.959184 0.020408
vt 0.979592 0.000000
vt 0.979592 0.020408
vt 1.000000 0.000000
vt 1.000000 0.020408
vt 0.020408 0.040816
vt 0.000000 0.040816
vt 0.040816 0.040816
vt 0.061224 0.040816
vt 0.081633 0.040816
vt 0.102041 0.040816
vt 0.122449 0.040816
vt 0.142857 0.040816
vt 0.163265 0.040816
vt 0.183673 0.040816
vt 0.204082 0.040816
vt 0.224490 0.040816
vt 0.244898 0.040816
vt 0.265306 0.040816
vt 0.285714 0.040816
vt 0.306122 0.040816
vt 0.326531 0.040816
vt 0.346939 0.040816
vt 0.367347 0.040816
vt 0.387755 0.040816
vt 0.408163 0.040816
vt 0.428571 0.040816
vt 0.448980 0.040816
vt 0.469388 0.040816
vt 0.489796 0.040816
vt 0.510204 0.040816
vt 0.530612 0.040816
vt 0.551020 0.040816
vt 0.571429 0.040816
vt 0.591837 0.040816
vt 0.612245 0.040816
vt 0.632653 0.040816
vt 0.653061 0.040816
vt 0.673469 0.040816
vt 0.693878 0.040816
vt 0.714286 0.040816
vt 0.734694 0.040816
vt 0.755102 0.040816
vt 0.775510 0.040816
vt 0.795918 0.040816
vt 0.816326 0.040816
vt 0.836735 0.040816
vt 0.857143 0.040816
vt 0.877551 0.040816
vt 0.897959 0.040816
vt 0.918367 0.040816
vt 0.938775 0.040816
vt 0.959184 0.040816
vt 0.979592 0.040816
vt 1.000000 0.040816
vt 0.020408 0.061224
vt 0.000000 0.061224
vt 0.040816 0.061224
vt 0.061224 0.061224
vt 0.081633 0.061224
vt 0.102041 0.061224
vt 0.122449 0.061224
vt 0.142857 0.061224
vt 0.163265 0.061224
vt 0.183673 0.061224
vt 0.204082 0.061224
vt 0.224490 0.061224
vt 0.244898 0.061224
vt 0.265306 0.061224
vt 0.285714 0.061224
vt 0.306122 0.061224
vt 0.326531 0.061224
vt 0.346939 0.061224
vt 0.367347 0.061224
vt 0.387755 0.061224
vt 0.408163 0.061224
vt 0.428571 0.061224
vt 0.448980 0.061224
vt 0.469388 0.061224
vt 0.489796 0.061224
vt 0.510204 0.061224
vt 0.530612 0.061224
vt 0.551020 0.061224
vt 0.571429 0.061224
vt 0.591837 0.061224
vt 0.612245 0.061224
vt 0.632653 0.061224
vt 0.653061 0.061224
vt 0.673469 0.061224
vt 0.693878 0.061224
vt 0.714286 0.061224
vt 0.734694 0.061224
vt 0.755102 0.061224
vt 0.775510 0.061224
vt 0.795918 0.061224
vt 0.816326 0.061224
vt 0.836735 0.061224
vt 0.857143 0.061224
vt 0.877551 0.061224
vt 0.897959 0.061224
vt 0.918367 0.061224
vt 0.938775 0.061224
vt 0.959184 0.061224
vt 0.979592 0.061224
vt 1.000000 0.061224
vt 0.020408 0.081633
vt 0.000000 0.081633
vt 0.040816 0.081633
vt 0.061224 0.081633
vt 0.081633 0.081633
vt 0.102041 0.081633
vt 0.122449 0.081633
vt 0.142857 0.081633
vt 0.163265 0.081633
vt 0.183673 0.081633
vt 0.204082 0.081633
vt 0.224490 0.081633
vt 0.244898 0.081633
vt 0.265306 0.081633
vt 0.285714 0.081633
vt 0.306122 0.081633
vt 0.326531 0.081633
vt 0.346939 0.081633
vt 0.367347 0.081633
vt 0.387755 0.081633
vt 0.408163 0.081633
vt 0.428571 0.081633
vt 0.448980 0.081633
vt 0.469388 0.081633
vt 0.489796 0.081633
vt 0.510204 0.081633
vt 0.530612 0.081633
vt 0.551020 0.081633
vt 0.571429 0.081633
vt 0.591837 0.081633
vt 0.612245 0.081633
vt 0.632653 0.081633
vt 0.653061 0.081633
vt 0.673469 0.081633
vt 0.693878 0.081633
vt 0.714286 0.081633
vt 0.734694 0.081633
vt 0.755102 0.081633
vt 0.775510 0.081633
vt 0.795918 0.081633
vt 0.816326 0.081633
vt 0.836735 0.081633
vt 0.857143 0.081633
vt 0.877551 0.081633
vt 0.897959 0.081633
vt 0.918367 0.081633
vt 0.938775 0.081633
vt 0.959184 0.081633
vt 0.979592 0.081633
vt 1.000000 0.081633
vt 0.020408 0.102041
vt 0.000000 0.102041
vt 0.040816 0.102041
vt 0.061224 0.102041
vt 0.081633 0.102041
vt 0.102041 0.102041
vt 0.122449 0.102041
vt 0.142857 0.102041
vt 0.163265 0.102041
vt 0.183673 0.102041
vt 0.204082 0.102041
vt 0.224490 0.102041
vt 0.244898 0.102041
vt 0.265306 0.102041
vt 0.285714 0.102041
vt 0.306122 0.102041
vt 0.326531 0.102041
vt 0.346939 0.102041
vt 0.367347 0.102041
vt 0.387755 0.102041
vt 0.408163 0.102041
vt 0.428571 0.102041
vt 0.448980 0.102041
vt 0.469388 0.102041
vt 0.489796 0.102041
vt 0.510204 0.102041
vt 0.530612 0.102041
vt 0.551020 0.102041
vt 0.571429 0.102041
vt 0.591837 0.102041
vt 0.612245 0.102041
vt 0.632653 0.102041
vt 0.653061 0.102041
vt 0.673469 0.102041
vt 0.693878 0.102041
vt 0.714286 0.102041
vt 0.734694 0.102041
vt 0.755102 0.102041
vt 0.775510 0.102041
vt 0.795918 0.102041
vt 0.816326 0.102041
vt 0.836735 0.102041
vt 0.857143 0.102041
vt 0.877551 0.102041
vt 0.897959 0.102041
vt 0.918367 0.102041
vt 0.938775 0.102041
vt 0.959184 0.102041
vt 0.979592 0.102041
vt 1.000000 0.102041
vt 0.020408 0.122449
vt 0.000000 0.122449
vt 0.040816 0.122449
vt 0.061224 0.122449
vt 0.081633 0.122449
vt 0.102041 0.122449
vt 0.122449 0.122449
vt 0.142857 0.122449
vt 0.163265 0.122449
vt 0.183673 0.122449
vt 0.204082 0.122449
vt 0.224490 0.122449
vt 0.244898 0.122449
vt 0.265306 0.122449
vt 0.285714 0.122449
vt 0.306122 0.122449
vt 0.326531 0.122449
vt 0.346939 0.122449
vt 0.367347 0.122449
vt 0.387755 0.122449
vt 0.408163 0.122449
vt 0.428571 0.122449
vt 0.448980 0.122449
vt 0.469388 0.122449
vt 0.489796 0.122449
vt 0.510204 0.122449
vt 0.530612 0.122449
vt 0.551020 0.122449
vt 0.571429 0.122449
vt 0.591837 0.122449
vt 0.612245 0.122449
vt 0.632653 0.122449
vt 0.653061 0.122449
vt 0.673469 0.122449
vt 0.693878 0.122449
vt 0.714286 0.122449
vt 0.734694 0.122449
vt 0.755102 0.122449
vt 0.775510 0.122449
vt 0.795918 0.122449
vt 0.816326 0.122449
vt 0.836735 0.122449
vt 0.857143 0.122449
vt 0.877551 0.122449
vt 0.897959 0.122449
vt 0.918367 0.122449
vt 0.938775 0.122449
vt 0.959184 0.122449
vt 0.979592 0.122449
vt 1.000000 0.122449
vt 0.020408 0.142857
vt 0.000000 0.142857
vt 0.040816 0.142857
vt 0.061224 0.142857
vt 0.081633 0.142857
vt 0.102041 0.142857
vt 0.122449 0.142857
vt 0.142857 0.142857
vt 0.163265 0.142857
vt 0.183673 0.142857
vt 0.204082 0.142857
vt 0.224490 0.142857
vt 0.244898 0.142857
vt 0.265306 0.142857
vt 0.285714 0.142857
vt 0.306122 0.142857
vt 0.326531 0.142857
vt 0.346939 0.142857
vt 0.367347 0.142857
vt 0.387755 0.142857
vt 0.408163 0.142857
vt 0.428571 0.142857
vt 0.448980 0.142857
vt 0.469388 0.142857
vt 0.489796 0.142857
vt 0.510204 0.142857
vt 0.530612 0.142857
vt 0.551020 0.142857
vt 0.571429 0.142857
vt 0.591837 0.142857
vt 0.612245 0.142857
vt 0.632653 0.142857
vt 0.653061 0.142857
vt 0.673469 0.142857
vt 0.693878 0.142857
vt 0.714286 0.142857
vt 0.734694 0.142857
vt 0.755102 0.142857
vt 0.775510 0.142857
vt 0.795918 0.142857
vt 0.816326 0.142857
vt 0.836735 0.142857
vt 0.857143 0.142857
vt 0.877551 0.142857
vt 0.897959 0.142857
vt 0.918367 0.142857
vt 0.938775 0.142857
vt 0.959184 0.142857
vt 0.979592 0.142857
vt 1.000000 0.142857
vt 0.020408 0.163265
vt 0.000000 0.163265
vt 0.040816 0.163265
vt 0.061224 0.163265
vt 0.081633 0.163265
vt 0.102041 0.163265
vt 0.122449 0.163265
vt 0.142857 0.163265
vt 0.163265 0.163265
vt 0.183673 0.163265
vt 0.204082 0.163265
vt 0.224490 0.163265
vt 0.244898 0.163265
vt 0.265306 0.163265
vt 0.285714 0.163265
vt 0.306122 0.163265
vt 0.326531 0.163265
vt 0.346939 0.163265
vt 0.367347 0.163265
vt 0.387755 0.163265
vt 0.408163 0.163265
vt 0.428571 0.163265
vt 0.448980 0.163265
vt 0.469388 0.163265
vt 0.489796 0.163265
vt 0.510204 0.163265
vt 0.530612 0.163265
vt 0.551020 0.163265
vt 0.571429 0.163265
vt 0.591837 0.163265
vt 0.612245 0.163265
vt 0.632653 0.163265
vt 0.653061 0.163265
vt 0.673469 0.163265
vt 0.693878 0.163265
vt 0.714286 0.163265
vt 0.734694 0.163265
vt 0.755102 0.163265
vt 0.775510 0.163265
vt 0.795918 0.163265
vt 0.816326 0.163265
vt 0.836735 0.163265
vt 0.857143 0.163265
vt 0.877551 0.163265
vt 0.897959 0.163265
vt 0.918367 0.163265
vt 0.938775 0.163265
vt 0.959184 0.163265
vt 0.979592 0.163265
vt 1.000000 0.163265
vt 0.020408 0.183673
vt 0.000000 0.183673
vt 0.040816 0.183673
vt 0.061224 0.183673
vt 0.081633 0.183673
vt 0.102041 0.183673
vt 0.122449 0.183673
vt 0.142857 0.183673
vt 0.163265 0.183673
vt 0.183673 0.183673
vt 0.204082 0.183673
vt 0.224490 0.183673
vt 0.244898 0.183673
vt 0.265306 0.183673
vt 0.285714 0.183673
vt 0.306122 0.183673
vt 0.326531 0.183673
vt 0.346939 0.183673
vt 0.367347 0.183673
vt 0.387755 0.183673
vt 0.408163 0.183673
vt 0.428571 0.183673
vt 0.448980 0.183673
vt 0.469388 0.183673
vt 0.489796 0.183673
vt 0.510204 0.183673
vt 0.530612 0.183673
vt 0.551020 0.183673
vt 0.571429 0.183673
vt 0.591837 0.183673
vt 0.612245 0.183673
vt 0.632653 0.183673
vt 0.653061 0.183673
vt 0.673469 0.183673
vt 0.693878 0.183673
vt 0.714286 0.183673
vt 0.734694 0.183673
vt 0.755102 0.183673
vt 0.775510 0.183673
vt 0.795918 0.183673
vt 0.816326 0.183673
vt 0.836735 0.183673
vt 0.857143 0.183673
vt 0.877551 0.183673
vt 0.897959 0.183673
vt 0.918367 0.183673
vt 0.938775 0.183673
vt 0.959184 0.183673
vt 0.979592 0.183673
vt 1.000000 0.183673
vt 0.020408 0.204082
vt 0.000000 0.204082
vt 0.040816 0.204082
vt 0.061224 0.204082
vt 0.081633 0.204082
vt 0.102041 0.204082
vt 0.122449 0.204082
vt 0.142857 0.204082
vt 0.163265 0.204082
vt 0.183673 0.204082
vt 0.204082 0.204082
vt 0.224490 0.204082
vt 0.244898 0.204082
vt 0.265306 0.204082
vt 0.285714 0.204082
vt 0.306122 0.204082
vt 0.326531 0.204082
vt 0.346939 0.204082
vt 0.367347 0.204082
vt 0.387755 0.204082
vt 0.408163 0.204082
vt 0.428571 0.204082
vt 0.448980 0.204082
vt 0.469388 0.204082
vt 0.489796 0.204082
vt 0.510204 0.204082
vt 0.530612 0.204082
vt 0.551020 0.204082
vt 0.571429 0.204082
vt 0.591837 0.204082
vt 0.612245 0.204082
vt 0.632653 0.204082
vt 0.653061 0.204082
vt 0.673469 0.204082
vt 0.693878 0.204082
vt 0.714286 0.204082
vt 0.734694 0.204082
vt 0.755102 0.204082
vt 0.775510 0.204082
vt 0.795918 0.204082
vt 0.816326 0.204082
vt 0.836735 0.204082
vt 0.857143 0.204082
vt 0.877551 0.204082
vt 0.897959 0.204082
vt 0.918367 0.204082
vt 0.938775 0.204082
vt 0.959184 0.204082
vt 0.979592 0.204082
vt 1.000000 0.204082
vt 0.020408 0.224490
vt 0.000000 0.224490
vt 0.040816 0.224490
vt 0.061224 0.224490
vt 0.081633 0.224490
vt 0.102041 0.224490
vt 0.122449 0.224490
vt 0.142857 0.224490
vt 0.163265 0.224490
vt 0.183673 0.224490
vt 0.204082 0.224490
vt 0.224490 0.224490
vt 0.244898 0.224490
vt 0.265306 0.224490
vt 0.285714 0.224490
vt 0.306122 0.224490
vt 0.326531 0.224490
vt 0.346939 0.224490
vt 0.367347 0.224490
vt 0.387755 0.224490
vt 0.408163 0.224490
vt 0.428571 0.224490
vt 0.448980 0.224490
vt 0.469388 0.224490
vt 0.489796 0.224490
vt 0.510204 0.224490
vt 0.530612 0.224490
vt 0.551020 0.224490
vt 0.571429 0.224490
vt 0.591837 0.224490
vt 0.612245 0.224490
vt 0.632653 0.224490
vt 0.653061 0.224490
vt 0.673469 0.224490
vt 0.693878 0.224490
vt 0.714286 0.224490
vt 0.734694 0.224490
vt 0.755102 0.224490
vt 0.775510 0.224490
vt 0.795918 0.224490
vt 0.816326 0.224490
vt 0.836735 0.224490
vt 0.857143 0.224490
vt 0.877551 0.224490
vt 0.897959 0.224490
vt 0.918367 0.224490
vt 0.938775 0.224490
vt 0.959184 0.224490
vt 0.979592 0.224490
vt 1.000000 0.224490
vt 0.020408 0.244898
vt 0.000000 0.244898
vt 0.040816 0.244898
vt 0.061224 0.244898
vt 0.081633 0.244898
vt 0.102041 0.244898
vt 0.122449 0.244898
vt 0.142857 0.244898
vt 0.163265 0.244898
vt 0.183673 0.244898
vt 0.204082 0.244898
vt 0.224490 0.244898
vt 0.244898 0.244898
vt 0.265306 0.244898
vt 0.285714 0.244898
vt 0.306122 0.244898
vt 0.326531 0.244898
vt 0.346939 0.244898
vt 0.367347 0.244898
vt 0.387755 0.244898
vt 0.408163 0.244898
vt 0.428571 0.244898
vt 0.448980 0.244898
vt 0.469388 0.244898
vt 0.489796 0.244898
vt 0.510204 0.244898
vt 0.530612 0.244898
vt 0.551020 0.244898
vt 0.571429 0.244898
vt 0.591837 0.244898
vt 0.612245 0.244898
vt 0.632653 0.244898
vt 0.653061 0.244898
vt 0.673469 0.244898
vt 0.693878 0.244898
vt 0.714286 0.244898
vt 0.734694 0.244898
vt 0.755102 0.244898
vt 0.775510 0.244898
vt 0.795918 0.244898
vt 0.816326 0.244898
vt 0.836735 0.244898
vt 0.857143 0.244898
vt 0.877551 0.244898
vt 0.897959 0.244898
vt 0.918367 0.244898
vt 0.938775 0.244898
vt 0.959184 0.244898
vt 0.979592 0.244898
vt 1.000000 0.244898
vt 0.020408 0.265306
vt 0.000000 0.265306
vt 0.040816 0.265306
vt 0.061224 0.265306
vt 0.081633 0.265306
vt 0.102041 0.265306
vt 0.122449 0.265306
vt 0.142857 0.265306
vt 0.163265 0.265306
vt 0.183673 0.265306
vt 0.204082 0.265306
vt 0.224490 0.265306
vt 0.244898 0.265306
vt 0.265306 0.265306
vt 0.285714 0.265306
vt 0.306122 0.265306
vt 0.326531 0.265306
vt 0.346939 0.265306
vt 0.367347 0.265306
vt 0.387755 0.265306
vt 0.408163 0.265306
vt 0.428571 0.265306
vt 0.448980 0.265306
vt 0.469388 0.265306
vt 0.489796 0.265306
vt 0.510204 0.265306
vt 0.530612 0.265306
vt 0.551020 0.265306
vt 0.571429 0.265306
vt 0.591837 0.265306
vt 0.612245 0.265306
vt 0.632653 0.265306
vt 0.653061 0.265306
vt 0.673469 0.265306
vt 0.693878 0.265306
vt 0.714286 0.265306
vt 0.734694 0.265306
vt 0.755102 0.265306
vt 0.775510 0.265306
vt 0.795918 0.265306
vt 0.816326 0.265306
vt 0.836735 0.265306
vt 0.857143 0.265306
vt 0.877551 0.265306
vt 0.897959 0.265306
vt 0.918367 0.265306
vt 0.938775 0.265306
vt 0.959184 0.265306
vt 0.979592 0.265306
vt 1.000000 0.265306
vt 0.020408 0.285714
vt 0.000000 0.285714
vt 0.040816 0.285714
vt 0.061224 0.285714
vt 0.081633 0.285714
vt 0.102041 0.285714
vt 0.122449 0.285714
vt 0.142857 0.285714
vt 0.163265 0.285714
vt 0.183673 0.285714
vt 0.204082 0.285714
vt 0.224490 0.285714
vt 0.244898 0.285714
vt 0.265306 0.285714
vt 0.285714 0.285714
vt 0.306122 0.285714
vt 0.326531 0.285714
vt 0.346939 0.285714
vt 0.367347 0.285714
vt 0.387755 0.285714
vt 0.408163 0.285714
vt 0.428571 0.285714
vt 0.448980 0.285714
vt 0.469388 0.285714
vt 0.489796 0.285714
vt 0.510204 0.285714
vt 0.530612 0.285714
vt 0.551020 0.285714
vt 0.571429 0.285714
vt 0.591837 0.285714
vt 0.612245 0.285714
vt 0.632653 0.285714
vt 0.653061 0.285714
vt 0.673469 0.285714
vt 0.693878 0.285714
vt 0.714286 0.285714
vt 0.734694 0.285714
vt 0.755102 0.285714
vt 0.775510 0.285714
vt 0.795918 0.285714
vt 0.816326 0.285714
vt 0.836735 0.285714
vt 0.857143 0.285714
vt 0.877551 0.285714
vt 0.897959 0.285714
vt 0.918367 0.285714
vt 0.938775 0.285714
vt 0.959184 0.285714
vt 0.979592 0.285714
vt 1.000000 0.285714
vt 0.020408 0.306122
vt 0.000000 0.306122
vt 0.040816 0.306122
vt 0.061224 0.306122
vt 0.081633 0.306122
vt 0.102041 0.306122
vt 0.122449 0.306122
vt 0.142857 0.306122
vt 0.163265 0.306122
vt 0.183673 0.306122
vt 0.204082 0.306122
vt 0.224490 0.306122
vt 0.244898 0.306122
vt 0.265306 0.306122
vt 0.285714 0.306122
vt 0.306122 0.306122
vt 0.326531 0.306122
vt 0.346939 0.306122
vt 0.367347 0.306122
vt 0.387755 0.306122
vt 0.408163 0.306122
vt 0.428571 0.306122
vt 0.448980 0.306122
vt 0.469388 0.306122
vt 0.489796 0.306122
vt 0.510204 0.306122
vt 0.530612 0.306122
vt 0.551020 0.306122
vt 0.571429 0.306122
vt 0.591837 0.306122
vt 0.612245 0.306122
vt 0.632653 0.306122
vt 0.653061 0.306122
vt 0.673469 0.306122
vt 0.693878 0.306122
vt 0.714286 0.306122
vt 0.734694 0.306122
vt 0.755102 0.306122
vt 0.775510 0.306122
vt 0.795918 0.306122
vt 0.816326 0.306122
vt 0.836735 0.306122
vt 0.857143 0.306122
vt 0.877551 0.306122
vt 0.897959 0.306122
vt 0.918367 0.306122
vt 0.938775 0.306122
vt 0.959184 0.306122
vt 0.979592 0.306122
vt 1.000000 0.306122
vt 0.020408 0.326531
vt 0.000000 0.326531
vt 0.040816 0.326531
vt 0.061224 0.326531
vt 0.081633 0.326531
vt 0.102041 0.326531
vt 0.122449 0.326531
vt 0.142857 0.326531
vt 0.163265 0.326531
vt 0.183673 0.326531
vt 0.204082 0.326531
vt 0.224490 0.326531
vt 0.244898 0.326531
vt 0.265306 0.326531
vt 0.285714 0.326531
vt 0.306122 0.326531
vt 0.326531 0.326531
vt 0.346939 0.326531
vt 0.367347 0.326531
vt 0.387755 0.326531
vt 0.408163 0.326531
vt 0.428571 0.326531
vt 0.448980 0.326531
vt 0.469388 0.326531
vt 0.489796 0.326531
vt 0.510204 0.326531
vt 0.530612 0.326531
vt 0.551020 0.326531
vt 0.571429 0.326531
vt 0.591837 0.326531
vt 0.612245 0.326531
vt 0.632653 0.326531
vt 0.653061 0.326531
vt 0.673469 0.326531
vt 0.693878 0.326531
vt 0.714286 0.326531
vt 0.734694 0.326531
vt 0.755102 0.326531
vt 0.775510 0.326531
vt 0.795918 0.326531
vt 0.816326 0.326531
vt 0.836735 0.326531
vt 0.857143 0.326531
vt 0.877551 0.326531
vt 0.897959 0.326531
vt 0.918367 0.326531
vt 0.938775 0.326531
vt 0.959184 0.326531
vt 0.979592 0.326531
vt 1.000000 0.326531
vt 0.020408 0.346939
vt 0.000000 0.346939
vt 0.040816 0.346939
vt 0.061224 0.346939
vt 0.081633 0.346939
vt 0.102041 0.346939
vt 0.122449 0.346939
vt 0.142857 0.346939
vt 0.163265 0.346939
vt 0.183673 0.346939
vt 0.204082 0.346939
vt 0.224490 0.346939
vt 0.244898 0.346939
vt 0.265306 0.346939
vt 0.285714 0.346939
vt 0.306122 0.346939
vt 0.326531 0.346939
vt 0.346939 0.346939
vt 0.367347 0.346939
vt 0.387755 0.346939
vt 0.408163 0.346939
vt 0.428571 0.346939
vt 0.448980 0.346939
vt 0.469388 0.346939
vt 0.489796 0.346939
vt 0.510204 0.346939
vt 0.530612 0.346939
vt 0.551020 0.346939
vt 0.571429 0.346939
vt 0.591837 0.346939
vt 0.612245 0.346939
vt 0.632653 0.346939
vt 0.653061 0.346939
vt 0.673469 0.346939
vt 0.693878 0.346939
vt 0.714286 0.346939
vt 0.734694 0.346939
vt 0.755102 0.346939
vt 0.775510 0.346939
vt 0.795918 0.346939
vt 0.816326 0.346939
vt 0.836735 0.346939
vt 0.857143 0.346939
vt 0.877551 0.346939
vt 0.897959 0.346939
vt 0.918367 0.346939
vt 0.938775 0.346939
vt 0.959184 0.346939
vt 0.979592 0.346939
vt 1.000000 0.346939
vt 0.020408 0.367347
vt 0.000000 0.367347
vt 0.040816 0.367347
vt 0.061224 0.367347
vt 0.081633 0.367347
vt 0.102041 0.367347
vt 0.122449 0.367347
vt 0.142857 0.367347
vt 0.163265 0.367347
vt 0.183673 0.367347
vt 0.204082 0.367347
vt 0.224490 0.367347
vt 0.244898 0.367347
vt 0.265306 0.367347
vt 0.285714 0.367347
vt 0.306122 0.367347
vt 0.326531 0.367347
vt 0.346939 0.367347
vt 0.367347 0.367347
vt 0.387755 0.367347
vt 0.408163 0.367347
vt 0.428571 0.367347
vt 0.448980 0.367347
vt 0.469388 0.367347
vt 0.489796 0.367347
vt 0.510204 0.367347
vt 0.530612 0.367347
vt 0.551020 0.367347
vt 0.571429 0.367347
vt 0.591837 0.367347
vt 0.612245 0.367347
vt 0.632653 0.367347
vt 0.653061 0.367347
vt 0.673469 0.367347
vt 0.693878 0.367347
vt 0.714286 0.367347
vt 0.734694 0.367347
vt 0.755102 0.367347
vt 0.775510 0.367347
vt 0.795918 0.367347
vt 0.816326 0.367347
vt 0.836735 0.367347
vt 0.857143 0.367347
vt 0.877551 0.367347
vt 0.897959 0.367347
vt 0.918367 0.367347
vt 0.938775 0.367347
vt 0.959184 0.367347
vt 0.979592 0.367347
vt 1.000000 0.367347
vt 0.020408 0.387755
vt 0.000000 0.387755
vt 0.040816 0.387755
vt 0.061224 0.387755
vt 0.081633 0.387755
vt 0.102041 0.387755
vt 0.122449 0.387755
vt 0.142857 0.387755
vt 0.163265 0.387755
vt 0.183673 0.387755
vt 0.204082 0.387755
vt 0.224490 0.387755
vt 0.244898 0.387755
vt 0.265306 0.387755
vt 0.285714 0.387755
vt 0.306122 0.387755
vt 0.326531 0.387755
vt 0.346939 0.387755
vt 0.367347 0.387755
vt 0.387755 0.387755
vt 0.408163 0.387755
vt 0.428571 0.387755
vt 0.448980 0.387755
vt 0.469388 0.387755
vt 0.489796 0.387755
vt 0.510204 0.387755
vt 0.530612 0.387755
vt 0.551020 0.387755
vt 0.571429 0.387755
vt 0.591837 0.387755
vt 0.612245 0.387755
vt 0.632653 0.387755
vt 0.653061 0.387755
vt 0.673469 0.387755
vt 0.693878 0.387755
vt 0.714286 0.387755
vt 0.734694 0.387755
vt 0.755102 0.387755
vt 0.775510 0.387755
vt 0.795918 0.387755
vt 0.816326 0.387755
vt 0.836735 0.387755
vt 0.857143 0.387755
vt 0.877551 0.387755
vt 0.897959 0.387755
vt 0.918367 0.387755
vt 0.938775 0.387755
vt 0.959184 0.387755
vt 0.979592 0.387755
vt 1.000000 0.387755
vt 0.020408 0.408163
vt 0.000000 0.408163
vt 0.040816 0.408163
vt 0.061224 0.408163
vt 0.081633 0.408163
vt 0.102041 0.408163
vt 0.122449 0.408163
vt 0.142857 0.408163
vt 0.163265 0.408163
vt 0.183673 0.408163
vt 0.204082 0.408163
vt 0.224490 0.408163
vt 0.244898 0.408163
vt 0.265306 0.408163
vt 0.285714 0.408163
vt 0.306122 0.408163
vt 0.326531 0.408163
vt 0.346939 0.408163
vt 0.367347 0.408163
vt 0.387755 0.408163
vt 0.408163 0.408163
vt 0.428571 0.408163
vt 0.448980 0.408163
vt 0.469388 0.408163
vt 0.489796 0.408163
vt 0.510204 0.408163
vt 0.530612 0.408163
vt 0.551020 0.408163
vt 0.571429 0.408163
vt 0.591837 0.408163
vt 0.612245 0.408163
vt 0.632653 0.408163
vt 0.653061 0.408163
vt 0.673469 0.408163
vt 0.693878 0.408163
vt 0.714286 0.408163
vt 0.734694 0.408163
vt 0.755102 0.408163
vt 0.775510 0.408163
vt 0.795918 0.408163
vt 0.816326 0.408163
vt 0.836735 0.408163
vt 0.857143 0.408163
vt 0.877551 0.408163
vt 0.897959 0.408163
vt 0.918367 0.408163
vt 0.938775 0.408163
vt 0.959184 0.408163
vt 0.979592 0.408163
vt 1.000000 0.408163
vt 0.020408 0.428571
vt 0.000000 0.428571
vt 0.040816 0.428571
vt 0.061224 0.428571
vt 0.081633 0.428571
vt 0.102041 0.428571
vt 0.122449 0.428571
vt 0.142857 0.428571
vt 0.163265 0.428571
vt 0.183673 0.428571
vt 0.204082 0.428571
vt 0.224490 0.428571
vt 0.244898 0.428571
vt 0.265306 0.428571
vt 0.285714 0.428571
vt 0.306122 0.428571
vt 0.326531 0.428571
vt 0.346939 0.428571
vt 0.367347 0.428571
vt 0.387755 0.428571
vt 0.408163 0.428571
vt 0.428571 0.428571
vt 0.448980 0.428571
vt 0.469388 0.428571
vt 0.489796 0.428571
vt 0.510204 0.428571
vt 0.530612 0.428571
vt 0.551020 0.428571
vt 0.571429 0.428571
vt 0.591837 0.428571
vt 0.612245 0.428571
vt 0.632653 0.428571
vt 0.653061 0.428571
vt 0.673469 0.428571
vt 0.693878 0.428571
vt 0.714286 0.428571
vt 0.734694 0.428571
vt 0.755102 0.428571
vt 0.775510 0.428571
vt 0.795918 0.428571
vt 0.816326 0.428571
vt 0.836735 0.428571
vt 0.857143 0.428571
vt 0.877551 0.428571
vt 0.897959 0.428571
vt 0.918367 0.428571
vt 0.938775 0.428571
vt 0.959184 0.428571
vt 0.979592 0.428571
vt 1.000000 0.428571
vt 0.020408 0.448980
vt 0.000000 0.448980
vt 0.040816 0.448980
vt 0.061224 0.448980
vt 0.081633 0.448980
vt 0.102041 0.448980
vt 0.122449 0.448980
vt 0.142857 0.448980
vt 0.163265 0.448980
vt 0.183673 0.448980
vt 0.204082 0.448980
vt 0.224490 0.448980
vt 0.244898 0.448980
vt 0.265306 0.448980
vt 0.285714 0.448980
vt 0.306122 0.448980
vt 0.326531 0.448980
vt 0.346939 0.448980
vt 0.367347 0.448980
vt 0.387755 0.448980
vt 0.408163 0.448980
vt 0.428571 0.448980
vt 0.448980 0.448980
vt 0.469388 0.448980
vt 0.489796 0.448980
vt 0.510204 0.448980
vt 0.530612 0.448980
vt 0.551020 0.448980
vt 0.571429 0.448980
vt 0.591837 0.448980
vt 0.612245 0.448980
vt 0.632653 0.448980
vt 0.653061 0.448980
vt 0.673469 0.448980
vt 0.693878 0.448980
vt 0.714286 0.448980
vt 0.734694 0.448980
vt 0.755102 0.448980
vt 0.775510 0.448980
vt 0.795918 0.448980
vt 0.816326 0.448980
vt 0.836735 0.448980
vt 0.857143 0.448980
vt 0.877551 0.448980
vt 0.897959 0.448980
vt 0.918367 0.448980
vt 0.938775 0.448980
vt 0.959184 0.448980
vt 0.979592 0.448980
vt 1.000000 0.448980
vt 0.020408 0.469388
vt 0.000000 0.469388
vt 0.040816 0.469388
vt 0.061224 0.469388
vt 0.081633 0.469388
vt 0.102041 0.469388
vt 0.122449 0.469388
vt 0.142857 0.469388
vt 0.163265 0.469388
vt 0.183673 0.469388
vt 0.204082 0.469388
vt 0.224490 0.469388
vt 0.244898 0.469388
vt 0.265306 0.469388
vt 0.285714 0.469388
vt 0.306122 0.469388
vt 0.326531 0.469388
vt 0.346939 0.469388
vt 0.367347 0.469388
vt 0.387755 0.469388
vt 0.408163 0.469388
vt 0.428571 0.469388
vt 0.448980 0.469388
vt 0.469388 0.469388
vt 0.489796 0.469388
vt 0.510204 0.469388
vt 0.530612 0.469388
vt 0.551020 0.469388
vt 0.571429 0.469388
vt 0.591837 0.469388
vt 0.612245 0.469388
vt 0.632653 0.469388
vt 0.653061 0.469388
vt 0.673469 0.469388
vt 0.693878 0.469388
vt 0.714286 0.469388
vt 0.734694 0.469388
vt 0.755102 0.469388
vt 0.775510 0.469388
vt 0.795918 0.469388
vt 0.816326 0.469388
vt 0.836735 0.469388
vt 0.857143 0.469388
vt 0.877551 0.469388
vt 0.897959 0.469388
vt 0.918367 0.469388
vt 0.938775 0.469388
vt 0.959184 0.469388
vt 0.979592 0.469388
vt 1.000000 0.469388
vt 0.020408 0.489796
vt 0.000000 0.489796
vt 0.040816 0.489796
vt 0.061224 0.489796
vt 0.081633 0.489796
vt 0.102041 0.489796
vt 0.122449 0.489796
vt 0.142857 0.489796
vt 0.163265 0.489796
vt 0.183673 0.489796
vt 0.204082 0.489796
vt 0.224490 0.489796
vt 0.244898 0.489796
vt 0.265306 0.489796
vt 0.285714 0.489796
vt 0.306122 0.489796
vt 0.326531 0.489796
vt 0.346939 0.489796
vt 0.367347 0.489796
vt 0.387755 0.489796
vt 0.408163 0.489796
vt 0.428571 0.489796
vt 0.448980 0.489796
vt 0.469388 0.489796
vt 0.489796 0.489796
vt 0.510204 0.489796
vt 0.530612 0.489796
vt 0.551020 0.489796
vt 0.571429 0.489796
vt 0.591837 0.489796
vt 0.612245 0.489796
vt 0.632653 0.489796
vt 0.653061 0.489796
vt 0.673469 0.489796
vt 0.693878 0.489796
vt 0.714286 0.489796
vt 0.734694 0.489796
vt 0.755102 0.489796
vt 0.775510 0.489796
vt 0.795918 0.489796
vt 0.816326 0.489796
vt 0.836735 0.489796
vt 0.857143 0.489796
vt 0.877551 0.489796
vt 0.897959 0.489796
vt 0.918367 0.489796
vt 0.938775 0.489796
vt 0.959184 0.489796
vt 0.979592 0.489796
vt 1.000000 0.489796
vt 0.020408 0.510204
vt 0.000000 0.510204
vt 0.040816 0.510204
vt 0.061224 0.510204
vt 0.081633 0.510204
vt 0.102041 0.510204
vt 0.122449 0.510204
vt 0.142857 0.510204
vt 0.163265 0.510204
vt 0.183673 0.510204
vt 0.204082 0.510204
vt 0.224490 0.510204
vt 0.244898 0.510204
vt 0.265306 0.510204
vt 0.285714 0.510204
vt 0.306122 0.510204
vt 0.326531 0.510204
vt 0.346939 0.510204
vt 0.367347 0.510204
vt 0.387755 0.510204
vt 0.408163 0.510204
vt 0.428571 0.510204
vt 0.448980 0.510204
vt 0.469388 0.510204
vt 0.489796 0.510204
vt 0.510204 0.510204
vt 0.530612 0.510204
vt 0.551020 0.510204
vt 0.571429 0.510204
vt 0.591837 0.510204
vt 0.612245 0.510204
vt 0.632653 0.510204
vt 0.653061 0.510204
vt 0.673469 0.510204
vt 0.693878 0.510204
vt 0.714286 0.510204
vt 0.734694 0.510204
vt 0.755102 0.510204
vt 0.775510 0.510204
vt 0.795918 0.510204
vt 0.816326 0.510204
vt 0.836735 0.510204
vt 0.857143 0.510204
vt 0.877551 0.510204
vt 0.897959 0.510204
vt 0.918367 0.510204
vt 0.938775 0.510204
vt 0.959184 0.510204
vt 0.979592 0.510204
vt 1.000000 0.510204
vt 0.020408 0.530612
vt 0.000000 0.530612
vt 0.040816 0.530612
vt 0.061224 0.530612
vt 0.081633 0.530612
vt 0.102041 0.530612
vt 0.122449 0.530612
vt 0.142857 0.530612
vt 0.163265 0.530612
vt 0.183673 0.530612
vt 0.204082 0.530612
vt 0.224490 0.530612
vt 0.244898 0.530612
vt 0.265306 0.530612
vt 0.285714 0.530612
vt 0.306122 0.530612
vt 0.326531 0.530612
vt 0.346939 0.530612
vt 0.367347 0.530612
vt 0.387755 0.530612
vt 0.408163 0.530612
vt 0.428571 0.530612
vt 0.448980 0.530612
vt 0.469388 0.530612
vt 0.489796 0.530612
vt 0.510204 0.530612
vt 0.530612 0.530612
vt 0.551020 0.530612
vt 0.571429 0.530612
vt 0.591837 0.530612
vt 0.612245 0.530612
vt 0.632653 0.530612
vt 0.653061 0.530612
vt 0.673469 0.530612
vt 0.693878 0.530612
vt 0.714286 0.530612
vt 0.734694 0.530612
vt 0.755102 0.530612
vt 0.775510 0.530612
vt 0.795918 0.530612
vt 0.816326 0.530612
vt 0.836735 0.530612
vt 0.857143 0.530612
vt 0.877551 0.530612
vt 0.897959 0.530612
vt 0.918367 0.530612
vt 0.938775 0.530612
vt 0.959184 0.530612
vt 0.979592 0.530612
vt 1.000000 0.530612
vt 0.020408 0.551020
vt 0.000000 0.551020
vt 0.040816 0.551020
vt 0.061224 0.551020
vt 0.081633 0.551020
vt 0.102041 0.551020
vt 0.122449 0.551020
vt 0.142857 0.551020
vt 0.163265 0.551020
vt 0.183673 0.551020
vt 0.204082 0.551020
vt 0.224490 0.551020
vt 0.244898 0.551020
vt 0.265306 0.551020
vt 0.285714 0.551020
vt 0.306122 0.551020
vt 0.326531 0.551020
vt 0.346939 0.551020
vt 0.367347 0.551020
vt 0.387755 0.551020
vt 0.408163 0.551020
vt 0.428571 0.551020
vt 0.448980 0.551020
vt 0.469388 0.551020
vt 0.489796 0.551020
vt 0.510204 0.551020
vt 0.530612 0.551020
vt 0.551020 0.551020
vt 0.571429 0.551020
vt 0.591837 0.551020
vt 0.612245 0.551020
vt 0.632653 0.551020
vt 0.653061 0.551020
vt 0.673469 0.551020
vt 0.693878 0.551020
vt 0.714286 0.551020
vt 0.734694 0.551020
vt 0.755102 0.551020
vt 0.775510 0.551020
vt 0.795918 0.551020
vt 0.816326 0.551020
vt 0.836735 0.551020
vt 0.857143 0.551020
vt 0.877551 0.551020
vt 0.897959 0.551020
vt 0.918367 0.551020
vt 0.938775 0.551020
vt 0.959184 0.551020
vt 0.979592 0.551020
vt 1.000000 0.551020
vt 0.020408 0.571429
vt 0.000000 0.571429
vt 0.040816 0.571429
vt 0.061224 0.571429
vt 0.081633 0.571429
vt 0.102041 0.571429
vt 0.122449 0.571429
vt 0.142857 0.571429
vt 0.163265 0.571429
vt 0.183673 0.571429
vt 0.204082 0.571429
vt 0.224490 0.571429
vt 0.244898 0.571429
vt 0.265306 0.571429
vt 0.285714 0.571429
vt 0.306122 0.571429
vt 0.326531 0.571429
vt 0.346939 0.571429
vt 0.367347 0.571429
vt 0.387755 0.571429
vt 0.408163 0.571429
vt 0.428571 0.571429
vt 0.448980 0.571429
vt 0.469388 0.571429
vt 0.489796 0.571429
vt 0.510204 0.571429
vt 0.530612 0.571429
vt 0.551020 0.571429
vt 0.571429 0.571429
vt 0.591837 0.571429
vt 0.612245 0.571429
vt 0.632653 0.571429
vt 0.653061 0.571429
vt 0.673469 0.571429
vt 0.693878 0.571429
vt 0.714286 0.571429
vt 0.734694 0.571429
vt 0.755102 0.571429
vt 0.775510 0.571429
vt 0.795918 0.571429
vt 0.816326 0.571429
vt 0.836735 0.571429
vt 0.857143 0.571429
vt 0.877551 0.571429
vt 0.897959 0.571429
vt 0.918367 0.571429
vt 0.938775 0.571429
vt 0.959184 0.571429
vt 0.979592 0.571429
vt 1.000000 0.571429
vt 0.020408 0.591837
vt 0.000000 0.591837
vt 0.040816 0.591837
vt 0.061224 0.591837
vt 0.081633 0.591837
vt 0.102041 0.591837
vt 0.122449 0.591837
vt 0.142857 0.591837
vt 0.163265 0.591837
vt 0.183673 0.591837
vt 0.204082 0.591837
vt 0.224490 0.591837
vt 0.244898 0.591837
vt 0.265306 0.591837
vt 0.285714 0.591837
vt 0.306122 0.591837
vt 0.326531 0.591837
vt 0.346939 0.591837
vt 0.367347 0.591837
vt 0.387755 0.591837
vt 0.408163 0.591837
vt 0.428571 0.591837
vt 0.448980 0.591837
vt 0.469388 0.591837
vt 0.489796 0.591837
vt 0.510204 0.591837
vt 0.530612 0.591837
vt 0.551020 0.591837
vt 0.571429 0.591837
vt 0.591837 0.591837
vt 0.612245 0.591837
vt 0.632653 0.591837
vt 0.653061 0.591837
vt 0.673469 0.591837
vt 0.693878 0.591837
vt 0.714286 0.591837
vt 0.734694 0.591837
vt 0.755102 0.591837
vt 0.775510 0.591837
vt 0.795918 0.591837
vt 0.816326 0.591837
vt 0.836735 0.591837
vt 0.857143 0.591837
vt 0.877551 0.591837
vt 0.897959 0.591837
vt 0.918367 0.591837
vt 0.938775 0.591837
vt 0.959184 0.591837
vt 0.979592 0.591837
vt 1.000000 0.591837
vt 0.020408 0.612245
vt 0.000000 0.612245
vt 0.040816 0.612245
vt 0.061224 0.612245
vt 0.081633 0.612245
vt 0.102041 0.612245
vt 0.122449 0.612245
vt 0.142857 0.612245
vt 0.163265 0.612245
vt 0.183673 0.612245
vt 0.204082 0.612245
vt 0.224490 0.612245
vt 0.244898 0.612245
vt 0.265306 0.612245
vt 0.285714 0.612245
vt 0.306122 0.612245
vt 0.326531 0.612245
vt 0.346939 0.612245
vt 0.367347 0.612245
vt 0.387755 0.612245
vt 0.408163 0.612245
vt 0.428571 0.612245
vt 0.448980 0.612245
vt 0.469388 0.612245
vt 0.489796 0.612245
vt 0.510204 0.612245
vt 0.530612 0.612245
vt 0.551020 0.612245
vt 0.571429 0.612245
vt 0.591837 0.612245
vt 0.612245 0.612245
vt 0.632653 0.612245
vt 0.653061 0.612245
vt 0.673469 0.612245
vt 0.693878 0.612245
vt 0.714286 0.612245
vt 0.734694 0.612245
vt 0.755102 0.612245
vt 0.775510 0.612245
vt 0.795918 0.612245
vt 0.816326 0.612245
vt 0.836735 0.612245
vt 0.857143 0.612245
vt 0.877551 0.612245
vt 0.897959 0.612245
vt 0.918367 0.612245
vt 0.938775 0.612245
vt 0.959184 0.612245
vt 0.979592 0.612245
vt 1.000000 0.612245
vt 0.020408 0.632653
vt 0.000000 0.632653
vt 0.040816 0.632653
vt 0.061224 0.632653
vt 0.081633 0.632653
vt 0.102041 0.632653
vt 0.122449 0.632653
vt 0.142857 0.632653
vt 0.163265 0.632653
vt 0.183673 0.632653
vt 0.204082 0.632653
vt 0.224490 0.632653
vt 0.244898 0.632653
vt 0.265306 0.632653
vt 0.285714 0.632653
vt 0.306122 0.632653
vt 0.326531 0.632653
vt 0.346939 0.632653
vt 0.367347 0.632653
vt 0.387755 0.632653
vt 0.408163 0.632653
vt 0.428571 0.632653
vt 0.448980 0.632653
vt 0.469388 0.632653
vt 0.489796 0.632653
vt 0.510204 0.632653
vt 0.530612 0.632653
vt 0.551020 0.632653
vt 0.571429 0.632653
vt 0.591837 0.632653
vt 0.612245 0.632653
vt 0.632653 0.632653
vt 0.653061 0.632653
vt 0.673469 0.632653
vt 0.693878 0.632653
vt 0.714286 0.632653
vt 0.734694 0.632653
vt 0.755102 0.632653
vt 0.775510 0.632653
vt 0.795918 0.632653
vt 0.816326 0.632653
vt 0.836735 0.632653
vt 0.857143 0.632653
vt 0.877551 0.632653
vt 0.897959 0.632653
vt 0.918367 0.632653
vt 0.938775 0.632653
vt 0.959184 0.632653
vt 0.979592 0.632653
vt 1.000000 0.632653
vt 0.020408 0.653061
vt 0.000000 0.653061
vt 0.040816 0.653061
vt 0.061224 0.653061
vt 0.081633 0.653061
vt 0.102041 0.653061
vt 0.122449 0.653061
vt 0.142857 0.653061
vt 0.163265 0.653061
vt 0.183673 0.653061
vt 0.204082 0.653061
vt 0.224490 0.653061
vt 0.244898 0.653061
vt 0.265306 0.653061
vt 0.285714 0.653061
vt 0.306122 0.653061
vt 0.326531 0.653061
vt 0.346939 0.653061
vt 0.367347 0.653061
vt 0.387755 0.653061
vt 0.408163 0.653061
vt 0.428571 0.653061
vt 0.448980 0.653061
vt 0.469388 0.653061
vt 0.489796 0.653061
vt 0.510204 0.653061
vt 0.530612 0.653061
vt 0.551020 0.653061
vt 0.571429 0.653061
vt 0.591837 0.653061
vt 0.612245 0.653061
vt 0.632653 0.653061
vt 0.653061 0.653061
vt 0.673469 0.653061
vt 0.693878 0.653061
vt 0.714286 0.653061
vt 0.734694 0.653061
vt 0.755102 0.653061
vt 0.775510 0.653061
vt 0.795918 0.653061
vt 0.816326 0.653061
vt 0.836735 0.653061
vt 0.857143 0.653061
vt 0.877551 0.653061
vt 0.897959 0.653061
vt 0.918367 0.653061
vt 0.938775 0.653061
vt 0.959184 0.653061
vt 0.979592 0.653061
vt 1.000000 0.653061
vt 0.020408 0.673469
vt 0.000000 0.673469
vt 0.040816 0.673469
vt 0.061224 0.673469
vt 0.081633 0.673469
vt 0.102041 0.673469
vt 0.122449 0.673469
vt 0.142857 0.673469
vt 0.163265 0.673469
vt 0.183673 0.673469
vt 0.204082 0.673469
vt 0.224490 0.673469
vt 0.244898 0.673469
vt 0.265306 0.673469
vt 0.285714 0.673469
vt 0.306122 0.673469
vt 0.326531 0.673469
vt 0.346939 0.673469
vt 0.367347 0.673469
vt 0.387755 0.673469
vt 0.408163 0.673469
vt 0.428571 0.673469
vt 0.448980 0.673469
vt 0.469388 0.673469
vt 0.489796 0.673469
vt 0.510204 0.673469
vt 0.530612 0.673469
vt 0.551020 0.673469
vt 0.571429 0.673469
vt 0.591837 0.673469
vt 0.612245 0.673469
vt 0.632653 0.673469
vt 0.653061 0.673469
vt 0.673469 0.673469
vt 0.693878 0.673469
vt 0.714286 0.673469
vt 0.734694 0.673469
vt 0.755102 0.673469
vt 0.775510 0.673469
vt 0.795918 0.673469
vt 0.816326 0.673469
vt 0.836735 0.673469
vt 0.857143 0.673469
vt 0.877551 0.673469
vt 0.897959 0.673469
vt 0.918367 0.673469
vt 0.938775 0.673469
vt 0.959184 0.673469
vt 0.979592 0.673469
vt 1.000000 0.673469
vt 0.020408 0.693878
vt 0.000000 0.693878
vt 0.040816 0.693878
vt 0.061224 0.693878
vt 0.081633 0.693878
vt 0.102041 0.693878
vt 0.122449 0.693878
vt 0.142857 0.693878
vt 0.163265 0.693878
vt 0.183673 0.693878
vt 0.204082 0.693878
vt 0.224490 0.693878
vt 0.244898 0.693878
vt 0.265306 0.693878
vt 0.285714 0.693878
vt 0.306122 0.693878
vt 0.326531 0.693878
vt 0.346939 0.693878
vt 0.367347 0.693878
vt 0.387755 0.693878
vt 0.408163 0.693878
vt 0.428571 0.693878
vt 0.448980 0.693878
vt 0.469388 0.693878
vt 0.489796 0.693878
vt 0.510204 0.693878
vt 0.530612 0.693878
vt 0.551020 0.693878
vt 0.571429 0.693878
vt 0.591837 0.693878
vt 0.612245 0.693878
vt 0.632653 0.693878
vt 0.653061 0.693878
vt 0.673469 0.693878
vt 0.693878 0.693878
vt 0.714286 0.693878
vt 0.734694 0.693878
vt 0.755102 0.693878
vt 0.775510 0.693878
vt 0.795918 0.693878
vt 0.816326 0.693878
vt 0.836735 0.693878
vt 0.857143 0.693878
vt 0.877551 0.693878
vt 0.897959 0.693878
vt 0.918367 0.693878
vt 0.938775 0.693878
vt 0.959184 0.693878
vt 0.979592 0.693878
vt 1.000000 0.693878
vt 0.020408 0.714286
vt 0.000000 0.714286
vt 0.040816 0.714286
vt 0.061224 0.714286
vt 0.081633 0.714286
vt 0.102041 0.714286
vt 0.122449 0.714286
vt 0.142857 0.714286
vt 0.163265 0.714286
vt 0.183673 0.714286
vt 0.204082 0.714286
vt 0.224490 0.714286
vt 0.244898 0.714286
vt 0.265306 0.714286
vt 0.285714 0.714286
vt 0.306122 0.714286
vt 0.326531 0.714286
vt 0.346939 0.714286
vt 0.367347 0.714286
vt 0.387755 0.714286
vt 0.408163 0.714286
vt 0.428571 0.714286
vt 0.448980 0.714286
vt 0.469388 0.714286
vt 0.489796 0.714286
vt 0.510204 0.714286
vt 0.530612 0.714286
vt 0.551020 0.714286
vt 0.571429 0.714286
vt 0.591837 0.714286
vt 0.612245 0.714286
vt 0.632653 0.714286
vt 0.653061 0.714286
vt 0.673469 0.714286
vt 0.693878 0.714286
vt 0.714286 0.714286
vt 0.734694 0.714286
vt 0.755102 0.714286
vt 0.775510 0.714286
vt 0.795918 0.714286
vt 0.816326 0.714286
vt 0.836735 0.714286
vt 0.857143 0.714286
vt 0.877551 0.714286
vt 0.897959 0.714286
vt 0.918367 0.714286
vt 0.938775 0.714286
vt 0.959184 0.714286
vt 0.979592 0.714286
vt 1.000000 0.714286
vt 0.020408 0.734694
vt 0.000000 0.734694
vt 0.040816 0.734694
vt 0.061224 0.734694
vt 0.081633 0.734694
vt 0.102041 0.734694
vt 0.122449 0.734694
vt 0.142857 0.734694
vt 0.163265 0.734694
vt 0.183673 0.734694
vt 0.204082 0.734694
vt 0.224490 0.734694
vt 0.244898 0.734694
vt 0.265306 0.734694
vt 0.285714 0.734694
vt 0.306122 0.734694
vt 0.326531 0.734694
vt 0.346939 0.734694
vt 0.367347 0.734694
vt 0.387755 0.734694
vt 0.408163 0.734694
vt 0.428571 0.734694
vt 0.448980 0.734694
vt 0.469388 0.734694
vt 0.489796 0.734694
vt 0.510204 0.734694
vt 0.530612 0.734694
vt 0.551020 0.734694
vt 0.571429 0.734694
vt 0.591837 0.734694
vt 0.612245 0.734694
vt 0.632653 0.734694
vt 0.653061 0.734694
vt 0.673469 0.734694
vt 0.693878 0.734694
vt 0.714286 0.734694
vt 0.734694 0.734694
vt 0.755102 0.734694
vt 0.775510 0.734694
vt 0.795918 0.734694
vt 0.816326 0.734694
vt 0.836735 0.734694
vt 0.857143 0.734694
vt 0.877551 0.734694
vt 0.897959 0.734694
vt 0.918367 0.734694
vt 0.938775 0.734694
vt 0.959184 0.734694
vt 0.979592 0.734694
vt 1.000000 0.734694
vt 0.020408 0.755102
vt 0.000000 0.755102
vt 0.040816 0.755102
vt 0.061224 0.755102
vt 0.081633 0.755102
vt 0.102041 0.755102
vt 0.122449 0.755102
vt 0.142857 0.755102
vt 0.163265 0.755102
vt 0.183673 0.755102
vt 0.204082 0.755102
vt 0.224490 0.755102
vt 0.244898 0.755102
vt 0.265306 0.755102
vt 0.285714 0.755102
vt 0.306122 0.755102
vt 0.326531 0.755102
vt 0.346939 0.755102
vt 0.367347 0.755102
vt 0.387755 0.755102
vt 0.408163 0.755102
vt 0.428571 0.755102
vt 0.448980 0.755102
vt 0.469388 0.755102
vt 0.489796 0.755102
vt 0.510204 0.755102
vt 0.530612 0.755102
vt 0.551020 0.755102
vt 0.571429 0.755102
vt 0.591837 0.755102
vt 0.612245 0.755102
vt 0.632653 0.755102
vt 0.653061 0.755102
vt 0.673469 0.755102
vt 0.693878 0.755102
vt 0.714286 0.755102
vt 0.734694 0.755102
vt 0.755102 0.755102
vt 0.775510 0.755102
vt 0.795918 0.755102
vt 0.816326 0.755102
vt 0.836735 0.755102
vt 0.857143 0.755102
vt 0.877551 0.755102
vt 0.897959 0.755102
vt 0.918367 0.755102
vt 0.938775 0.755102
vt 0.959184 0.755102
vt 0.979592 0.755102
vt 1.000000 0.755102
vt 0.020408 0.775510
vt 0.000000 0.775510
vt 0.040816 0.775510
vt 0.061224 0.775510
vt 0.081633 0.775510
vt 0.102041 0.775510
vt 0.122449 0.775510
vt 0.142857 0.775510
vt 0.163265 0.775510
vt 0.183673 0.775510
vt 0.204082 0.775510
vt 0.224490 0.775510
vt 0.244898 0.775510
vt 0.265306 0.775510
vt 0.285714 0.775510
vt 0.306122 0.775510
vt 0.326531 0.775510
vt 0.346939 0.775510
vt 0.367347 0.775510
vt 0.387755 0.775510
vt 0.408163 0.775510
vt 0.428571 0.775510
vt 0.448980 0.775510
vt 0.469388 0.775510
vt 0.489796 0.775510
vt 0.510204 0.775510
vt 0.530612 0.775510
vt 0.551020 0.775510
vt 0.571429 0.775510
vt 0.591837 0.775510
vt 0.612245 0.775510
vt 0.632653 0.775510
vt 0.653061 0.775510
vt 0.673469 0.775510
vt 0.693878 0.775510
vt 0.714286 0.775510
vt 0.734694 0.775510
vt 0.755102 0.775510
vt 0.775510 0.775510
vt 0.795918 0.775510
vt 0.816326 0.775510
vt 0.836735 0.775510
vt 0.857143 0.775510
vt 0.877551 0.775510
vt 0.897959 0.775510
vt 0.918367 0.775510
vt 0.938775 0.775510
vt 0.959184 0.775510
vt 0.979592 0.775510
vt 1.000000 0.775510
vt 0.020408 0.795918
vt 0.000000 0.795918
vt 0.040816 0.795918
vt 0.061224 0.795918
vt 0.081633 0.795918
vt 0.102041 0.795918
vt 0.122449 0.795918
vt 0.142857 0.795918
vt 0.163265 0.795918
vt 0.183673 0.795918
vt 0.204082 0.795918
vt 0.224490 0.795918
vt 0.244898 0.795918
vt 0.265306 0.795918
vt 0.285714 0.795918
vt 0.306122 0.795918
vt 0.326531 0.795918
vt 0.346939 0.795918
vt 0.367347 0.795918
vt 0.387755 0.795918
vt 0.408163 0.795918
vt 0.428571 0.795918
vt 0.448980 0.795918
vt 0.469388 0.795918
vt 0.489796 0.795918
vt 0.510204 0.795918
vt 0.530612 0.795918
vt 0.551020 0.795918
vt 0.571429 0.795918
vt 0.591837 0.795918
vt 0.612245 0.795918
vt 0.632653 0.795918
vt 0.653061 0.795918
vt 0.673469 0.795918
vt 0.693878 0.795918
vt 0.714286 0.795918
vt 0.734694 0.795918
vt 0.755102 0.795918
vt 0.775510 0.795918
vt 0.795918 0.795918
vt 0.816326 0.795918
vt 0.836735 0.795918
vt 0.857143 0.795918
vt 0.877551 0.795918
vt 0.897959 0.795918
vt 0.918367 0.795918
vt 0.938775 0.795918
vt 0.959184 0.795918
vt 0.979592 0.795918
vt 1.000000 0.795918
vt 0.020408 0.816326
vt 0.000000 0.816326
vt 0.040816 0.816326
vt 0.061224 0.816326
vt 0.081633 0.816326
vt 0.102041 0.816326
vt 0.122449 0.816326
vt 0.142857 0.816326
vt 0.163265 0.816326
vt 0.183673 0.816326
vt 0.204082 0.816326
vt 0.224490 0.816326
vt 0.244898 0.816326
vt 0.265306 0.816326
vt 0.285714 0.816326
vt 0.306122 0.816326
vt 0.326531 0.816326
vt 0.346939 0.816326
vt 0.367347 0.816326
vt 0.387755 0.816326
vt 0.408163 0.816326
vt 0.428571 0.816326
vt 0.448980 0.816326
vt 0.469388 0.816326
vt 0.489796 0.816326
vt 0.510204 0.816326
vt 0.530612 0.816326
vt 0.551020 0.816326
vt 0.571429 0.816326
vt 0.591837 0.816326
vt 0.612245 0.816326
vt 0.632653 0.816326
vt 0.653061 0.816326
vt 0.673469 0.816326
vt 0.693878 0.816326
vt 0.714286 0.816326
vt 0.734694 0.816326
vt 0.755102 0.816326
vt 0.775510 0.816326
vt 0.795918 0.816326
vt 0.816326 0.816326
vt 0.836735 0.816326
vt 0.857143 0.816326
vt 0.877551 0.816326
vt 0.897959 0.816326
vt 0.918367 0.816326
vt 0.938775 0.816326
vt 0.959184 0.816326
vt 0.979592 0.816326
vt 1.000000 0.816326
vt 0.020408 0.836735
vt 0.000000 0.836735
vt 0.040816 0.836735
vt 0.061224 0.836735
vt 0.081633 0.836735
vt 0.102041 0.836735
vt 0.122449 0.836735
vt 0.142857 0.836735
vt 0.163265 0.836735
vt 0.183673 0.836735
vt 0.204082 0.836735
vt 0.224490 0.836735
vt 0.244898 0.836735
vt 0.265306 0.836735
vt 0.285714 0.836735
vt 0.306122 0.836735
vt 0.326531 0.836735
vt 0.346939 0.836735
vt 0.367347 0.836735
vt 0.387755 0.836735
vt 0.408163 0.836735
vt 0.428571 0.836735
vt 0.448980 0.836735
vt 0.469388 0.836735
vt 0.489796 0.836735
vt 0.510204 0.836735
vt 0.530612 0.836735
vt 0.551020 0.836735
vt 0.571429 0.836735
vt 0.591837 0.836735
vt 0.612245 0.836735
vt 0.632653 0.836735
vt 0.653061 0.836735
vt 0.673469 0.836735
vt 0.693878 0.836735
vt 0.714286 0.836735
vt 0.734694 0.836735
vt 0.755102 0.836735
vt 0.775510 0.836735
vt 0.795918 0.836735
vt 0.816326 0.836735
vt 0.836735 0.836735
vt 0.857143 0.836735
vt 0.877551 0.836735
vt 0.897959 0.836735
vt 0.918367 0.836735
vt 0.938775 0.836735
vt 0.959184 0.836735
vt 0.979592 0.836735
vt 1.000000 0.836735
vt 0.020408 0.857143
vt 0.000000 0.857143
vt 0.040816 0.857143
vt 0.061224 0.857143
vt 0.081633 0.857143
vt 0.102041 0.857143
vt 0.122449 0.857143
vt 0.142857 0.857143
vt 0.163265 0.857143
vt 0.183673 0.857143
vt 0.204082 0.857143
vt 0.224490 0.857143
vt 0.244898 0.857143
vt 0.265306 0.857143
vt 0.285714 0.857143
vt 0.306122 0.857143
vt 0.326531 0.857143
vt 0.346939 0.857143
vt 0.367347 0.857143
vt 0.387755 0.857143
vt 0.408163 0.857143
vt 0.428571 0.857143
vt 0.448980 0.857143
vt 0.469388 0.857143
vt 0.489796 0.857143
vt 0.510204 0.857143
vt 0.530612 0.857143
vt 0.551020 0.857143
vt 0.571429 0.857143
vt 0.591837 0.857143
vt 0.612245 0.857143
vt 0.632653 0.857143
vt 0.653061 0.857143
vt 0.673469 0.857143
vt 0.693878 0.857143
vt 0.714286 0.857143
vt 0.734694 0.857143
vt 0.755102 0.857143
vt 0.775510 0.857143
vt 0.795918 0.857143
vt 0.816326 0.857143
vt 0.836735 0.857143
vt 0.857143 0.857143
vt 0.877551 0.857143
vt 0.897959 0.857143
vt 0.918367 0.857143
vt 0.938775 0.857143
vt 0.959184 0.857143
vt 0.979592 0.857143
vt 1.000000 0.857143
vt 0.020408 0.877551
vt 0.000000 0.877551
vt 0.040816 0.877551
vt 0.061224 0.877551
vt 0.081633 0.877551
vt 0.102041 0.877551
vt 0.122449 0.877551
vt 0.142857 0.877551
vt 0.163265 0.877551
vt 0.183673 0.877551
vt 0.204082 0.877551
vt 0.224490 0.877551
vt 0.244898 0.877551
vt 0.265306 0.877551
vt 0.285714 0.877551
vt 0.306122 0.877551
vt 0.326531 0.877551
vt 0.346939 0.877551
vt 0.367347 0.877551
vt 0.387755 0.877551
vt 0.408163 0.877551
vt 0.428571 0.877551
vt 0.448980 0.877551
vt 0.469388 0.877551
vt 0.489796 0.877551
vt 0.510204 0.877551
vt 0.530612 0.877551
vt 0.551020 0.877551
vt 0.571429 0.877551
vt 0.591837 0.877551
vt 0.612245 0.877551
vt 0.632653 0.877551
vt 0.653061 0.877551
vt 0.673469 0.877551
vt 0.693878 0.877551
vt 0.714286 0.877551
vt 0.734694 0.877551
vt 0.755102 0.877551
vt 0.775510 0.877551
vt 0.795918 0.877551
vt 0.816326 0.877551
vt 0.836735 0.877551
vt 0.857143 0.877551
vt 0.877551 0.877551
vt 0.897959 0.877551
vt 0.918367 0.877551
vt 0.938775 0.877551
vt 0.959184 0.877551
vt 0.979592 0.877551
vt 1.000000 0.877551
vt 0.020408 0.897959
vt 0.000000 0.897959
vt 0.040816 0.897959
vt 0.061224 0.897959
vt 0.081633 0.897959
vt 0.102041 0.897959
vt 0.122449 0.897959
vt 0.142857 0.897959
vt 0.163265 0.897959
vt 0.183673 0.897959
vt 0.204082 0.897959
vt 0.224490 0.897959
vt 0.244898 0.897959
vt 0.265306 0.897959
vt 0.285714 0.897959
vt 0.306122 0.897959
vt 0.326531 0.897959
vt 0.346939 0.897959
vt 0.367347 0.897959
vt 0.387755 0.897959
vt 0.408163 0.897959
vt 0.428571 0.897959
vt 0.448980 0.897959
vt 0.469388 0.897959
vt 0.489796 0.897959
vt 0.510204 0.897959
vt 0.530612 0.897959
vt 0.551020 0.897959
vt 0.571429 0.897959
vt 0.591837 0.897959
vt 0.612245 0.897959
vt 0.632653 0.897959
vt 0.653061 0.897959
vt 0.673469 0.897959
vt 0.693878 0.897959
vt 0.714286 0.897959
vt 0.734694 0.897959
vt 0.755102 0.897959
vt 0.775510 0.897959
vt 0.795918 0.897959
vt 0.816326 0.897959
vt 0.836735 0.897959
vt 0.857143 0.897959
vt 0.877551 0.897959
vt 0.897959 0.897959
vt 0.918367 0.897959
vt 0.938775 0.897959
vt 0.959184 0.897959
vt 0.979592 0.897959
vt 1.000000 0.897959
vt 0.020408 0.918367
vt 0.000000 0.918367
vt 0.040816 0.918367
vt 0.061224 0.918367
vt 0.081633 0.918367
vt 0.102041 0.918367
vt 0.122449 0.918367
vt 0.142857 0.918367
vt 0.163265 0.918367
vt 0.183673 0.918367
vt 0.204082 0.918367
vt 0.224490 0.918367
vt 0.244898 0.918367
vt 0.265306 0.918367
vt 0.285714 0.918367
vt 0.306122 0.918367
vt 0.326531 0.918367
vt 0.346939 0.918367
vt 0.367347 0.918367
vt 0.387755 0.918367
vt 0.408163 0.918367
vt 0.428571 0.918367
vt 0.448980 0.918367
vt 0.469388 0.918367
vt 0.489796 0.918367
vt 0.510204 0.918367
vt 0.530612 0.918367
vt 0.551020 0.918367
vt 0.571429 0.918367
vt 0.591837 0.918367
vt 0.612245 0.918367
vt 0.632653 0.918367
vt 0.653061 0.918367
vt 0.673469 0.918367
vt 0.693878 0.918367
vt 0.714286 0.918367
vt 0.734694 0.918367
vt 0.755102 0.918367
vt 0.775510 0.918367
vt 0.795918 0.918367
vt 0.816326 0.918367
vt 0.836735 0.918367
vt 0.857143 0.918367
vt 0.877551 0.918367
vt 0.897959 0.918367
vt 0.918367 0.918367
vt 0.938775 0.918367
vt 0.959184 0.918367
vt 0.979592 0.918367
vt 1.000000 0.918367
vt 0.020408 0.938775
vt 0.000000 0.938775
vt 0.040816 0.938775
vt 0.061224 0.938775
vt 0.081633 0.938775
vt 0.102041 0.938775
vt 0.122449 0.938775
vt 0.142857 0.938775
vt 0.163265 0.938775
vt 0.183673 0.938775
vt 0.204082 0.938775
vt 0.224490 0.938775
vt 0.244898 0.938775
vt 0.265306 0.938775
vt 0.285714 0.938775
vt 0.306122 0.938775
vt 0.326531 0.938775
vt 0.346939 0.938775
vt 0.367347 0.938775
vt 0.387755 0.938775
vt 0.408163 0.938775
vt 0.428571 0.938775
vt 0.448980 0.938775
vt 0.469388 0.938775
vt 0.489796 0.938775
vt 0.510204 0.938775
vt 0.530612 0.938775
vt 0.551020 0.938775
vt 0.571429 0.938775
vt 0.591837 0.938775
vt 0.612245 0.938775
vt 0.632653 0.938775
vt 0.653061 0.938775
vt 0.673469 0.938775
vt 0.693878 0.938775
vt 0.714286 0.938775
vt 0.734694 0.938775
vt 0.755102 0.938775
vt 0.775510 0.938775
vt 0.795918 0.938775
vt 0.816326 0.938775
vt 0.836735 0.938775
vt 0.857143 0.938775
vt 0.877551 0.938775
vt 0.897959 0.938775
vt 0.918367 0.938775
vt 0.938775 0.938775
vt 0.959184 0.938775
vt 0.979592 0.938775
vt 1.000000 0.938775
vt 0.020408 0.959184
vt 0.000000 0.959184
vt 0.040816 0.959184
vt 0.061224 0.959184
vt 0.081633 0.959184
vt 0.102041 0.959184
vt 0.122449 0.959184
vt 0.142857 0.959184
vt 0.163265 0.959184
vt 0.183673 0.959184
vt 0.204082 0.959184
vt 0.224490 0.959184
vt 0.244898 0.959184
vt 0.265306 0.959184
vt 0.285714 0.959184
vt 0.306122 0.959184
vt 0.326531 0.959184
vt 0.346939 0.959184
vt 0.367347 0.959184
vt 0.387755 0.959184
vt 0.408163 0.959184
vt 0.428571 0.959184
vt 0.448980 0.959184
vt 0.469388 0.959184
vt 0.489796 0.959184
vt 0.510204 0.959184
vt 0.530612 0.959184
vt 0.551020 0.959184
vt 0.571429 0.959184
vt 0.591837 0.959184
vt 0.612245 0.959184
vt 0.632653 0.959184
vt 0.653061 0.959184
vt 0.673469 0.959184
vt 0.693878 0.959184
vt 0.714286 0.959184
vt 0.734694 0.959184
vt 0.755102 0.959184
vt 0.775510 0.959184
vt 0.795918 0.959184
vt 0.816326 0.959184
vt 0.836735 0.959184
vt 0.857143 0.959184
vt 0.877551 0.959184
vt 0.897959 0.959184
vt 0.918367 0.959184
vt 0.938775 0.959184
vt 0.959184 0.959184
vt 0.979592 0.959184
vt 1.000000 0.959184
vt 0.020408 0.979592
vt 0.000000 0.979592
vt 0.040816 0.979592
vt 0.061224 0.979592
vt 0.081633 0.979592
vt 0.102041 0.979592
vt 0.122449 0.979592
vt 0.142857 0.979592
vt 0.163265 0.979592
vt 0.183673 0.979592
vt 0.204082 0.979592
vt 0.224490 0.979592
vt 0.244898 0.979592
vt 0.265306 0.979592
vt 0.285714 0.979592
vt 0.306122 0.979592
vt 0.326531 0.979592
vt 0.346939 0.979592
vt 0.367347 0.979592
vt 0.387755 0.979592
vt 0.408163 0.979592
vt 0.428571 0.979592
vt 0.448980 0.979592
vt 0.469388 0.979592
vt 0.489796 0.979592
vt 0.510204 0.979592
vt 0.530612 0.979592
vt 0.551020 0.979592
vt 0.571429 0.979592
vt 0.591837 0.979592
vt 0.612245 0.979592
vt 0.632653 0.979592
vt 0.653061 0.979592
vt 0.673469 0.979592
vt 0.693878 0.979592
vt 0.714286 0.979592
vt 0.734694 0.979592
vt 0.755102 0.979592
vt 0.775510 0.979592
vt 0.795918 0.979592
vt 0.816326 0.979592
vt 0.836735 0.979592
vt 0.857143 0.979592
vt 0.877551 0.979592
vt 0.897959 0.979592
vt 0.918367 0.979592
vt 0.938775 0.979592
vt 0.959184 0.979592
vt 0.979592 0.979592
vt 1.000000 0.979592
vt 0.020408 1.000000
vt 0.000000 1.000000
vt 0.040816 1.000000
vt 0.061224 1.000000
vt 0.081633 1.000000
vt 0.102041 1.000000
vt 0.122449 1.000000
vt 0.142857 1.000000
vt 0.163265 1.000000
vt 0.183673 1.000000
vt 0.204082 1.000000
vt 0.224490 1.000000
vt 0.244898 1.000000
vt 0.265306 1.000000
vt 0.285714 1.000000
vt 0.306122 1.000000
vt 0.326531 1.000000
vt 0.346939 1.000000
vt 0.367347 1.000000
vt 0.387755 1.000000
vt 0.408163 1.000000
vt 0.428571 1.000000
vt 0.448980 1.000000
vt 0.469388 1.000000
vt 0.489796 1.000000
vt 0.510204 1.000000
vt 0.530612 1.000000
vt 0.551020 1.000000
vt 0.571429 1.000000
vt 0.591837 1.000000
vt 0.612245 1.000000
vt 0.632653 1.000000
vt 0.653061 1.000000
vt 0.673469 1.000000
vt 0.693878 1.000000
vt 0.714286 1.000000
vt 0.734694 1.000000
vt 0.755102 1.000000
vt 0.775510 1.000000
vt 0.795918 1.000000
vt 0.816326 1.000000
vt 0.836735 1.000000
vt 0.857143 1.000000
vt 0.877551 1.000000
vt 0.897959 1.000000
vt 0.918367 1.000000
vt 0.938775 1.000000
vt 0.959184 1.000000
vt 0.979592 1.000000
vt 1.000000 1.000000
s 1
f 1/1/1 2/2/2 52/3/52 51/4/51
f 2/2/2 3/5/3 53/6/53 52/3/52
f 3/5/3 4/7/4 54/8/54 53/6/53
f 4/7/4 5/9/5 55/10/55 54/8/54
f 5/9/5 6/11/6 56/12/56 55/10/55
f 6/11/6 7/13/7 57/14/57 56/12/56
f 7/13/7 8/15/8 58/16/58 57/14/57
f 8/15/8 9/17/9 59/18/59 58/16/58
f 9/17/9 10/19/10 60/20/60 59/18/59
f 10/19/10 11/21/11 61/22/61 60/20/60
f 11/21/11 12/23/12 62/24/62 61/22/61
f 12/23/12 13/25/13 63/26/63 62/24/62
f 13/25/13 14/27/14 64/28/64 63/26/63
f 14/27/14 15/29/15 65/30/65 64/28/64
f 15/29/15 16/31/16 66/32/66 65/30/65
f 16/31/16 17/33/17 67/34/67 66/32/66
f 17/33/17 18/35/18 68/36/68 67/34/67
f 18/35/18 19/37/19 69/38/69 68/36/68
f 19/37/19 20/39/20 70/40/70 69/38/69
f 20/39/20 21/41/21 71/42/71 70/40/70
f 21/41/21 22/43/22 72/44/72 71/42/71
f 22/43/22 23/45/23 73/46/73 72/44/72
f 23/45/23 24/47/24 74/48/74 73/46/73
f 24/47/24 25/49/25 75/50/75 74/48/74
f 25/49/25 26/51/26 76/52/76 75/50/75
f 26/51/26 27/53/27 77/54/77 76/52/76
f 27/53/27 28/55/28 78/56/78 77/54/77
f 28/55/28 29/57/29 79/58/79 78/56/78
f 29/57/29 30/59/30 80/60/80 79/58/79
f 30/59/30 31/61/31 81/62/81 80/60/80
f 31/61/31 32/63/32 82/64/82 81/62/81
f 32/63/32 33/65/33 83/66/83 82/64/82
f 33/65/33 34/67/34 84/68/84 83/66/83
f 34/67/34 35/69/35 85/70/85 84/68/84
f 35/69/35 36/71/36 86/72/86 85/70/85
f 36/71/36 37/73/37 87/74/87 86/72/86
f 37/73/37 38/75/38 88/76/88 87/74/87
f 38/75/38 39/77/39 89/78/89 88/76/88
f 39/77/39 40/79/40 90/80/90 89/78/89
f 40/79/40 41/81/41 91/82/91 90/80/90
f 41/81/41 42/83/42 92/84/92 91/82/91
f 42/83/42 43/85/43 93/86/93 92/84/92
f 43/85/43 44/87/44 94/88/94 93/86/93
f 44/87/44 45/89/45 95/90/95 94/88/94
f 45/89/45 46/91/46 96/92/96 95/90/95
f 46/91/46 47/93/47 97/94/97 96/92/96
f 47/93/47 48/95/48 98/96/98 97/94/97
f 48/95/48 49/97/49 99/98/99 98/96/98
f 49/97/49 50/99/50 100/100/100 99/98/99
f 51/4/51 52/3/52 102/101/102 101/102/101
f 52/3/52 53/6/53 103/103/103 102/101/102
f 53/6/53 54/8/54 104/104/104 103/103/103
f 54/8/54 55/10/55 105/105/105 104/104/104
f 55/10/55 56/12/56 106/106/106 105/105/105
f 56/12/56 57/14/57 107/107/107 106/106/106
f 57/14/57 58/16/58 108/108/108 107/107/107
f 58/16/58 59/18/59 109/109/109 108/108/108
f 59/18/59 60/20/60 110/110/110 109/109/109
f 60/20/60 61/22/61 111/111/111 110/110/110
f 61/22/61 62/24/62 112/112/112 111/111/111
f 62/24/62 63/26/63 113/113/113 112/112/112
f 63/26/63 64/28/64 114/114/114 113/113/113
f 64/28/64 65/30/65 115/115/115 114/114/114
f 65/30/65 66/32/66 116/116/116 115/115/115
f 66/32/66 67/34/67 117/117/117 116/116/116
f 67/34/67 68/36/68 118/118/118 117/117/117
f 68/36/68 69/38/69 119/119/119 118/118/118
f 69/38/69 70/40/70 120/120/120 119/119/119
f 70/40/70 71/42/71 121/121/121 120/120/120
f 71/42/71 72/44/72 122/122/122 121/121/121
f 72/44/72 73/46/73 123/123/123 122/122/122
f 73/46/73 74/48/74 124/124/124 123/123/123
f 74/48/74 75/50/75 125/125/125 124/124/124
f 75/50/75 76/52/76 126/126/126 125/125/125
f 76/52/76 77/54/77 127/127/127 126/126/126
f 77/54/77 78/56/78 128/128/128 127/127/127
f 78/56/78 79/58/79 129/129/129 128/128/128
f 79/58/79 80/60/80 130/130/130 129/129/129
f 80/60/80 81/62/81 131/131/131 130/130/130
f 81/62/81 82/64/82 132/132/132 131/131/131
f 82/64/82 83/66/83 133/133/133 132/132/132
f 83/66/83 84/68/84 134/134/134 133/133/133
f 84/68/84 85/70/85 135/135/135 134/134/134
f 85/70/85 86/72/86 136/136/136 135/135/135
f 86/72/86 87/74/87 137/137/137 136/136/136
f 87/74/87 88/76/88 138/138/138 137/137/137
f 88/76/88 89/78/89 139/139/139 138/138/138
f 89/78/89 90/80/90 140/140/140 139/139/139
f 90/80/90 91/82/91 141/141/141 140/140/140
f 91/82/91 92/84/92 142/142/142 141/141/141
f 92/84/92 93/86/93 143/143/143 142/142/142
f 93/86/93 94/88/94 144/144/144 143/143/143
f 94/88/94 95/90/95 145/145/145 144/144/144
f 95/90/95 96/92/96 146/146/146 145/145/145
f 96/92/96 97/94/97 147/147/147 146/146/146
f 97/94/97 98/96/98 148/148/148 147/147/147
f 98/96/98 99/98/99 149/149/149 148/148/148
f 99/98/99 100/100/100 150/150/150 149/149/149
f 101/102/101 102/101/102 152/151/152 151/152/151
f 102/101/102 103/103/103 153/153/153 152/151/152
f 103/103/103 104/104/104 154/154/154 153/153/153
f 104/104/104 105/105/105 155/155/155 154/154/154
f 105/105/105 106/106/106 156/156/156 155/155/155
f 106/106/106 107/107/107 157/157/157 156/156/156
f 107/107/107 108/108/108 158/158/158 157/157/157
f 108/108/108 109/109/109 159/159/159 158/158/158
f 109/109/109 110/110/110 160/160/160 159/159/159
f 110/110/110 111/111/111 161/161/161 160/160/160
f 111/111/111 112/112/112 162/162/162 161/161/161
f 112/112/112 113/113/113 163/163/163 162/162/162
f 113/113/113 114/114/114 164/164/164 163/163/163
f 114/114/114 115/115/115 165/165/165 164/164/164
f 115/115/115 116/116/116 166/166/166 165/165/165
f 116/116/116 117/117/117 167/167/167 166/166/166
f 117/117/117 118/118/118 168/168/168 167/167/167
f 118/118/118 119/119/119 169/169/169 168/168/168
f 119/119/119 120/120/120 170/170/170 169/169/169
f 120/120/120 121/121/121 171/171/171 170/170/170
f 121/121/121 122/122/122 172/172/172 171/171/171
f 122/122/122 123/123/123 173/173/173 172/172/172
f 123/123/123 124/124/124 174/174/174 173/173/173
f 124/124/124 125/125/125 175/175/175 174/174/174
f 125/125/125 126/126/126 176/176/176 175/175/175
f 126/126/126 127/127/127 177/177/177 176/176/176
f 127/127/127 128/128/128 178/178/178 177/177/177
f 128/128/128 129/129/129 179/179/179 178/178/178
f 129/129/129 130/130/130 180/180/180 179/179/179
f 130/130/130 131/131/131 181/181/181 180/180/180
f 131/131/131 132/132/132 182/182/182 181/181/181
f 132/132/132 133/133/133 183/183/183 182/182/182
f 133/133/133 134/134/134 184/184/184 183/183/183
f 134/134/134 135/135/135 185/185/185 184/184/184
f 135/135/135 136/136/136 186/186/186 185/185/185
f 136/136/136 137/137/137 187/187/187 186/186/186
f 137/137/137 138/138/138 188/188/188 187/187/187
f 138/138/138 139/139/139 189/189/189 188/188/188
f 139/139/139 140/140/140 190/190/190 189/189/189
f 140/140/140 141/141/141 191/191/191 190/190/190
f 141/141/141 142/142/142 192/192/192 191/191/191
f 142/142/142 143/143/143 193/193/193 192/192/192
f 143/143/143 144/144/144 194/194/194 193/193/193
f 144/144/144 145/145/145 195/195/195 194/194/194
f 145/145/145 146/146/146 196/196/196 195/195/195
f 146/146/146 147/147/147 197/197/197 196/196/196
f 147/147/147 148/148/148 198/198/198 197/197/197
f 148/148/148 149/149/149 199/199/199 198/198/198
f 149/149/149 150/150/150 200/200/200 199/199/199
f 151/152/151 152/151/152 202/201/202 201/202/201
f 152/151/152 153/153/153 203/203/203 202/201/202
f 153/153/153 154/154/154 204/204/204 203/203/203
f 154/154/154 155/155/155 205/205/205 204/204/204
f 155/155/155 156/156/156 206/206/206 205/205/205
f 156/156/156 157/157/157 207/207/207 206/206/206
f 157/157/157 158/158/158 208/208/208 207/207/207
f 158/158/158 159/159/159 209/209/209 208/208/208
f 159/159/159 160/160/160 210/210/210 209/209/209
f 160/160/160 161/161/161 211/211/211 210/210/210
f 161/161/161 162/162/162 212/212/212 211/211/211
f 162/162/162 163/163/163 213/213/213 212/212/212
f 163/163/163 164/164/164 214/214/214 213/213/213
f 164/164/164 165/165/165 215/215/215 214/214/214
f 165/165/165 166/166/166 216/216/216 215/215/215
f 166/166/166 167/167/167 217/217/217 216/216/216
f 167/167/167 168/168/168 218/218/218 217/217/217
f 168/168/168 169/169/169 219/219/219 218/218/218
f 169/169/169 170/170/170 220/220/220 219/219/219
f 170/170/170 171/171/171 221/221/221 220/220/220
f 171/171/171 172/172/172 222/222/222 221/221/221
f 172/172/172 173/173/173 223/223/223 222/222/222
f 173/173/173 174/174/174 224/224/224 223/223/223
f 174/174/174 175/175/175 225/225/225 224/224/224
f 175/175/175 176/176/176 226/226/226 225/225/225
f 176/176/176 177/177/177 227/227/227 226/226/226
f 177/177/177 178/178/178 228/228/228 227/227/227
f 178/178/178 179/179/179 229/229/229 228/228/228
f 179/179/179 180/180/180 230/230/230 229/229/229
f 180/180/180 181/181/181 231/231/231 230/230/230
f 181/181/181 182/182/182 232/232/232 231/231/231
f 182/182/182 183/183/183 233/233/233 232/232/232
f 183/183/183 184/184/184 234/234/234 233/233/233
f 184/184/184 185/185/185 235/235/235 234/234/234
f 185/185/185 186/186/186 236/236/236 235/235/235
f 186/186/186 187/187/187 237/237/237 236/236/236
f 187/187/187 188/188/188 238/238/238 237/237/237
f 188/188/188 189/189/189 239/239/239 238/238/238
f 189/189/189 190/190/190 240/240/240 239/239/239
f 190/190/190 191/191/191 241/241/241 240/240/240
f 191/191/191 192/192/192 242/242/242 241/241/241
f 192/192/192 193/193/193 243/243/243 242/242/242
f 193/193/193 194/194/194 244/244/244 243/243/243
f 194/194/194 195/195/195 245/245/245 244/244/244
f 195/195/195 196/196/196 246/246/246 245/245/245
f 196/196/196 197/197/197 247/247/247 246/246/246
f 197/197/197 198/198/198 248/248/248 247/247/247
f 198/198/198 199/199/199 249/249/249 248/248/248
f 199/199/199 200/200/200 250/250/250 249/249/249
f 201/202/201 202/201/202 252/251/252 251/252/251
f 202/201/202 203/203/203 253/253/253 252/251/252
f 203/203/203 204/204/204 254/254/254 253/253/253
f 204/204/204 205/205/205 255/255/255 254/254/254
f 205/205/205 206/206/206 256/256/256 255/255/255
f 206/206/206 207/207/207 257/257/257 256/256/256
f 207/207/207 208/208/208 258/258/258 257/257/257
f 208/208/208 209/209/209 259/259/259 258/258/258
f 209/209/209 210/210/210 260/260/260 259/259/259
f 210/210/210 211/211/211 261/261/261 260/260/260
f 211/211/211 212/212/212 262/262/262 261/261/261
f 212/212/212 213/213/213 263/263/263 262/262/262
f 213/213/213 214/214/214 264/264/264 263/263/263
f 214/214/214 215/215/215 265/265/265 264/264/264
f 215/215/215 216/216/216 266/266/266 265/265/265
f 216/216/216 217/217/217 267/267/267 266/266/266
f 217/217/217 218/218/218 268/268/268 267/267/267
f 218/218/218 219/219/219 269/269/269 268/268/268
f 219/219/219 220/220/220 270/270/270 269/269/269
f 220/220/220 221/221/221 271/271/271 270/270/270
f 221/221/221 222/222/222 272/272/272 271/271/271
f 222/222/222 223/223/223 273/273/273 272/272/272
f 223/223/223 224/224/224 274/274/274 273/273/273
f 224/224/224 225/225/225 275/275/275 274/274/274
f 225/225/225 226/226/226 276/276/276 275/275/275
f 226/226/226 227/227/227 277/277/277 276/276/276
f 227/227/227 228/228/228 278/278/278 277/277/277
f 228/228/228 229/229/229 279/279/279 278/278/278
f 229/229/229 230/230/230 280/280/280 279/279/279
f 230/230/230 231/231/231 281/281/281 280/280/280
f 231/231/231 232/232/232 282/282/282 281/281/281
f 232/232/232 233/233/233 283/283/283 282/282/282
f 233/233/233 234/234/234 284/284/284 283/283/283
f 234/234/234 235/235/235 285/285/285 284/284/284
f 235/235/235 236/236/236 286/286/286 285/285/285
f 236/236/236 237/237/237 287/287/287 286/286/286
f 237/237/237 238/238/238 288/288/288 287/287/287
f 238/238/238 239/239/239 289/289/289 288/288/288
f 239/239/239 240/240/240 290/290/290 289/289/289
f 240/240/240 241/241/241 291/291/291 290/290/290
f 241/241/241 242/242/242 292/292/292 291/291/291
f 242/242/242 243/243/243 293/293/293 292/292/292
f 243/243/243 244/244/244 294/294/294 293/293/293
f 244/244/244 245/245/245 295/295/295 294/294/294
f 245/245/245 246/246/246 296/296/296 295/295/295
f 246/246/246 247/247/247 297/297/297 296/296/296
f 247/247/247 248/248/248 298/298/298 297/297/297
f 248/248/248 249/249/249 299/299/299 298/298/298
f 249/249/249 250/250/250 300/300/300 299/299/299
f 251/252/251 252/251/252 302/301/302 301/302/301
f 252/251/252 253/253/253 303/303/303 302/301/302
f 253/253/253 254/254/254 304/304/304 303/303/303
f 254/254/254 255/255/255 305/305/305 304/304/304
f 255/255/255 256/256/256 306/306/306 305/305/305
f 256/256/256 257/257/257 307/307/307 306/306/306
f 257/257/257 258/258/258 308/308/308 307/307/307
f 258/258/258 259/259/259 309/309/309 308/308/308
f 259/259/259 260/260/260 310/310/310 309/309/309
f 260/260/260 261/261/261 311/311/311 310/310/310
f 261/261/261 262/262/262 312/312/312 311/311/311
f 262/262/262 263/263/263 313/313/313 312/312/312
f 263/263/263 264/264/264 314/314/314 313/313/313
f 264/264/264 265/265/265 315/315/315 314/314/314
f 265/265/265 266/266/266 316/316/316 315/315/315
f 266/266/266 267/267/267 317/317/317 316/316/316
f 267/267/267 268/268/268 318/318/318 317/317/317
f 268/268/268 269/269/269 319/319/319 318/318/318
f 269/269/269 270/270/270 320/320/320 319/319/319
f 270/270/270 271/271/271 321/321/321 320/320/320
f 271/271/271 272/272/272 322/322/322 321/321/321
f 272/272/272 273/273/273 323/323/323 322/322/322
f 273/273/273 274/274/274 324/324/324 323/323/323
f 274/274/274 275/275/275 325/325/325 324/324/324
f 275/275/275 276/276/276 326/326/326 325/325/325
f 276/276/276 277/277/277 327/327/327 326/326/326
f 277/277/277 278/278/278 328/328/328 327/327/327
f 278/278/278 279/279/279 329/329/329 328/328/328
f 279/279/279 280/280/280 330/330/330 329/329/329
f 280/280/280 281/281/281 331/331/331 330/330/330
f 281/281/281 282/282/282 332/332/332 331/331/331
f 282/282/282 283/283/283 333/333/333 332/332/332
f 283/283/283 284/284/284 334/334/334 333/333/333
f 284/284/284 285/285/285 335/335/335 334/334/334
f 285/285/285 286/286/286 336/336/336 335/335/335
f 286/286/286 287/287/287 337/337/337 336/336/336
f 287/287/287 288/288/288 338/338/338 337/337/337
f 288/288/288 289/289/289 339/339/339 338/338/338
f 289/289/289 290/290/290 340/340/340 339/339/339
f 290/290/290 291/291/291 341/341/341 340/340/340
f 291/291/291 292/292/292 342/342/342 341/341/341
f 292/292/292 293/293/293 343/343/343 342/342/342
f 293/293/293 294/294/294 344/344/344 343/343/343
f 294/294/294 295/295/295 345/345/345 344/344/344
f 295/295/295 296/296/296 346/346/346 345/345/345
f 296/296/296 297/297/297 347/347/347 346/346/346
f 297/297/297 298/298/298 348/348/348 347/347/347
f 298/298/298 299/299/299 349/349/349 348/348/348
f 299/299/299 300/300/300 350/350/350 349/349/349
f 301/302/301 302/301/302 352/351/352 351/352/351
f 302/301/302 303/303/303 353/353/353 352/351/352
f 303/303/303 304/304/304 354/354/354 353/353/353
f 304/304/304 305/305/305 355/355/355 354/354/354
f 305/305/305 306/306/306 356/356/356 355/355/355
f 306/306/306 307/307/307 357/357/357 356/356/356
f 307/307/307 308/308/308 358/358/358 357/357/357
f 308/308/308 309/309/309 359/359/359 358/358/358
f 309/309/309 310/310/310 360/360/360 359/359/359
f 310/310/310 311/311/311 361/361/361 360/360/360
f 311/311/311 312/312/312 362/362/362 361/361/361
f 312/312/312 313/313/313 363/363/363 362/362/362
f 313/313/313 314/314/314 364/364/364 363/363/363
f 314/314/314 315/315/315 365/365/365 364/364/364
f 315/315/315 316/316/316 366/366/366 365/365/365
f 316/316/316 317/317/317 367/367/367 366/366/366
f 317/317/317 318/318/318 368/368/368 367/367/367
f 318/318/318 319/319/319 369/369/369 368/368/368
f 319/319/319 320/320/320 370/370/370 369/369/369
f 320/320/320 321/321/321 371/371/371 370/370/370
f 321/321/321 322/322/322 372/372/372 371/371/371
f 322/322/322 323/323/323 373/373/373 372/372/372
f 323/323/323 324/324/324 374/374/374 373/373/373
f 324/324/324 325/325/325 375/375/375 374/374/374
f 325/325/325 326/326/326 376/376/376 375/375/375
f 326/326/326 327/327/327 377/377/377 376/376/376
f 327/327/327 328/328/328 378/378/378 377/377/377
f 328/328/328 329/329/329 379/379/379 378/378/378
f 329/329/329 330/330/330 380/380/380 379/379/379
f 330/330/330 331/331/331 381/381/381 380/380/380
f 331/331/331 332/332/332 382/382/382 381/381/381
f 332/332/332 333/333/333 383/383/383 382/382/382
f 333/333/333 334/334/334 384/384/384 383/383/383
f 334/334/334 335/335/335 385/385/385 384/384/384
f 335/335/335 336/336/336 386/386/386 385/385/385
f 336/336/336 337/337/337 387/387/387 386/386/386
f 337/337/337 338/338/338 388/388/388 387/387/387
f 338/338/338 339/339/339 389/389/389 388/388/388
f 339/339/339 340/340/340 390/390/390 389/389/389
f 340/340/340 341/341/341 391/391/391 390/390/390
f 341/341/341 342/342/342 392/392/392 391/391/391
f 342/342/342 343/343/343 393/393/393 392/392/392
f 343/343/343 344/344/344 394/394/394 393/393/393
f 344/344/344 345/345/345 395/395/395 394/394/394
f 345/345/345 346/346/346 396/396/396 395/395/395
f 346/346/346 347/347/347 397/397/397 396/396/396
f 347/347/347 348/348/348 398/398/398 397/397/397
f 348/348/348 349/349/349 399/399/399 398/398/398
f 349/349/349 350/350/350 400/400/400 399/399/399
f 351/352/351 352/351/352 402/401/402 401/402/401
f 352/351/352 353/353/353 403/403/403 402/401/402
f 353/353/353 354/354/354 404/404/404 403/403/403
f 354/354/354 355/355/355 405/405/405 404/404/404
f 355/355/355 356/356/356 406/406/406 405/405/405
f 356/356/356 357/357/357 407/407/407 406/406/406
f 357/357/357 358/358/358 408/408/408 407/407/407
f 358/358/358 359/359/359 409/409/409 408/408/408
f 359/359/359 360/360/360 410/410/410 409/409/409
f 360/360/360 361/361/361 411/411/411 410/410/410
f 361/361/361 362/362/362 412/412/412 411/411/411
f 362/362/362 363/363/363 413/413/413 412/412/412
f 363/363/363 364/364/364 414/414/414 413/413/413
f 364/364/364 365/365/365 415/415/415 414/414/414
f 365/365/365 366/366/366 416/416/416 415/415/415
f 366/366/366 367/367/367 417/417/417 416/416/416
f 367/367/367 368/368/368 418/418/418 417/417/417
f 368/368/368 369/369/369 419/419/419 418/418/418
f 369/369/369 370/370/370 420/420/420 419/419/419
f 370/370/370 371/371/371 421/421/421 420/420/420
f 371/371/371 372/372/372 422/422/422 421/421/421
f 372/372/372 373/373/373 423/423/423 422/422/422
f 373/373/373 374/374/374 424/424/424 423/423/423
f 374/374/374 375/375/375 425/425/425 424/424/424
f 375/375/375 376/376/376 426/426/426 425/425/425
f 376/376/376 377/377/377 427/427/427 426/426/426
f 377/377/377 378/378/378 428/428/428 427/427/427
f 378/378/378 379/379/379 429/429/429 428/428/428
f 379/379/379 380/380/380 430/430/430 429/429/429
f 380/380/380 381/381/381 431/431/431 430/430/430
f 381/381/381 382/382/382 432/432/432 431/431/431
f 382/382/382 383/383/383 433/433/433 432/432/432
f 383/383/383 384/384/384 434/434/434 433/433/433
f 384/384/384 385/385/385 435/435/435 434/434/434
f 385/385/385 386/386/386 436/436/436 435/435/435
f 386/386/386 387/387/387 437/437/437 436/436/436
f 387/387/387 388/388/388 438/438/438 437/437/437
f 388/388/388 389/389/389 439/439/439 438/438/438
f 389/389/389 390/390/390 440/440/440 439/439/439
f 390/390/390 391/391/391 441/441/441 440/440/440
f 391/391/391 392/392/392 442/442/442 441/441/441
f 392/392/392 393/393/393 443/443/443 442/442/442
f 393/393/393 394/394/394 444/444/444 443/443/443
f 394/394/394 395/395/395 445/445/445 444/444/444
f 395/395/395 396/396/396 446/446/446 445/445/445
f 396/396/396 397/397/397 447/447/447 446/446/446
f 397/397/397 398/398/398 448/448/448 447/447/447
f 398/398/398 399/399/399 449/449/449 448/448/448
f 399/399/399 400/400/400 450/450/450 449/449/449
f 401/402/401 402/401/402 452/451/452 451/452/451
f 402/401/402 403/403/403 453/453/453 452/451/452
f 403/403/403 404/404/404 454/454/454 453/453/453
f 404/404/404 405/405/405 455/455/455 454/454/454
f 405/405/405 406/406/406 456/456/456 455/455/455
f 406/406/406 407/407/407 457/457/457 456/456/456
f 407/407/407 408/408/408 458/458/458 457/457/457
f 408/408/408 409/409/409 459/459/459 458/458/458
f 409/409/409 410/410/410 460/460/460 459/459/459
f 410/410/410 411/411/411 461/461/461 460/460/460
f 411/411/411 412/412/412 462/462/462 461/461/461
f 412/412/412 413/413/413 463/463/463 462/462/462
f 413/413/413 414/414/414 464/464/464 463/463/463
f 414/414/414 415/415/415 465/465/465 464/464/464
f 415/415/415 416/416/416 466/466/466 465/465/465
f 416/416/416 417/417/417 467/467/467 466/466/466
f 417/417/417 418/418/418 468/468/468 467/467/467
f 418/418/418 419/419/419 469/469/469 468/468/468
f 419/419/419 420/420/420 470/470/470 469/469/469
f 420/420/420 421/421/421 471/471/471 470/470/470
f 421/421/421 422/422/422 472/472/472 471/471/471
f 422/422/422 423/423/423 473/473/473 472/472/472
f 423/423/423 424/424/424 474/474/474 473/473/473
f 424/424/424 425/425/425 475/475/475 474/474/474
f 425/425/425 426/426/426 476/476/476 475/475/475
f 426/426/426 427/427/427 477/477/477 476/476/476
f 427/427/427 428/428/428 478/478/478 477/477/477
f 428/428/428 429/429/429 479/479/479 478/478/478
f 429/429/429 430/430/430 480/480/480 479/479/479
f 430/430/430 431/431/431 481/481/481 480/480/480
f 431/431/431 432/432/432 482/482/482 481/481/481
f 432/432/432 433/433/433 483/483/483 482/482/482
f 433/433/433 434/434/434 484/484/484 483/483/483
f 434/434/434 435/435/435 485/485/485 484/484/484
f 435/435/435 436/436/436 486/486/486 485/485/485
f 436/436/436 437/437/437 487/487/487 486/486/486
f 437/437/437 438/438/438 488/488/488 487/487/487
f 438/438/438 439/439/439 489/489/489 488/488/488
f 439/439/439 440/440/440 490/490/490 489/489/489
f 440/440/440 441/441/441 491/491/491 490/490/490
f 441/441/441 442/442/442 492/492/492 491/491/491
f 442/442/442 443/443/443 493/493/493 492/492/492
f 443/443/443 444/444/444 494/494/494 493/493/493
f 444/444/444 445/445/445 495/495/495 494/494/494
f 445/445/445 446/446/446 496/496/496 495/495/495
f 446/446/446 447/447/447 497/497/497 496/496/496
f 447/447/447 448/448/448 498/498/498 497/497/497
f 448/448/448 449/449/449 499/499/499 498/498/498
f 449/449/449 450/450/450 500/500/500 499/499/499
f 451/452/451 452/451/452 502/501/502 501/502/501
f 452/451/452 453/453/453 503/503/503 502/501/502
f 453/453/453 454/454/454 504/504/504 503/503/503
f 454/454/454 455/455/455 505/505/505 504/504/504
f 455/455/455 456/456/456 506/506/506 505/505/505
f 456/456/456 457/457/457 507/507/507 506/506/506
f 457/457/457 458/458/458 508/508/508 507/507/507
f 458/458/458 459/459/459 509/509/509 508/508/508
f 459/459/459 460/460/460 510/510/510 509/509/509
f 460/460/460 461/461/461 511/511/511 510/510/510
f 461/461/461 462/462/462 512/512/512 511/511/511
f 462/462/462 463/463/463 513/513/513 512/512/512
f 463/463/463 464/464/464 514/514/514 513/513/513
f 464/464/464 465/465/465 515/515/515 514/514/514
f 465/465/465 466/466/466 516/516/516 515/515/515
f 466/466/466 467/467/467 517/517/517 516/516/516
f 467/467/467 468/468/468 518/518/518 517/517/517
f 468/468/468 469/469/469 519/519/519 518/518/518
f 469/469/469 470/470/470 520/520/520 519/519/519
f 470/470/470 471/471/471 521/521/521 520/520/520
f 471/471/471 472/472/472 522/522/522 521/521/521
f 472/472/472 473/473/473 523/523/523 522/522/522
f 473/473/473 474/474/474 524/524/524 523/523/523
f 474/474/474 475/475/475 525/525/525 524/524/524
f 475/475/475 476/476/476 526/526/526 525/525/525
f 476/476/476 477/477/477 527/527/527 526/526/526
f 477/477/477 478/478/478 528/528/528 527/527/527
f 478/478/478 479/479/479 529/529/529 528/528/528
f 479/479/479 480/480/480 530/530/530 529/529/529
f 480/480/480 481/481/481 531/531/531 530/530/530
f 481/481/481 482/482/482 532/532/532 531/531/531
f 482/482/482 483/483/483 533/533/533 532/532/532
f 483/483/483 484/484/484 534/534/534 533/533/533
f 484/484/484 485/485/485 535/535/535 534/534/534
f 485/485/485 486/486/486 536/536/536 535/535/535
f 486/486/486 487/487/487 537/537/537 536/536/536
f 487/487/487 488/488/488 538/538/538 537/537/537
f 488/488/488 489/489/489 539/539/539 538/538/538
f 489/489/489 490/490/490 540/540/540 539/539/539
f 490/490/490 491/491/491 541/541/541 540/540/540
f 491/491/491 492/492/492 542/542/542 541/541/541
f 492/492/492 493/493/493 543/543/543 542/542/542
f 493/493/493 494/494/494 544/544/544 543/543/543
f 494/494/494 495/495/495 545/545/545 544/544/544
f 495/495/495 496/496/496 546/546/546 545/545/545
f 496/496/496 497/497/497 547/547/547 546/546/546
f 497/497/497 498/498/498 548/548/548 547/547/547
f 498/498/498 499/499/499 549/549/549 548/548/548
f 499/499/499 500/500/500 550/550/550 549/549/549
f 501/502/501 502/501/502 552/551/552 551/552/551
f 502/501/502 503/503/503 553/553/553 552/551/552
f 503/503/503 504/504/504 554/554/554 553/553/553
f 504/504/504 505/505/505 555/555/555 554/554/554
f 505/505/505 506/506/506 556/556/556 555/555/555
f 506/506/506 507/507/507 557/557/557 556/556/556
f 507/507/507 508/508/508 558/558/558 557/557/557
f 508/508/508 509/509/509 559/559/559 558/558/558
f 509/509/509 510/510/510 560/560/560 559/559/559
f 510/510/510 511/511/511 561/561/561 560/560/560
f 511/511/511 512/512/512 562/562/562 561/561/561
f 512/512/512 513/513/513 563/563/563 562/562/562
f 513/513/513 514/514/514 564/564/564 563/563/563
f 514/514/514 515/515/515 565/565/565 564/564/564
f 515/515/515 516/516/516 566/566/566 565/565/565
f 516/516/516 517/517/517 567/567/567 566/566/566
f 517/517/517 518/518/518 568/568/568 567/567/567
f 518/518/518 519/519/519 569/569/569 568/568/568
f 519/519/519 520/520/520 570/570/570 569/569/569
f 520/520/520 521/521/521 571/571/571 570/570/570
f 521/521/521 522/522/522 572/572/572 571/571/571
f 522/522/522 523/523/523 573/573/573 572/572/572
f 523/523/523 524/524/524 574/574/574 573/573/573
f 524/524/524 525/525/525 575/575/575 574/574/574
f 525/525/525 526/526/526 576/576/576 575/575/575
f 526/526/526 527/527/527 577/577/577 576/576/576
f 527/527/527 528/528/528 578/578/578 577/577/577
f 528/528/528 529/529/529 579/579/579 578/578/578
f 529/529/529 530/530/530 580/580/580 579/579/579
f 530/530/530 531/531/531 581/581/581 580/580/580
f 531/531/531 532/532/532 582/582/582 581/581/581
f 532/532/532 533/533/533 583/583/583 582/582/582
f 533/533/533 534/534/534 584/584/584 583/583/583
f 534/534/534 535/535/535 585/585/585 584/584/584
f 535/535/535 536/536/536 586/586/586 585/585/585
f 536/536/536 537/537/537 587/587/587 586/586/586
f 537/537/537 538/538/538 588/588/588 587/587/587
f 538/538/538 539/539/539 589/589/589 588/588/588
f 539/539/539 540/540/540 590/590/590 589/589/589
f 540/540/540 541/541/541 591/591/591 590/590/590
f 541/541/541 542/542/542 592/592/592 591/591/591
f 542/542/542 543/543/543 593/593/593 592/592/592
f 543/543/543 544/544/544 594/594/594 593/593/593
f 544/544/544 545/545/545 595/595/595 594/594/594
f 545/545/545 546/546/546 596/596/596 595/595/595
f 546/546/546 547/547/547 597/597/597 596/596/596
f 547/547/547 548/548/548 598/598/598 597/597/597
f 548/548/548 549/549/549 599/599/599 598/598/598
f 549/549/549 550/550/550 600/600/600 599/599/599
f 551/552/551 552/551/552 602/601/602 601/602/601
f 552/551/552 553/553/553 603/603/603 602/601/602
f 553/553/553 554/554/554 604/604/604 603/603/603
f 554/554/554 555/555/555 605/605/605 604/604/604
f 555/555/555 556/556/556 606/606/606 605/605/605
f 556/556/556 557/557/557 607/607/607 606/606/606
f 557/557/557 558/558/558 608/608/608 607/607/607
f 558/558/558 559/559/559 609/609/609 608/608/608
f 559/559/559 560/560/560 610/610/610 609/609/609
f 560/560/560 561/561/561 611/611/611 610/610/610
f 561/561/561 562/562/562 612/612/612 611/611/611
f 562/562/562 563/563/563 613/613/613 612/612/612
f 563/563/563 564/564/564 614/614/614 613/613/613
f 564/564/564 565/565/565 615/615/615 614/614/614
f 565/565/565 566/566/566 616/616/616 615/615/615
f 566/566/566 567/567/567 617/617/617 616/616/616
f 567/567/567 568/568/568 618/618/618 617/617/617
f 568/568/568 569/569/569 619/619/619 618/618/618
f 569/569/569 570/570/570 620/620/620 619/619/619
f 570/570/570 571/571/571 621/621/621 620/620/620
f 571/571/571 572/572/572 622/622/622 621/621/621
f 572/572/572 573/573/573 623/623/623 622/622/622
f 573/573/573 574/574/574 624/624/624 623/623/623
f 574/574/574 575/575/575 625/625/625 624/624/624
f 575/575/575 576/576/576 626/626/626 625/625/625
f 576/576/576 577/577/577 627/627/627 626/626/626
f 577/577/577 578/578/578 628/628/628 627/627/627
f 578/578/578 579/579/579 629/629/629 628/628/628
f 579/579/579 580/580/580 630/630/630 629/629/629
f 580/580/580 581/581/581 631/631/631 630/630/630
f 581/581/581 582/582/582 632/632/632 631/631/631
f 582/582/582 583/583/583 633/633/633 632/632/632
f 583/583/583 584/584/584 634/634/634 633/633/633
f 584/584/584 585/585/585 635/635/635 634/634/634
f 585/585/585 586/586/586 636/636/636 635/635/635
f 586/586/586 587/587/587 637/637/637 636/636/636
f 587/587/587 588/588/588 638/638/638 637/637/637
f 588/588/588 589/589/589 639/639/639 638/638/638
f 589/589/589 590/590/590 640/640/640 639/639/639
f 590/590/590 591/591/591 641/641/641 640/640/640
f 591/591/591 592/592/592 642/642/642 641/641/641
f 592/592/592 593/593/593 643/643/643 642/642/642
f 593/593/593 594/594/594 644/644/644 643/643/643
f 594/594/594 595/595/595 645/645/645 644/644/644
f 595/595/595 596/596/596 646/646/646 645/645/645
f 596/596/596 597/597/597 647/647/647 646/646/646
f 597/597/597 598/598/598 648/648/648 647/647/647
f 598/598/598 599/599/599 649/649/649 648/648/648
f 599/599/599 600/600/600 650/650/650 649/649/649
f 601/602/601 602/601/602 652/651/652 651/652/651
f 602/601/602 603/603/603 653/653/653 652/651/652
f 603/603/603 604/604/604 654/654/654 653/653/653
f 604/604/604 605/605/605 655/655/655 654/654/654
f 605/605/605 606/606/606 656/656/656 655/655/655
f 606/606/606 607/607/607 657/657/657 656/656/656
f 607/607/607 608/608/608 658/658/658 657/657/657
f 608/608/608 609/609/609 659/659/659 658/658/658
f 609/609/609 610/610/610 660/660/660 659/659/659
f 610/610/610 611/611/611 661/661/661 660/660/660
f 611/611/611 612/612/612 662/662/662 661/661/661
f 612/612/612 613/613/613 663/663/663 662/662/662
f 613/613/613 614/614/614 664/664/664 663/663/663
f 614/614/614 615/615/615 665/665/665 664/664/664
f 615/615/615 616/616/616 666/666/666 665/665/665
f 616/616/616 617/617/617 667/667/667 666/666/666
f 617/617/617 618/618/618 668/668/668 667/667/667
f 618/618/618 619/619/619 669/669/669 668/668/668
f 619/619/619 620/620/620 670/670/670 669/669/669
f 620/620/620 621/621/621 671/671/671 670/670/670
f 621/621/621 622/622/622 672/672/672 671/671/671
f 622/622/622 623/623/623 673/673/673 672/672/672
f 623/623/623 624/624/624 674/674/674 673/673/673
f 624/624/624 625/625/625 675/675/675 674/674/674
f 625/625/625 626/626/626 676/676/676 675/675/675
f 626/626/626 627/627/627 677/677/677 676/676/676
f 627/627/627 628/628/628 678/678/678 677/677/677
f 628/628/628 629/629/629 679/679/679 678/678/678
f 629/629/629 630/630/630 680/680/680 679/679/679
f 630/630/630 631/631/631 681/681/681 680/680/680
f 631/631/631 632/632/632 682/682/682 681/681/681
f 632/632/632 633/633/633 683/683/683 682/682/682
f 633/633/633 634/634/634 684/684/684 683/683/683
f 634/634/634 635/635/635 685/685/685 684/684/684
f 635/635/635 636/636/636 686/686/686 685/685/685
f 636/636/636 637/637/637 687/687/687 686/686/686
f 637/637/637 638/638/638 688/688/688 687/687/687
f 638/638/638 639/639/639 689/689/689 688/688/688
f 639/639/639 640/640/640 690/690/690 689/689/689
f 640/640/640 641/641/641 691/691/691 690/690/690
f 641/641/641 642/642/642 692/692/692 691/691/691
f 642/642/642 643/643/643 693/693/693 692/692/692
f 643/643/643 644/644/644 694/694/694 693/693/693
f 644/644/644 645/645/645 695/695/695 694/694/694
f 645/645/645 646/646/646 696/696/696 695/695/695
f 646/646/646 647/647/647 697/697/697 696/696/696
f 647/647/647 648/648/648 698/698/698 697/697/697
f 648/648/648 649/649/649 699/699/699 698/698/698
f 649/649/649 650/650/650 700/700/700 699/699/699
f 651/652/651 652/651/652 702/701/702 701/702/701
f 652/651/652 653/653/653 703/703/703 702/701/702
f 653/653/653 654/654/654 704/704/704 703/703/703
f 654/654/654 655/655/655 705/705/705 704/704/704
f 655/655/655 656/656/656 706/706/706 705/705/705
f 656/656/656 657/657/657 707/707/707 706/706/706
f 657/657/657 658/658/658 708/708/708 707/707/707
f 658/658/658 659/659/659 709/709/709 708/708/708
f 659/659/659 660/660/660 710/710/710 709/709/709
f 660/660/660 661/661/661 711/711/711 710/710/710
f 661/661/661 662/662/662 712/712/712 711/711/711
f 662/662/662 663/663/663 713/713/713 712/712/712
f 663/663/663 664/664/664 714/714/714 713/713/713
f 664/664/664 665/665/665 715/715/715 714/714/714
f 665/665/665 666/666/666 716/716/716 715/715/715
f 666/666/666 667/667/667 717/717/717 716/716/716
f 667/667/667 668/668/668 718/718/718 717/717/717
f 668/668/668 669/669/669 719/719/719 718/718/718
f 669/669/669 670/670/670 720/720/720 719/719/719
f 670/670/670 671/671/671 721/721/721 720/720/720
f 671/671/671 672/672/672 722/722/722 721/721/721
f 672/672/672 673/673/673 723/723/723 722/722/722
f 673/673/673 674/674/674 724/724/724 723/723/723
f 674/674/674 675/675/675 725/725/725 724/724/724
f 675/675/675 676/676/676 726/726/726 725/725/725
f 676/676/676 677/677/677 727/727/727 726/726/726
f 677/677/677 678/678/678 728/728/728 727/727/727
f 678/678/678 679/679/679 729/729/729 728/728/728
f 679/679/679 680/680/680 730/730/730 729/729/729
f 680/680/680 681/681/681 731/731/731 730/730/730
f 681/681/681 682/682/682 732/732/732 731/731/731
f 682/682/682 683/683/683 733/733/733 732/732/732
f 683/683/683 684/684/684 734/734/734 733/733/733
f 684/684/684 685/685/685 735/735/735 734/734/734
f 685/685/685 686/686/686 736/736/736 735/735/735
f 686/686/686 687/687/687 737/737/737 736/736/736
f 687/687/687 688/688/688 738/738/738 737/737/737
f 688/688/688 689/689/689 739/739/739 738/738/738
f 689/689/689 690/690/690 740/740/740 739/739/739
f 690/690/690 691/691/691 741/741/741 740/740/740
f 691/691/691 692/692/692 742/742/742 741/741/741
f 692/692/692 693/693/693 743/743/743 742/742/742
f 693/693/693 694/694/694 744/744/744 743/743/743
f 694/694/694 695/695/695 745/745/745 744/744/744
f 695/695/695 696/696/696 746/746/746 745/745/745
f 696/696/696 697/697/697 747/747/747 746/746/746
f 697/697/697 698/698/698 748/748/748 747/747/747
f 698/698/698 699/699/699 749/749/749 748/748/748
f 699/699/699 700/700/700 750/750/750 749/749/749
f 701/702/701 702/701/702 752/751/752 751/752/751
f 702/701/702 703/703/703 753/753/753 752/751/752
f 703/703/703 704/704/704 754/754/754 753/753/753
f 704/704/704 705/705/705 755/755/755 754/754/754
f 705/705/705 706/706/706 756/756/756 755/755/755
f 706/706/706 707/707/707 757/757/757 756/756/756
f 707/707/707 708/708/708 758/758/758 757/757/757
f 708/708/708 709/709/709 759/759/759 758/758/758
f 709/709/709 710/710/710 760/760/760 759/759/759
f 710/710/710 711/711/711 761/761/761 760/760/760
f 711/711/711 712/712/712 762/762/762 761/761/761
f 712/712/712 713/713/713 763/763/763 762/762/762
f 713/713/713 714/714/714 764/764/764 763/763/763
f 714/714/714 715/715/715 765/765/765 764/764/764
f 715/715/715 716/716/716 766/766/766 765/765/765
f 716/716/716 717/717/717 767/767/767 766/766/766
f 717/717/717 718/718/718 768/768/768 767/767/767
f 718/718/718 719/719/719 769/769/769 768/768/768
f 719/719/719 720/720/720 770/770/770 769/769/769
f 720/720/720 721/721/721 771/771/771 770/770/770
f 721/721/721 722/722/722 772/772/772 771/771/771
f 722/722/722 723/723/723 773/773/773 772/772/772
f 723/723/723 724/724/724 774/774/774 773/773/773
f 724/724/724 725/725/725 775/775/775 774/774/774
f 725/725/725 726/726/726 776/776/776 775/775/775
f 726/726/726 727/727/727 777/777/777 776/776/776
f 727/727/727 728/728/728 778/778/778 777/777/777
f 728/728/728 729/729/729 779/779/779 778/778/778
f 729/729/729 730/730/730 780/780/780 779/779/779
f 730/730/730 731/731/731 781/781/781 780/780/780
f 731/731/731 732/732/732 782/782/782 781/781/781
f 732/732/732 733/733/733 783/783/783 782/782/782
f 733/733/733 734/734/734 784/784/784 783/783/783
f 734/734/734 735/735/735 785/785/785 784/784/784
f 735/735/735 736/736/736 786/786/786 785/785/785
f 736/736/736 737/737/737 787/787/787 786/786/786
f 737/737/737 738/738/738 788/788/788 787/787/787
f 738/738/738 739/739/739 789/789/789 788/788/788
f 739/739/739 740/740/740 790/790/790 789/789/789
f 740/740/740 741/741/741 791/791/791 790/790/790
f 741/741/741 742/742/742 792/792/792 791/791/791
f 742/742/742 743/743/743 793/793/793 792/792/792
f 743/743/743 744/744/744 794/794/794 793/793/793
f 744/744/744 745/745/745 795/795/795 794/794/794
f 745/745/745 746/746/746 796/796/796 795/795/795
f 746/746/746 747/747/747 797/797/797 796/796/796
f 747/747/747 748/748/748 798/798/798 797/797/797
f 748/748/748 749/749/749 799/799/799 798/798/798
f 749/749/749 750/750/750 800/800/800 799/799/799
f 751/752/751 752/751/752 802/801/802 801/802/801
f 752/751/752 753/753/753 803/803/803 802/801/802
f 753/753/753 754/754/754 804/804/804 803/803/803
f 754/754/754 755/755/755 805/805/805 804/804/804
f 755/755/755 756/756/756 806/806/806 805/805/805
f 756/756/756 757/757/757 807/807/807 806/806/806
f 757/757/757 758/758/758 808/808/808 807/807/807
f 758/758/758 759/759/759 809/809/809 808/808/808
f 759/759/759 760/760/760 810/810/810 809/809/809
f 760/760/760 761/761/761 811/811/811 810/810/810
f 761/761/761 762/762/762 812/812/812 811/811/811
f 762/762/762 763/763/763 813/813/813 812/812/812
f 763/763/763 764/764/764 814/814/814 813/813/813
f 764/764/764 765/765/765 815/815/815 814/814/814
f 765/765/765 766/766/766 816/816/816 815/815/815
f 766/766/766 767/767/767 817/817/817 816/816/816
f 767/767/767 768/768/768 818/818/818 817/817/817
f 768/768/768 769/769/769 819/819/819 818/818/818
f 769/769/769 770/770/770 820/820/820 819/819/819
f 770/770/770 771/771/771 821/821/821 820/820/820
f 771/771/771 772/772/772 822/822/822 821/821/821
f 772/772/772 773/773/773 823/823/823 822/822/822
f 773/773/773 774/774/774 824/824/824 823/823/823
f 774/774/774 775/775/775 825/825/825 824/824/824
f 775/775/775 776/776/776 826/826/826 825/825/825
f 776/776/776 777/777/777 827/827/827 826/826/826
f 777/777/777 778/778/778 828/828/828 827/827/827
f 778/778/778 779/779/779 829/829/829 828/828/828
f 779/779/779 780/780/780 830/830/830 829/829/829
f 780/780/780 781/781/781 831/831/831 830/830/830
f 781/781/781 782/782/782 832/832/832 831/831/831
f 782/782/782 783/783/783 833/833/833 832/832/832
f 783/783/783 784/784/784 834/834/834 833/833/833
f 784/784/784 785/785/785 835/835/835 834/834/834
f 785/785/785 786/786/786 836/836/836 835/835/835
f 786/786/786 787/787/787 837/837/837 836/836/836
f 787/787/787 788/788/788 838/838/838 837/837/837
f 788/788/788 789/789/789 839/839/839 838/838/838
f 789/789/789 790/790/790 840/840/840 839/839/839
f 790/790/790 791/791/791 841/841/841 840/840/840
f 791/791/791 792/792/792 842/842/842 841/841/841
f 792/792/792 793/793/793 843/843/843 842/842/842
f 793/793/793 794/794/794 844/844/844 843/843/843
f 794/794/794 795/795/795 845/845/845 844/844/844
f 795/795/795 796/796/796 846/846/846 845/845/845
f 796/796/796 797/797/797 847/847/847 846/846/846
f 797/797/797 798/798/798 848/848/848 847/847/847
f 798/798/798 799/799/799 849/849/849 848/848/848
f 799/799/799 800/800/800 850/850/850 849/849/849
f 801/802/801 802/801/802 852/851/852 851/852/851
f 802/801/802 803/803/803 853/853/853 852/851/852
f 803/803/803 804/804/804 854/854/854 853/853/853
f 804/804/804 805/805/805 855/855/855 854/854/854
f 805/805/805 806/806/806 856/856/856 855/855/855
f 806/806/806 807/807/807 857/857/857 856/856/856
f 807/807/807 808/808/808 858/858/858 857/857/857
f 808/808/808 809/809/809 859/859/859 858/858/858
f 809/809/809 810/810/810 860/860/860 859/859/859
f 810/810/810 811/811/811 861/861/861 860/860/860
f 811/811/811 812/812/812 862/862/862 861/861/861
f 812/812/812 813/813/813 863/863/863 862/862/862
f 813/813/813 814/814/814 864/864/864 863/863/863
f 814/814/814 815/815/815 865/865/865 864/864/864
f 815/815/815 816/816/816 866/866/866 865/865/865
f 816/816/816 817/817/817 867/867/867 866/866/866
f 817/817/817 818/818/818 868/868/868 867/867/867
f 818/818/818 819/819/819 869/869/869 868/868/868
f 819/819/819 820/820/820 870/870/870 869/869/869
f 820/820/820 821/821/821 871/871/871 870/870/870
f 821/821/821 822/822/822 872/872/872 871/871/871
f 822/822/822 823/823/823 873/873/873 872/872/872
f 823/823/823 824/824/824 874/874/874 873/873/873
f 824/824/824 825/825/825 875/875/875 874/874/874
f 825/825/825 826/826/826 876/876/876 875/875/875
f 826/826/826 827/827/827 877/877/877 876/876/876
f 827/827/827 828/828/828 878/878/878 877/877/877
f 828/828/828 829/829/829 879/879/879 878/878/878
f 829/829/829 830/830/830 880/880/880 879/879/879
f 830/830/830 831/831/831 881/881/881 880/880/880
f 831/831/831 832/832/832 882/882/882 881/881/881
f 832/832/832 833/833/833 883/883/883 882/882/882
f 833/833/833 834/834/834 884/884/884 883/883/883
f 834/834/834 835/835/835 885/885/885 884/884/884
f 835/835/835 836/836/836 886/886/886 885/885/885
f 836/836/836 837/837/837 887/887/887 886/886/886
f 837/837/837 838/838/838 888/888/888 887/887/887
f 838/838/838 839/839/839 889/889/889 888/888/888
f 839/839/839 840/840/840 890/890/890 889/889/889
f 840/840/840 841/841/841 891/891/891 890/890/890
f 841/841/841 842/842/842 892/892/892 891/891/891
f 842/842/842 843/843/843 893/893/893 892/892/892
f 843/843/843 844/844/844 894/894/894 893/893/893
f 844/844/844 845/845/845 895/895/895 894/894/894
f 845/845/845 846/846/846 896/896/896 895/895/895
f 846/846/846 847/847/847 897/897/897 896/896/896
f 847/847/847 848/848/848 898/898/898 897/897/897
f 848/848/848 849/849/849 899/899/899 898/898/898
f 849/849/849 850/850/850 900/900/900 899/899/899
f 851/852/851 852/851/852 902/901/902 901/902/901
f 852/851/852 853/853/853 903/903/903 902/901/902
f 853/853/853 854/854/854 904/904/904 903/903/903
f 854/854/854 855/855/855 905/905/905 904/904/904
f 855/855/855 856/856/856 906/906/906 905/905/905
f 856/856/856 857/857/857 907/907/907 906/906/906
f 857/857/857 858/858/858 908/908/908 907/907/907
f 858/858/858 859/859/859 909/909/909 908/908/908
f 859/859/859 860/860/860 910/910/910 909/909/909
f 860/860/860 861/861/861 911/911/911 910/910/910
f 861/861/861 862/862/862 912/912/912 911/911/911
f 862/862/862 863/863/863 913/913/913 912/912/912
f 863/863/863 864/864/864 914/914/914 913/913/913
f 864/864/864 865/865/865 915/915/915 914/914/914
f 865/865/865 866/866/866 916/916/916 915/915/915
f 866/866/866 867/867/867 917/917/917 916/916/916
f 867/867/867 868/868/868 918/918/918 917/917/917
f 868/868/868 869/869/869 919/919/919 918/918/918
f 869/869/869 870/870/870 920/920/920 919/919/919
f 870/870/870 871/871/871 921/921/921 920/920/920
f 871/871/871 872/872/872 922/922/922 921/921/921
f 872/872/872 873/873/873 923/923/923 922/922/922
f 873/873/873 874/874/874 924/924/924 923/923/923
f 874/874/874 875/875/875 925/925/925 924/924/924
f 875/875/875 876/876/876 926/926/926 925/925/925
f 876/876/876 877/877/877 927/927/927 926/926/926
f 877/877/877 878/878/878 928/928/928 927/927/927
f 878/878/878 879/879/879 929/929/929 928/928/928
f 879/879/879 880/880/880 930/930/930 929/929/929
f 880/880/880 881/881/881 931/931/931 930/930/930
f 881/881/881 882/882/882 932/932/932 931/931/931
f 882/882/882 883/883/883 933/933/933 932/932/932
f 883/883/883 884/884/884 934/934/934 933/933/933
f 884/884/884 885/885/885 935/935/935 934/934/934
f 885/885/885 886/886/886 936/936/936 935/935/935
f 886/886/886 887/887/887 937/937/937 936/936/936
f 887/887/887 888/888/888 938/938/938 937/937/937
f 888/888/888 889/889/889 939/939/939 938/938/938
f 889/889/889 890/890/890 940/940/940 939/939/939
f 890/890/890 891/891/891 941/941/941 940/940/940
f 891/891/891 892/892/892 942/942/942 941/941/941
f 892/892/892 893/893/893 943/943/943 942/942/942
f 893/893/893 894/894/894 944/944/944 943/943/943
f 894/894/894 895/895/895 945/945/945 944/944/944
f 895/895/895 896/896/896 946/946/946 945/945/945
f 896/896/896 897/897/897 947/947/947 946/946/946
f 897/897/897 898/898/898 948/948/948 947/947/947
f 898/898/898 899/899/899 949/949/949 948/948/948
f 899/899/899 900/900/900 950/950/950 949/949/949
f 901/902/901 902/901/902 952/951/952 951/952/951
f 902/901/902 903/903/903 953/953/953 952/951/952
f 903/903/903 904/904/904 954/954/954 953/953/953
f 904/904/904 905/905/905 955/955/955 954/954/954
f 905/905/905 906/906/906 956/956/956 955/955/955
f 906/906/906 907/907/907 957/957/957 956/956/956
f 907/907/907 908/908/908 958/958/958 957/957/957
f 908/908/908 909/909/909 959/959/959 958/958/958
f 909/909/909 910/910/910 960/960/960 959/959/959
f 910/910/910 911/911/911 961/961/961 960/960/960
f 911/911/911 912/912/912 962/962/962 961/961/961
f 912/912/912 913/913/913 963/963/963 962/962/962
f 913/913/913 914/914/914 964/964/964 963/963/963
f 914/914/914 915/915/915 965/965/965 964/964/964
f 915/915/915 916/916/916 966/966/966 965/965/965
f 916/916/916 917/917/917 967/967/967 966/966/966
f 917/917/917 918/918/918 968/968/968 967/967/967
f 918/918/918 919/919/919 969/969/969 968/968/968
f 919/919/919 920/920/920 970/970/970 969/969/969
f 920/920/920 921/921/921 971/971/971 970/970/970
f 921/921/921 922/922/922 972/972/972 971/971/971
f 922/922/922 923/923/923 973/973/973 972/972/972
f 923/923/923 924/924/924 974/974/974 973/973/973
f 924/924/924 925/925/925 975/975/975 974/974/974
f 925/925/925 926/926/926 976/976/976 975/975/975
f 926/926/926 927/927/927 977/977/977 976/976/976
f 927/927/927 928/928/928 978/978/978 977/977/977
f 928/928/928 929/929/929 979/979/979 978/978/978
f 929/929/929 930/930/930 980/980/980 979/979/979
f 930/930/930 931/931/931 981/981/981 980/980/980
f 931/931/931 932/932/932 982/982/982 981/981/981
f 932/932/932 933/933/933 983/983/983 982/982/982
f 933/933/933 934/934/934 984/984/984 983/983/983
f 934/934/934 935/935/935 985/985/985 984/984/984
f 935/935/935 936/936/936 986/986/986 985/985/985
f 936/936/936 937/937/937 987/987/987 986/986/986
f 937/937/937 938/938/938 988/988/988 987/987/987
f 938/938/938 939/939/939 989/989/989 988/988/988
f 939/939/939 940/940/940 990/990/990 989/989/989
f 940/940/940 941/941/941 991/991/991 990/990/990
f 941/941/941 942/942/942 992/992/992 991/991/991
f 942/942/942 943/943/943 993/993/993 992/992/992
f 943/943/943 944/944/944 994/994/994 993/993/993
f 944/944/944 945/945/945 995/995/995 994/994/994
f 945/945/945 946/946/946 996/996/996 995/995/995
f 946/946/946 947/947/947 997/997/997 996/996/996
f 947/947/947 948/948/948 998/998/998 997/997/997
f 948/948/948 949/949/949 999/999/999 998/998/998
f 949/949/949 950/950/950 1000/1000/1000 999/999/999
f 951/952/951 952/951/952 1002/1001/1002 1001/1002/1001
f 952/951/952 953/953/953 1003/1003/1003 1002/1001/1002
f 953/953/953 954/954/954 1004/1004/1004 1003/1003/1003
f 954/954/954 955/955/955 1005/1005/1005 1004/1004/1004
f 955/955/955 956/956/956 1006/1006/1006 1005/1005/1005
f 956/956/956 957/957/957 1007/1007/1007 1006/1006/1006
f 957/957/957 958/958/958 1008/1008/1008 1007/1007/1007
f 958/958/958 959/959/959 1009/1009/1009 1008/1008/1008
f 959/959/959 960/960/960 1010/1010/1010 1009/1009/1009
f 960/960/960 961/961/961 1011/1011/1011 1010/1010/1010
f 961/961/961 962/962/962 1012/1012/1012 1011/1011/1011
f 962/962/962 963/963/963 1013/1013/1013 1012/1012/1012
f 963/963/963 964/964/964 1014/1014/1014 1013/1013/1013
f 964/964/964 965/965/965 1015/1015/1015 1014/1014/1014
f 965/965/965 966/966/966 1016/1016/1016 1015/1015/1015
f 966/966/966 967/967/967 1017/1017/1017 1016/1016/1016
f 967/967/967 968/968/968 1018/1018/1018 1017/1017/1017
f 968/968/968 969/969/969 1019/1019/1019 1018/1018/1018
f 969/969/969 970/970/970 1020/1020/1020 1019/1019/1019
f 970/970/970 971/971/971 1021/1021/1021 1020/1020/1020
f 971/971/971 972/972/972 1022/1022/1022 1021/1021/1021
f 972/972/972 973/973/973 1023/1023/1023 1022/1022/1022
f 973/973/973 974/974/974 1024/1024/1024 1023/1023/1023
f 974/974/974 975/975/975 1025/1025/1025 1024/1024/1024
f 975/975/975 976/976/976 1026/1026/1026 1025/1025/1025
f 976/976/976 977/977/977 1027/1027/1027 1026/1026/1026
f 977/977/977 978/978/978 1028/1028/1028 1027/1027/1027
f 978/978/978 979/979/979 1029/1029/1029 1028/1028/1028
f 979/979/979 980/980/980 1030/1030/1030 1029/1029/1029
f 980/980/980 981/981/981 1031/1031/1031 1030/1030/1030
f 981/981/981 982/982/982 1032/1032/1032 1031/1031/1031
f 982/982/982 983/983/983 1033/1033/1033 1032/1032/1032
f 983/983/983 984/984/984 1034/1034/1034 1033/1033/1033
f 984/984/984 985/985/985 1035/1035/1035 1034/1034/1034
f 985/985/985 986/986/986 1036/1036/1036 1035/1035/1035
f 986/986/986 987/987/987 1037/1037/1037 1036/1036/1036
f 987/987/987 988/988/988 1038/1038/1038 1037/1037/1037
f 988/988/988 989/989/989 1039/1039/1039 1038/1038/1038
f 989/989/989 990/990/990 1040/1040/1040 1039/1039/1039
f 990/990/990 991/991/991 1041/1041/1041 1040/1040/1040
f 991/991/991 992/992/992 1042/1042/1042 1041/1041/1041
f 992/992/992 993/993/993 1043/1043/1043 1042/1042/1042
f 993/993/993 994/994/994 1044/1044/1044 1043/1043/1043
f 994/994/994 995/995/995 1045/1045/1045 1044/1044/1044
f 995/995/995 996/996/996 1046/1046/1046 1045/1045/1045
f 996/996/996 997/997/997 1047/1047/1047 1046/1046/1046
f 997/997/997 998/998/998 1048/1048/1048 1047/1047/1047
f 998/998/998 999/999/999 1049/1049/1049 1048/1048/1048
f 999/999/999 1000/1000/1000 1050/1050/1050 1049/1049/1049
f 1001/1002/1001 1002/1001/1002 1052/1051/1052 1051/1052/1051
f 1002/1001/1002 1003/1003/1003 1053/1053/1053 1052/1051/1052
f 1003/1003/1003 1004/1004/1004 1054/1054/1054 1053/1053/1053
f 1004/1004/1004 1005/1005/1005 1055/1055/1055 1054/1054/1054
f 1005/1005/1005 1006/1006/1006 1056/1056/1056 1055/1055/1055
f 1006/1006/1006 1007/1007/1007 1057/1057/1057 1056/1056/1056
f 1007/1007/1007 1008/1008/1008 1058/1058/1058 1057/1057/1057
f 1008/1008/1008 1009/1009/1009 1059/1059/1059 1058/1058/1058
f 1009/1009/1009 1010/1010/1010 1060/1060/1060 1059/1059/1059
f 1010/1010/1010 1011/1011/1011 1061/1061/1061 1060/1060/1060
f 1011/1011/1011 1012/1012/1012 1062/1062/1062 1061/1061/1061
f 1012/1012/1012 1013/1013/1013 1063/1063/1063 1062/1062/1062
f 1013/1013/1013 1014/1014/1014 1064/1064/1064 1063/1063/1063
f 1014/1014/1014 1015/1015/1015 1065/1065/1065 1064/1064/1064
f 1015/1015/1015 1016/1016/1016 1066/1066/1066 1065/1065/1065
f 1016/1016/1016 1017/1017/1017 1067/1067/1067 1066/1066/1066
f 1017/1017/1017 1018/1018/1018 1068/1068/1068 1067/1067/1067
f 1018/1018/1018 1019/1019/1019 1069/1069/1069 1068/1068/1068
f 1019/1019/1019 1020/1020/1020 1070/1070/1070 1069/1069/1069
f 1020/1020/1020 1021/1021/1021 1071/1071/1071 1070/1070/1070
f 1021/1021/1021 1022/1022/1022 1072/1072/1072 1071/1071/1071
f 1022/1022/1022 1023/1023/1023 1073/1073/1073 1072/1072/1072
f 1023/1023/1023 1024/1024/1024 1074/1074/1074 1073/1073/1073
f 1024/1024/1024 1025/1025/1025 1075/1075/1075 1074/1074/1074
f 1025/1025/1025 1026/1026/1026 1076/1076/1076 1075/1075/1075
f 1026/1026/1026 1027/1027/1027 1077/1077/1077 1076/1076/1076
f 1027/1027/1027 1028/1028/1028 1078/1078/1078 1077/1077/1077
f 1028/1028/1028 1029/1029/1029 1079/1079/1079 1078/1078/1078
f 1029/1029/1029 1030/1030/1030 1080/1080/1080 1079/1079/1079
f 1030/1030/1030 1031/1031/1031 1081/1081/1081 1080/1080/1080
f 1031/1031/1031 1032/1032/1032 1082/1082/1082 1081/1081/1081
f 1032/1032/1032 1033/1033/1033 1083/1083/1083 1082/1082/1082
f 1033/1033/1033 1034/1034/1034 1084/1084/1084 1083/1083/1083
f 1034/1034/1034 1035/1035/1035 1085/1085/1085 1084/1084/1084
f 1035/1035/1035 1036/1036/1036 1086/1086/1086 1085/1085/1085
f 1036/1036/1036 1037/1037/1037 1087/1087/1087 1086/1086/1086
f 1037/1037/1037 1038/1038/1038 1088/1088/1088 1087/1087/1087
f 1038/1038/1038 1039/1039/1039 1089/1089/1089 1088/1088/1088
f 1039/1039/1039 1040/1040/1040 1090/1090/1090 1089/1089/1089
f 1040/1040/1040 1041/1041/1041 1091/1091/1091 1090/1090/1090
f 1041/1041/1041 1042/1042/1042 1092/1092/1092 1091/1091/1091
f 1042/1042/1042 1043/1043/1043 1093/1093/1093 1092/1092/1092
f 1043/1043/1043 1044/1044/1044 1094/1094/1094 1093/1093/1093
f 1044/1044/1044 1045/1045/1045 1095/1095/1095 1094/1094/1094
f 1045/1045/1045 1046/1046/1046 1096/1096/1096 1095/1095/1095
f 1046/1046/1046 1047/1047/1047 1097/1097/1097 1096/1096/1096
f 1047/1047/1047 1048/1048/1048 1098/1098/1098 1097/1097/1097
f 1048/1048/1048 1049/1049/1049 1099/1099/1099 1098/1098/1098
f 1049/1049/1049 1050/1050/1050 1100/1100/1100 1099/1099/1099
f 1051/1052/1051 1052/1051/1052 1102/1101/1102 1101/1102/1101
f 1052/1051/1052 1053/1053/1053 1103/1103/1103 1102/1101/1102
f 1053/1053/1053 1054/1054/1054 1104/1104/1104 1103/1103/1103
f 1054/1054/1054 1055/1055/1055 1105/1105/1105 1104/1104/1104
f 1055/1055/1055 1056/1056/1056 1106/1106/1106 1105/1105/1105
f 1056/1056/1056 1057/1057/1057 1107/1107/1107 1106/1106/1106
f 1057/1057/1057 1058/1058/1058 1108/1108/1108 1107/1107/1107
f 1058/1058/1058 1059/1059/1059 1109/1109/1109 1108/1108/1108
f 1059/1059/1059 1060/1060/1060 1110/1110/1110 1109/1109/1109
f 1060/1060/1060 1061/1061/1061 1111/1111/1111 1110/1110/1110
f 1061/1061/1061 1062/1062/1062 1112/1112/1112 1111/1111/1111
f 1062/1062/1062 1063/1063/1063 1113/1113/1113 1112/1112/1112
f 1063/1063/1063 1064/1064/1064 1114/1114/1114 1113/1113/1113
f 1064/1064/1064 1065/1065/1065 1115/1115/1115 1114/1114/1114
f 1065/1065/1065 1066/1066/1066 1116/1116/1116 1115/1115/1115
f 1066/1066/1066 1067/1067/1067 1117/1117/1117 1116/1116/1116
f 1067/1067/1067 1068/1068/1068 1118/1118/1118 1117/1117/1117
f 1068/1068/1068 1069/1069/1069 1119/1119/1119 1118/1118/1118
f 1069/1069/1069 1070/1070/1070 1120/1120/1120 1119/1119/1119
f 1070/1070/1070 1071/1071/1071 1121/1121/1121 1120/1120/1120
f 1071/1071/1071 1072/1072/1072 1122/1122/1122 1121/1121/1121
f 1072/1072/1072 1073/1073/1073 1123/1123/1123 1122/1122/1122
f 1073/1073/1073 1074/1074/1074 1124/1124/1124 1123/1123/1123
f 1074/1074/1074 1075/1075/1075 1125/1125/1125 1124/1124/1124
f 1075/1075/1075 1076/1076/1076 1126/1126/1126 1125/1125/1125
f 1076/1076/1076 1077/1077/1077 1127/1127/1127 1126/1126/1126
f 1077/1077/1077 1078/1078/1078 1128/1128/1128 1127/1127/1127
f 1078/1078/1078 1079/1079/1079 1129/1129/1129 1128/1128/1128
f 1079/1079/1079 1080/1080/1080 1130/1130/1130 1129/1129/1129
f 1080/1080/1080 1081/1081/1081 1131/1131/1131 1130/1130/1130
f 1081/1081/1081 1082/1082/1082 1132/1132/1132 1131/1131/1131
f 1082/1082/1082 1083/1083/1083 1133/1133/1133 1132/1132/1132
f 1083/1083/1083 1084/1084/1084 1134/1134/1134 1133/1133/1133
f 1084/1084/1084 1085/1085/1085 1135/1135/1135 1134/1134/1134
f 1085/1085/1085 1086/1086/1086 1136/1136/1136 1135/1135/1135
f 1086/1086/1086 1087/1087/1087 1137/1137/1137 1136/1136/1136
f 1087/1087/1087 1088/1088/1088 1138/1138/1138 1137/1137/1137
f 1088/1088/1088 1089/1089/1089 1139/1139/1139 1138/1138/1138
f 1089/1089/1089 1090/1090/1090 1140/1140/1140 1139/1139/1139
f 1090/1090/1090 1091/1091/1091 1141/1141/1141 1140/1140/1140
f 1091/1091/1091 1092/1092/1092 1142/1142/1142 1141/1141/1141
f 1092/1092/1092 1093/1093/1093 1143/1143/1143 1142/1142/1142
f 1093/1093/1093 1094/1094/1094 1144/1144/1144 1143/1143/1143
f 1094/1094/1094 1095/1095/1095 1145/1145/1145 1144/1144/1144
f 1095/1095/1095 1096/1096/1096 1146/1146/1146 1145/1145/1145
f 1096/1096/1096 1097/1097/1097 1147/1147/1147 1146/1146/1146
f 1097/1097/1097 1098/1098/1098 1148/1148/1148 1147/1147/1147
f 1098/1098/1098 1099/1099/1099 1149/1149/1149 1148/1148/1148
f 1099/1099/1099 1100/1100/1100 1150/1150/1150 1149/1149/1149
f 1101/1102/1101 1102/1101/1102 1152/1151/1152 1151/1152/1151
f 1102/1101/1102 1103/1103/1103 1153/1153/1153 1152/1151/1152
f 1103/1103/1103 1104/1104/1104 1154/1154/1154 1153/1153/1153
f 1104/1104/1104 1105/1105/1105 1155/1155/1155 1154/1154/1154
f 1105/1105/1105 1106/1106/1106 1156/1156/1156 1155/1155/1155
f 1106/1106/1106 1107/1107/1107 1157/1157/1157 1156/1156/1156
f 1107/1107/1107 1108/1108/1108 1158/1158/1158 1157/1157/1157
f 1108/1108/1108 1109/1109/1109 1159/1159/1159 1158/1158/1158
f 1109/1109/1109 1110/1110/1110 1160/1160/1160 1159/1159/1159
f 1110/1110/1110 1111/1111/1111 1161/1161/1161 1160/1160/1160
f 1111/1111/1111 1112/1112/1112 1162/1162/1162 1161/1161/1161
f 1112/1112/1112 1113/1113/1113 1163/1163/1163 1162/1162/1162
f 1113/1113/1113 1114/1114/1114 1164/1164/1164 1163/1163/1163
f 1114/1114/1114 1115/1115/1115 1165/1165/1165 1164/1164/1164
f 1115/1115/1115 1116/1116/1116 1166/1166/1166 1165/1165/1165
f 1116/1116/1116 1117/1117/1117 1167/1167/1167 1166/1166/1166
f 1117/1117/1117 1118/1118/1118 1168/1168/1168 1167/1167/1167
f 1118/1118/1118 1119/1119/1119 1169/1169/1169 1168/1168/1168
f 1119/1119/1119 1120/1120/1120 1170/1170/1170 1169/1169/1169
f 1120/1120/1120 1121/1121/1121 1171/1171/1171 1170/1170/1170
f 1121/1121/1121 1122/1122/1122 1172/1172/1172 1171/1171/1171
f 1122/1122/1122 1123/1123/1123 1173/1173/1173 1172/1172/1172
f 1123/1123/1123 1124/1124/1124 1174/1174/1174 1173/1173/1173
f 1124/1124/1124 1125/1125/1125 1175/1175/1175 1174/1174/1174
f 1125/1125/1125 1126/1126/1126 1176/1176/1176 1175/1175/1175
f 1126/1126/1126 1127/1127/1127 1177/1177/1177 1176/1176/1176
f 1127/1127/1127 1128/1128/1128 1178/1178/1178 1177/1177/1177
f 1128/1128/1128 1129/1129/1129 1179/1179/1179 1178/1178/1178
f 1129/1129/1129 1130/1130/1130 1180/1180/1180 1179/1179/1179
f 1130/1130/1130 1131/1131/1131 1181/1181/1181 1180/1180/1180
f 1131/1131/1131 1132/1132/1132 1182/1182/1182 1181/1181/1181
f 1132/1132/1132 1133/1133/1133 1183/1183/1183 1182/1182/1182
f 1133/1133/1133 1134/1134/1134 1184/1184/1184 1183/1183/1183
f 1134/1134/1134 1135/1135/1135 1185/1185/1185 1184/1184/1184
f 1135/1135/1135 1136/1136/1136 1186/1186/1186 1185/1185/1185
f 1136/1136/1136 1137/1137/1137 1187/1187/1187 1186/1186/1186
f 1137/1137/1137 1138/1138/1138 1188/1188/1188 1187/1187/1187
f 1138/1138/1138 1139/1139/1139 1189/1189/1189 1188/1188/1188
f 1139/1139/1139 1140/1140/1140 1190/1190/1190 1189/1189/1189
f 1140/1140/1140 1141/1141/1141 1191/1191/1191 1190/1190/1190
f 1141/1141/1141 1142/1142/1142 1192/1192/1192 1191/1191/1191
f 1142/1142/1142 1143/1143/1143 1193/1193/1193 1192/1192/1192
f 1143/1143/1143 1144/1144/1144 1194/1194/1194 1193/1193/1193
f 1144/1144/1144 1145/1145/1145 1195/1195/1195 1194/1194/1194
f 1145/1145/1145 1146/1146/1146 1196/1196/1196 1195/1195/1195
f 1146/1146/1146 1147/1147/1147 1197/1197/1197 1196/1196/1196
f 1147/1147/1147 1148/1148/1148 1198/1198/1198 1197/1197/1197
f 1148/1148/1148 1149/1149/1149 1199/1199/1199 1198/1198/1198
f 1149/1149/1149 1150/1150/1150 1200/1200/1200 1199/1199/1199
f 1151/1152/1151 1152/1151/1152 1202/1201/1202 1201/1202/1201
f 1152/1151/1152 1153/1153/1153 1203/1203/1203 1202/1201/1202
f 1153/1153/1153 1154/1154/1154 1204/1204/1204 1203/1203/1203
f 1154/1154/1154 1155/1155/1155 1205/1205/1205 1204/1204/1204
f 1155/1155/1155 1156/1156/1156 1206/1206/1206 1205/1205/1205
f 1156/1156/1156 1157/1157/1157 1207/1207/1207 1206/1206/1206
f 1157/1157/1157 1158/1158/1158 1208/1208/1208 1207/1207/1207
f 1158/1158/1158 1159/1159/1159 1209/1209/1209 1208/1208/1208
f 1159/1159/1159 1160/1160/1160 1210/1210/1210 1209/1209/1209
f 1160/1160/1160 1161/1161/1161 1211/1211/1211 1210/1210/1210
f 1161/1161/1161 1162/1162/1162 1212/1212/1212 1211/1211/1211
f 1162/1162/1162 1163/1163/1163 1213/1213/1213 1212/1212/1212
f 1163/1163/1163 1164/1164/1164 1214/1214/1214 1213/1213/1213
f 1164/1164/1164 1165/1165/1165 1215/1215/1215 1214/1214/1214
f 1165/1165/1165 1166/1166/1166 1216/1216/1216 1215/1215/1215
f 1166/1166/1166 1167/1167/1167 1217/1217/1217 1216/1216/1216
f 1167/1167/1167 1168/1168/1168 1218/1218/1218 1217/1217/1217
f 1168/1168/1168 1169/1169/1169 1219/1219/1219 1218/1218/1218
f 1169/1169/1169 1170/1170/1170 1220/1220/1220 1219/1219/1219
f 1170/1170/1170 1171/1171/1171 1221/1221/1221 1220/1220/1220
f 1171/1171/1171 1172/1172/1172 1222/1222/1222 1221/1221/1221
f 1172/1172/1172 1173/1173/1173 1223/1223/1223 1222/1222/1222
f 1173/1173/1173 1174/1174/1174 1224/1224/1224 1223/1223/1223
f 1174/1174/1174 1175/1175/1175 1225/1225/1225 1224/1224/1224
f 1175/1175/1175 1176/1176/1176 1226/1226/1226 1225/1225/1225
f 1176/1176/1176 1177/1177/1177 1227/1227/1227 1226/1226/1226
f 1177/1177/1177 1178/1178/1178 1228/1228/1228 1227/1227/1227
f 1178/1178/1178 1179/1179/1179 1229/1229/1229 1228/1228/1228
f 1179/1179/1179 1180/1180/1180 1230/1230/1230 1229/1229/1229
f 1180/1180/1180 1181/1181/1181 1231/1231/1231 1230/1230/1230
f 1181/1181/1181 1182/1182/1182 1232/1232/1232 1231/1231/1231
f 1182/1182/1182 1183/1183/1183 1233/1233/1233 1232/1232/1232
f 1183/1183/1183 1184/1184/1184 1234/1234/1234 1233/1233/1233
f 1184/1184/1184 1185/1185/1185 1235/1235/1235 1234/1234/1234
f 1185/1185/1185 1186/1186/1186 1236/1236/1236 1235/1235/1235
f 1186/1186/1186 1187/1187/1187 1237/1237/1237 1236/1236/1236
f 1187/1187/1187 1188/1188/1188 1238/1238/1238 1237/1237/1237
f 1188/1188/1188 1189/1189/1189 1239/1239/1239 1238/1238/1238
f 1189/1189/1189 1190/1190/1190 1240/1240/1240 1239/1239/1239
f 1190/1190/1190 1191/1191/1191 1241/1241/1241 1240/1240/1240
f 1191/1191/1191 1192/1192/1192 1242/1242/1242 1241/1241/1241
f 1192/1192/1192 1193/1193/1193 1243/1243/1243 1242/1242/1242
f 1193/1193/1193 1194/1194/1194 1244/1244/1244 1243/1243/1243
f 1194/1194/1194 1195/1195/1195 1245/1245/1245 1244/1244/1244
f 1195/1195/1195 1196/1196/1196 1246/1246/1246 1245/1245/1245
f 1196/1196/1196 1197/1197/1197 1247/1247/1247 1246/1246/1246
f 1197/1197/1197 1198/1198/1198 1248/1248/1248 1247/1247/1247
f 1198/1198/1198 1199/1199/1199 1249/1249/1249 1248/1248/1248
f 1199/1199/1199 1200/1200/1200 1250/1250/1250 1249/1249/1249
f 1201/1202/1201 1202/1201/1202 1252/1251/1252 1251/1252/1251
f 1202/1201/1202 1203/1203/1203 1253/1253/1253 1252/1251/1252
f 1203/1203/1203 1204/1204/1204 1254/1254/1254 1253/1253/1253
f 1204/1204/1204 1205/1205/1205 1255/1255/1255 1254/1254/1254
f 1205/1205/1205 1206/1206/1206 1256/1256/1256 1255/1255/1255
f 1206/1206/1206 1207/1207/1207 1257/1257/1257 1256/1256/1256
f 1207/1207/1207 1208/1208/1208 1258/1258/1258 1257/1257/1257
f 1208/1208/1208 1209/1209/1209 1259/1259/1259 1258/1258/1258
f 1209/1209/1209 1210/1210/1210 1260/1260/1260 1259/1259/1259
f 1210/1210/1210 1211/1211/1211 1261/1261/1261 1260/1260/1260
f 1211/1211/1211 1212/1212/1212 1262/1262/1262 1261/1261/1261
f 1212/1212/1212 1213/1213/1213 1263/1263/1263 1262/1262/1262
f 1213/1213/1213 1214/1214/1214 1264/1264/1264 1263/1263/1263
f 1214/1214/1214 1215/1215/1215 1265/1265/1265 1264/1264/1264
f 1215/1215/1215 1216/1216/1216 1266/1266/1266 1265/1265/1265
f 1216/1216/1216 1217/1217/1217 1267/1267/1267 1266/1266/1266
f 1217/1217/1217 1218/1218/1218 1268/1268/1268 1267/1267/1267
f 1218/1218/1218 1219/1219/1219 1269/1269/1269 1268/1268/1268
f 1219/1219/1219 1220/1220/1220 1270/1270/1270 1269/1269/1269
f 1220/1220/1220 1221/1221/1221 1271/1271/1271 1270/1270/1270
f 1221/1221/1221 1222/1222/1222 1272/1272/1272 1271/1271/1271
f 1222/1222/1222 1223/1223/1223 1273/1273/1273 1272/1272/1272
f 1223/1223/1223 1224/1224/1224 1274/1274/1274 1273/1273/1273
f 1224/1224/1224 1225/1225/1225 1275/1275/1275 1274/1274/1274
f 1225/1225/1225 1226/1226/1226 1276/1276/1276 1275/1275/1275
f 1226/1226/1226 1227/1227/1227 1277/1277/1277 1276/1276/1276
f 1227/1227/1227 1228/1228/1228 1278/1278/1278 1277/1277/1277
f 1228/1228/1228 1229/1229/1229 1279/1279/1279 1278/1278/1278
f 1229/1229/1229 1230/1230/1230 1280/1280/1280 1279/1279/1279
f 1230/1230/1230 1231/1231/1231 1281/1281/1281 1280/1280/1280
f 1231/1231/1231 1232/1232/1232 1282/1282/1282 1281/1281/1281
f 1232/1232/1232 1233/1233/1233 1283/1283/1283 1282/1282/1282
f 1233/1233/1233 1234/1234/1234 1284/1284/1284 1283/1283/1283
f 1234/1234/1234 1235/1235/1235 1285/1285/1285 1284/1284/1284
f 1235/1235/1235 1236/1236/1236 1286/1286/1286 1285/1285/1285
f 1236/1236/1236 1237/1237/1237 1287/1287/1287 1286/1286/1286
f 1237/1237/1237 1238/1238/1238 1288/1288/1288 1287/1287/1287
f 1238/1238/1238 1239/1239/1239 1289/1289/1289 1288/1288/1288
f 1239/1239/1239 1240/1240/1240 1290/1290/1290 1289/1289/1289
f 1240/1240/1240 1241/1241/1241 1291/1291/1291 1290/1290/1290
f 1241/1241/1241 1242/1242/1242 1292/1292/1292 1291/1291/1291
f 1242/1242/1242 1243/1243/1243 1293/1293/1293 1292/1292/1292
f 1243/1243/1243 1244/1244/1244 1294/1294/1294 1293/1293/1293
f 1244/1244/1244 1245/1245/1245 1295/1295/1295 1294/1294/1294
f 1245/1245/1245 1246/1246/1246 1296/1296/1296 1295/1295/1295
f 1246/1246/1246 1247/1247/1247 1297/1297/1297 1296/1296/1296
f 1247/1247/1247 1248/1248/1248 1298/1298/1298 1297/1297/1297
f 1248/1248/1248 1249/1249/1249 1299/1299/1299 1298/1298/1298
f 1249/1249/1249 1250/1250/1250 1300/1300/1300 1299/1299/1299
f 1251/1252/1251 1252/1251/1252 1302/1301/1302 1301/1302/1301
f 1252/1251/1252 1253/1253/1253 1303/1303/1303 1302/1301/1302
f 1253/1253/1253 1254/1254/1254 1304/1304/1304 1303/1303/1303
f 1254/1254/1254 1255/1255/1255 1305/1305/1305 1304/1304/1304
f 1255/1255/1255 1256/1256/1256 1306/1306/1306 1305/1305/1305
f 1256/1256/1256 1257/1257/1257 1307/1307/1307 1306/1306/1306
f 1257/1257/1257 1258/1258/1258 1308/1308/1308 1307/1307/1307
f 1258/1258/1258 1259/1259/1259 1309/1309/1309 1308/1308/1308
f 1259/1259/1259 1260/1260/1260 1310/1310/1310 1309/1309/1309
f 1260/1260/1260 1261/1261/1261 1311/1311/1311 1310/1310/1310
f 1261/1261/1261 1262/1262/1262 1312/1312/1312 1311/1311/1311
f 1262/1262/1262 1263/1263/1263 1313/1313/1313 1312/1312/1312
f 1263/1263/1263 1264/1264/1264 1314/1314/1314 1313/1313/1313
f 1264/1264/1264 1265/1265/1265 1315/1315/1315 1314/1314/1314
f 1265/1265/1265 1266/1266/1266 1316/1316/1316 1315/1315/1315
f 1266/1266/1266 1267/1267/1267 1317/1317/1317 1316/1316/1316
f 1267/1267/1267 1268/1268/1268 1318/1318/1318 1317/1317/1317
f 1268/1268/1268 1269/1269/1269 1319/1319/1319 1318/1318/1318
f 1269/1269/1269 1270/1270/1270 1320/1320/1320 1319/1319/1319
f 1270/1270/1270 1271/1271/1271 1321/1321/1321 1320/1320/1320
f 1271/1271/1271 1272/1272/1272 1322/1322/1322 1321/1321/1321
f 1272/1272/1272 1273/1273/1273 1323/1323/1323 1322/1322/1322
f 1273/1273/1273 1274/1274/1274 1324/1324/1324 1323/1323/1323
f 1274/1274/1274 1275/1275/1275 1325/1325/1325 1324/1324/1324
f 1275/1275/1275 1276/1276/1276 1326/1326/1326 1325/1325/1325
f 1276/1276/1276 1277/1277/1277 1327/1327/1327 1326/1326/1326
f 1277/1277/1277 1278/1278/1278 1328/1328/1328 1327/1327/1327
f 1278/1278/1278 1279/1279/1279 1329/1329/1329 1328/1328/1328
f 1279/1279/1279 1280/1280/1280 1330/1330/1330 1329/1329/1329
f 1280/1280/1280 1281/1281/1281 1331/1331/1331 1330/1330/1330
f 1281/1281/1281 1282/1282/1282 1332/1332/1332 1331/1331/1331
f 1282/1282/1282 1283/1283/1283 1333/1333/1333 1332/1332/1332
f 1283/1283/1283 1284/1284/1284 1334/1334/1334 1333/1333/1333
f 1284/1284/1284 1285/1285/1285 1335/1335/1335 1334/1334/1334
f 1285/1285/1285 1286/1286/1286 1336/1336/1336 1335/1335/1335
f 1286/1286/1286 1287/1287/1287 1337/1337/1337 1336/1336/1336
f 1287/1287/1287 1288/1288/1288 1338/1338/1338 1337/1337/1337
f 1288/1288/1288 1289/1289/1289 1339/1339/1339 1338/1338/1338
f 1289/1289/1289 1290/1290/1290 1340/1340/1340 1339/1339/1339
f 1290/1290/1290 1291/1291/1291 1341/1341/1341 1340/1340/1340
f 1291/1291/1291 1292/1292/1292 1342/1342/1342 1341/1341/1341
f 1292/1292/1292 1293/1293/1293 1343/1343/1343 1342/1342/1342
f 1293/1293/1293 1294/1294/1294 1344/1344/1344 1343/1343/1343
f 1294/1294/1294 1295/1295/1295 1345/1345/1345 1344/1344/1344
f 1295/1295/1295 1296/1296/1296 1346/1346/1346 1345/1345/1345
f 1296/1296/1296 1297/1297/1297 1347/1347/1347 1346/1346/1346
f 1297/1297/1297 1298/1298/1298 1348/1348/1348 1347/1347/1347
f 1298/1298/1298 1299/1299/1299 1349/1349/1349 1348/1348/1348
f 1299/1299/1299 1300/1300/1300 1350/1350/1350 1349/1349/1349
f 1301/1302/1301 1302/1301/1302 1352/1351/1352 1351/1352/1351
f 1302/1301/1302 1303/1303/1303 1353/1353/1353 1352/1351/1352
f 1303/1303/1303 1304/1304/1304 1354/1354/1354 1353/1353/1353
f 1304/1304/1304 1305/1305/1305 1355/1355/1355 1354/1354/1354
f 1305/1305/1305 1306/1306/1306 1356/1356/1356 1355/1355/1355
f 1306/1306/1306 1307/1307/1307 1357/1357/1357 1356/1356/1356
f 1307/1307/1307 1308/1308/1308 1358/1358/1358 1357/1357/1357
f 1308/1308/1308 1309/1309/1309 1359/1359/1359 1358/1358/1358
f 1309/1309/1309 1310/1310/1310 1360/1360/1360 1359/1359/1359
f 1310/1310/1310 1311/1311/1311 1361/1361/1361 1360/1360/1360
f 1311/1311/1311 1312/1312/1312 1362/1362/1362 1361/1361/1361
f 1312/1312/1312 1313/1313/1313 1363/1363/1363 1362/1362/1362
f 1313/1313/1313 1314/1314/1314 1364/1364/1364 1363/1363/1363
f 1314/1314/1314 1315/1315/1315 1365/1365/1365 1364/1364/1364
f 1315/1315/1315 1316/1316/1316 1366/1366/1366 1365/1365/1365
f 1316/1316/1316 1317/1317/1317 1367/1367/1367 1366/1366/1366
f 1317/1317/1317 1318/1318/1318 1368/1368/1368 1367/1367/1367
f 1318/1318/1318 1319/1319/1319 1369/1369/1369 1368/1368/1368
f 1319/1319/1319 1320/1320/1320 1370/1370/1370 1369/1369/1369
f 1320/1320/1320 1321/1321/1321 1371/1371/1371 1370/1370/1370
f 1321/1321/1321 1322/1322/1322 1372/1372/1372 1371/1371/1371
f 1322/1322/1322 1323/1323/1323 1373/1373/1373 1372/1372/1372
f 1323/1323/1323 1324/1324/1324 1374/1374/1374 1373/1373/1373
f 1324/1324/1324 1325/1325/1325 1375/1375/1375 1374/1374/1374
f 1325/1325/1325 1326/1326/1326 1376/1376/1376 1375/1375/1375
f 1326/1326/1326 1327/1327/1327 1377/1377/1377 1376/1376/1376
f 1327/1327/1327 1328/1328/1328 1378/1378/1378 1377/1377/1377
f 1328/1328/1328 1329/1329/1329 1379/1379/1379 1378/1378/1378
f 1329/1329/1329 1330/1330/1330 1380/1380/1380 1379/1379/1379
f 1330/1330/1330 1331/1331/1331 1381/1381/1381 1380/1380/1380
f 1331/1331/1331 1332/1332/1332 1382/1382/1382 1381/1381/1381
f 1332/1332/1332 1333/1333/1333 1383/1383/1383 1382/1382/1382
f 1333/1333/1333 1334/1334/1334 1384/1384/1384 1383/1383/1383
f 1334/1334/1334 1335/1335/1335 1385/1385/1385 1384/1384/1384
f 1335/1335/1335 1336/1336/1336 1386/1386/1386 1385/1385/1385
f 1336/1336/1336 1337/1337/1337 1387/1387/1387 1386/1386/1386
f 1337/1337/1337 1338/1338/1338 1388/1388/1388 1387/1387/1387
f 1338/1338/1338 1339/1339/1339 1389/1389/1389 1388/1388/1388
f 1339/1339/1339 1340/1340/1340 1390/1390/1390 1389/1389/1389
f 1340/1340/1340 1341/1341/1341 1391/1391/1391 1390/1390/1390
f 1341/1341/1341 1342/1342/1342 1392/1392/1392 1391/1391/1391
f 1342/1342/1342 1343/1343/1343 1393/1393/1393 1392/1392/1392
f 1343/1343/1343 1344/1344/1344 1394/1394/1394 1393/1393/1393
f 1344/1344/1344 1345/1345/1345 1395/1395/1395 1394/1394/1394
f 1345/1345/1345 1346/1346/1346 1396/1396/1396 1395/1395/1395
f 1346/1346/1346 1347/1347/1347 1397/1397/1397 1396/1396/1396
f 1347/1347/1347 1348/1348/1348 1398/1398/1398 1397/1397/1397
f 1348/1348/1348 1349/1349/1349 1399/1399/1399 1398/1398/1398
f 1349/1349/1349 1350/1350/1350 1400/1400/1400 1399/1399/1399
f 1351/1352/1351 1352/1351/1352 1402/1401/1402 1401/1402/1401
f 1352/1351/1352 1353/1353/1353 1403/1403/1403 1402/1401/1402
f 1353/1353/1353 1354/1354/1354 1404/1404/1404 1403/1403/1403
f 1354/1354/1354 1355/1355/1355 1405/1405/1405 1404/1404/1404
f 1355/1355/1355 1356/1356/1356 1406/1406/1406 1405/1405/1405
f 1356/1356/1356 1357/1357/1357 1407/1407/1407 1406/1406/1406
f 1357/1357/1357 1358/1358/1358 1408/1408/1408 1407/1407/1407
f 1358/1358/1358 1359/1359/1359 1409/1409/1409 1408/1408/1408
f 1359/1359/1359 1360/1360/1360 1410/1410/1410 1409/1409/1409
f 1360/1360/1360 1361/1361/1361 1411/1411/1411 1410/1410/1410
f 1361/1361/1361 1362/1362/1362 1412/1412/1412 1411/1411/1411
f 1362/1362/1362 1363/1363/1363 1413/1413/1413 1412/1412/1412
f 1363/1363/1363 1364/1364/1364 1414/1414/1414 1413/1413/1413
f 1364/1364/1364 1365/1365/1365 1415/1415/1415 1414/1414/1414
f 1365/1365/1365 1366/1366/1366 1416/1416/1416 1415/1415/1415
f 1366/1366/1366 1367/1367/1367 1417/1417/1417 1416/1416/1416
f 1367/1367/1367 1368/1368/1368 1418/1418/1418 1417/1417/1417
f 1368/1368/1368 1369/1369/1369 1419/1419/1419 1418/1418/1418
f 1369/1369/1369 1370/1370/1370 1420/1420/1420 1419/1419/1419
f 1370/1370/1370 1371/1371/1371 1421/1421/1421 1420/1420/1420
f 1371/1371/1371 1372/1372/1372 1422/1422/1422 1421/1421/1421
f 1372/1372/1372 1373/1373/1373 1423/1423/1423 1422/1422/1422
f 1373/1373/1373 1374/1374/1374 1424/1424/1424 1423/1423/1423
f 1374/1374/1374 1375/1375/1375 1425/1425/1425 1424/1424/1424
f 1375/1375/1375 1376/1376/1376 1426/1426/1426 1425/1425/1425
f 1376/1376/1376 1377/1377/1377 1427/1427/1427 1426/1426/1426
f 1377/1377/1377 1378/1378/1378 1428/1428/1428 1427/1427/1427
f 1378/1378/1378 1379/1379/1379 1429/1429/1429 1428/1428/1428
f 1379/1379/1379 1380/1380/1380 1430/1430/1430 1429/1429/1429
f 1380/1380/1380 1381/1381/1381 1431/1431/1431 1430/1430/1430
f 1381/1381/1381 1382/1382/1382 1432/1432/1432 1431/1431/1431
f 1382/1382/1382 1383/1383/1383 1433/1433/1433 1432/1432/1432
f 1383/1383/1383 1384/1384/1384 1434/1434/1434 1433/1433/1433
f 1384/1384/1384 1385/1385/1385 1435/1435/1435 1434/1434/1434
f 1385/1385/1385 1386/1386/1386 1436/1436/1436 1435/1435/1435
f 1386/1386/1386 1387/1387/1387 1437/1437/1437 1436/1436/1436
f 1387/1387/1387 1388/1388/1388 1438/1438/1438 1437/1437/1437
f 1388/1388/1388 1389/1389/1389 1439/1439/1439 1438/1438/1438
f 1389/1389/1389 1390/1390/1390 1440/1440/1440 1439/1439/1439
f 1390/1390/1390 1391/1391/1391 1441/1441/1441 1440/1440/1440
f 1391/1391/1391 1392/1392/1392 1442/1442/1442 1441/1441/1441
f 1392/1392/1392 1393/1393/1393 1443/1443/1443 1442/1442/1442
f 1393/1393/1393 1394/1394/1394 1444/1444/1444 1443/1443/1443
f 1394/1394/1394 1395/1395/1395 1445/1445/1445 1444/1444/1444
f 1395/1395/1395 1396/1396/1396 1446/1446/1446 1445/1445/1445
f 1396/1396/1396 1397/1397/1397 1447/1447/1447 1446/1446/1446
f 1397/1397/1397 1398/1398/1398 1448/1448/1448 1447/1447/1447
f 1398/1398/1398 1399/1399/1399 1449/1449/1449 1448/1448/1448
f 1399/1399/1399 1400/1400/1400 1450/1450/1450 1449/1449/1449
f 1401/1402/1401 1402/1401/1402 1452/1451/1452 1451/1452/1451
f 1402/1401/1402 1403/1403/1403 1453/1453/1453 1452/1451/1452
f 1403/1403/1403 1404/1404/1404 1454/1454/1454 1453/1453/1453
f 1404/1404/1404 1405/1405/1405 1455/1455/1455 1454/1454/1454
f 1405/1405/1405 1406/1406/1406 1456/1456/1456 1455/1455/1455
f 1406/1406/1406 1407/1407/1407 1457/1457/1457 1456/1456/1456
f 1407/1407/1407 1408/1408/1408 1458/1458/1458 1457/1457/1457
f 1408/1408/1408 1409/1409/1409 1459/1459/1459 1458/1458/1458
f 1409/1409/1409 1410/1410/1410 1460/1460/1460 1459/1459/1459
f 1410/1410/1410 1411/1411/1411 1461/1461/1461 1460/1460/1460
f 1411/1411/1411 1412/1412/1412 1462/1462/1462 1461/1461/1461
f 1412/1412/1412 1413/1413/1413 1463/1463/1463 1462/1462/1462
f 1413/1413/1413 1414/1414/1414 1464/1464/1464 1463/1463/1463
f 1414/1414/1414 1415/1415/1415 1465/1465/1465 1464/1464/1464
f 1415/1415/1415 1416/1416/1416 1466/1466/1466 1465/1465/1465
f 1416/1416/1416 1417/1417/1417 1467/1467/1467 1466/1466/1466
f 1417/1417/1417 1418/1418/1418 1468/1468/1468 1467/1467/1467
f 1418/1418/1418 1419/1419/1419 1469/1469/1469 1468/1468/1468
f 1419/1419/1419 1420/1420/1420 1470/1470/1470 1469/1469/1469
f 1420/1420/1420 1421/1421/1421 1471/1471/1471 1470/1470/1470
f 1421/1421/1421 1422/1422/1422 1472/1472/1472 1471/1471/1471
f 1422/1422/1422 1423/1423/1423 1473/1473/1473 1472/1472/1472
f 1423/1423/1423 1424/1424/1424 1474/1474/1474 1473/1473/1473
f 1424/1424/1424 1425/1425/1425 1475/1475/1475 1474/1474/1474
f 1425/1425/1425 1426/1426/1426 1476/1476/1476 1475/1475/1475
f 1426/1426/1426 1427/1427/1427 1477/1477/1477 1476/1476/1476
f 1427/1427/1427 1428/1428/1428 1478/1478/1478 1477/1477/1477
f 1428/1428/1428 1429/1429/1429 1479/1479/1479 1478/1478/1478
f 1429/1429/1429 1430/1430/1430 1480/1480/1480 1479/1479/1479
f 1430/1430/1430 1431/1431/1431 1481/1481/1481 1480/1480/1480
f 1431/1431/1431 1432/1432/1432 1482/1482/1482 1481/1481/1481
f 1432/1432/1432 1433/1433/1433 1483/1483/1483 1482/1482/1482
f 1433/1433/1433 1434/1434/1434 1484/1484/1484 1483/1483/1483
f 1434/1434/1434 1435/1435/1435 1485/1485/1485 1484/1484/1484
f 1435/1435/1435 1436/1436/1436 1486/1486/1486 1485/1485/1485
f 1436/1436/1436 1437/1437/1437 1487/1487/1487 1486/1486/1486
f 1437/1437/1437 1438/1438/1438 1488/1488/1488 1487/1487/1487
f 1438/1438/1438 1439/1439/1439 1489/1489/1489 1488/1488/1488
f 1439/1439/1439 1440/1440/1440 1490/1490/1490 1489/1489/1489
f 1440/1440/1440 1441/1441/1441 1491/1491/1491 1490/1490/1490
f 1441/1441/1441 1442/1442/1442 1492/1492/1492 1491/1491/1491
f 1442/1442/1442 1443/1443/1443 1493/1493/1493 1492/1492/1492
f 1443/1443/1443 1444/1444/1444 1494/1494/1494 1493/1493/1493
f 1444/1444/1444 1445/1445/1445 1495/1495/1495 1494/1494/1494
f 1445/1445/1445 1446/1446/1446 1496/1496/1496 1495/1495/1495
f 1446/1446/1446 1447/1447/1447 1497/1497/1497 1496/1496/1496
f 1447/1447/1447 1448/1448/1448 1498/1498/1498 1497/1497/1497
f 1448/1448/1448 1449/1449/1449 1499/1499/1499 1498/1498/1498
f 1449/1449/1449 1450/1450/1450 1500/1500/1500 1499/1499/1499
f 1451/1452/1451 1452/1451/1452 1502/1501/1502 1501/1502/1501
f 1452/1451/1452 1453/1453/1453 1503/1503/1503 1502/1501/1502
f 1453/1453/1453 1454/1454/1454 1504/1504/1504 1503/1503/1503
f 1454/1454/1454 1455/1455/1455 1505/1505/1505 1504/1504/1504
f 1455/1455/1455 1456/1456/1456 1506/1506/1506 1505/1505/1505
f 1456/1456/1456 1457/1457/1457 1507/1507/1507 1506/1506/1506
f 1457/1457/1457 1458/1458/1458 1508/1508/1508 1507/1507/1507
f 1458/1458/1458 1459/1459/1459 1509/1509/1509 1508/1508/1508
f 1459/1459/1459 1460/1460/1460 1510/1510/1510 1509/1509/1509
f 1460/1460/1460 1461/1461/1461 1511/1511/1511 1510/1510/1510
f 1461/1461/1461 1462/1462/1462 1512/1512/1512 1511/1511/1511
f 1462/1462/1462 1463/1463/1463 1513/1513/1513 1512/1512/1512
f 1463/1463/1463 1464/1464/1464 1514/1514/1514 1513/1513/1513
f 1464/1464/1464 1465/1465/1465 1515/1515/1515 1514/1514/1514
f 1465/1465/1465 1466/1466/1466 1516/1516/1516 1515/1515/1515
f 1466/1466/1466 1467/1467/1467 1517/1517/1517 1516/1516/1516
f 1467/1467/1467 1468/1468/1468 1518/1518/1518 1517/1517/1517
f 1468/1468/1468 1469/1469/1469 1519/1519/1519 1518/1518/1518
f 1469/1469/1469 1470/1470/1470 1520/1520/1520 1519/1519/1519
f 1470/1470/1470 1471/1471/1471 1521/1521/1521 1520/1520/1520
f 1471/1471/1471 1472/1472/1472 1522/1522/1522 1521/1521/1521
f 1472/1472/1472 1473/1473/1473 1523/1523/1523 1522/1522/1522
f 1473/1473/1473 1474/1474/1474 1524/1524/1524 1523/1523/1523
f 1474/1474/1474 1475/1475/1475 1525/1525/1525 1524/1524/1524
f 1475/1475/1475 1476/1476/1476 1526/1526/1526 1525/1525/1525
f 1476/1476/1476 1477/1477/1477 1527/1527/1527 1526/1526/1526
f 1477/1477/1477 1478/1478/1478 1528/1528/1528 1527/1527/1527
f 1478/1478/1478 1479/1479/1479 1529/1529/1529 1528/1528/1528
f 1479/1479/1479 1480/1480/1480 1530/1530/1530 1529/1529/1529
f 1480/1480/1480 1481/1481/1481 1531/1531/1531 1530/1530/1530
f 1481/1481/1481 1482/1482/1482 1532/1532/1532 1531/1531/1531
f 1482/1482/1482 1483/1483/1483 1533/1533/1533 1532/1532/1532
f 1483/1483/1483 1484/1484/1484 1534/1534/1534 1533/1533/1533
f 1484/1484/1484 1485/1485/1485 1535/1535/1535 1534/1534/1534
f 1485/1485/1485 1486/1486/1486 1536/1536/1536 1535/1535/1535
f 1486/1486/1486 1487/1487/1487 1537/1537/1537 1536/1536/1536
f 1487/1487/1487 1488/1488/1488 1538/1538/1538 1537/1537/1537
f 1488/1488/1488 1489/1489/1489 1539/1539/1539 1538/1538/1538
f 1489/1489/1489 1490/1490/1490 1540/1540/1540 1539/1539/1539
f 1490/1490/1490 1491/1491/1491 1541/1541/1541 1540/1540/1540
f 1491/1491/1491 1492/1492/1492 1542/1542/1542 1541/1541/1541
f 1492/1492/1492 1493/1493/1493 1543/1543/1543 1542/1542/1542
f 1493/1493/1493 1494/1494/1494 1544/1544/1544 1543/1543/1543
f 1494/1494/1494 1495/1495/1495 1545/1545/1545 1544/1544/1544
f 1495/1495/1495 1496/1496/1496 1546/1546/1546 1545/1545/1545
f 1496/1496/1496 1497/1497/1497 1547/1547/1547 1546/1546/1546
f 1497/1497/1497 1498/1498/1498 1548/1548/1548 1547/1547/1547
f 1498/1498/1498 1499/1499/1499 1549/1549/1549 1548/1548/1548
f 1499/1499/1499 1500/1500/1500 1550/1550/1550 1549/1549/1549
f 1501/1502/1501 1502/1501/1502 1552/1551/1552 1551/1552/1551
f 1502/1501/1502 1503/1503/1503 1553/1553/1553 1552/1551/1552
f 1503/1503/1503 1504/1504/1504 1554/1554/1554 1553/1553/1553
f 1504/1504/1504 1505/1505/1505 1555/1555/1555 1554/1554/1554
f 1505/1505/1505 1506/1506/1506 1556/1556/1556 1555/1555/1555
f 1506/1506/1506 1507/1507/1507 1557/1557/1557 1556/1556/1556
f 1507/1507/1507 1508/1508/1508 1558/1558/1558 1557/1557/1557
f 1508/1508/1508 1509/1509/1509 1559/1559/1559 1558/1558/1558
f 1509/1509/1509 1510/1510/1510 1560/1560/1560 1559/1559/1559
f 1510/1510/1510 1511/1511/1511 1561/1561/1561 1560/1560/1560
f 1511/1511/1511 1512/1512/1512 1562/1562/1562 1561/1561/1561
f 1512/1512/1512 1513/1513/1513 1563/1563/1563 1562/1562/1562
f 1513/1513/1513 1514/1514/1514 1564/1564/1564 1563/1563/1563
f 1514/1514/1514 1515/1515/1515 1565/1565/1565 1564/1564/1564
f 1515/1515/1515 1516/1516/1516 1566/1566/1566 1565/1565/1565
f 1516/1516/1516 1517/1517/1517 1567/1567/1567 1566/1566/1566
f 1517/1517/1517 1518/1518/1518 1568/1568/1568 1567/1567/1567
f 1518/1518/1518 1519/1519/1519 1569/1569/1569 1568/1568/1568
f 1519/1519/1519 1520/1520/1520 1570/1570/1570 1569/1569/1569
f 1520/1520/1520 1521/1521/1521 1571/1571/1571 1570/1570/1570
f 1521/1521/1521 1522/1522/1522 1572/1572/1572 1571/1571/1571
f 1522/1522/1522 1523/1523/1523 1573/1573/1573 1572/1572/1572
f 1523/1523/1523 1524/1524/1524 1574/1574/1574 1573/1573/1573
f 1524/1524/1524 1525/1525/1525 1575/1575/1575 1574/1574/1574
f 1525/1525/1525 1526/1526/1526 1576/1576/1576 1575/1575/1575
f 1526/1526/1526 1527/1527/1527 1577/1577/1577 1576/1576/1576
f 1527/1527/1527 1528/1528/1528 1578/1578/1578 1577/1577/1577
f 1528/1528/1528 1529/1529/1529 1579/1579/1579 1578/1578/1578
f 1529/1529/1529 1530/1530/1530 1580/1580/1580 1579/1579/1579
f 1530/1530/1530 1531/1531/1531 1581/1581/1581 1580/1580/1580
f 1531/1531/1531 1532/1532/1532 1582/1582/1582 1581/1581/1581
f 1532/1532/1532 1533/1533/1533 1583/1583/1583 1582/1582/1582
f 1533/1533/1533 1534/1534/1534 1584/1584/1584 1583/1583/1583
f 1534/1534/1534 1535/1535/1535 1585/1585/1585 1584/1584/1584
f 1535/1535/1535 1536/1536/1536 1586/1586/1586 1585/1585/1585
f 1536/1536/1536 1537/1537/1537 1587/1587/1587 1586/1586/1586
f 1537/1537/1537 1538/1538/1538 1588/1588/1588 1587/1587/1587
f 1538/1538/1538 1539/1539/1539 1589/1589/1589 1588/1588/1588
f 1539/1539/1539 1540/1540/1540 1590/1590/1590 1589/1589/1589
f 1540/1540/1540 1541/1541/1541 1591/1591/1591 1590/1590/1590
f 1541/1541/1541 1542/1542/1542 1592/1592/1592 1591/1591/1591
f 1542/1542/1542 1543/1543/1543 1593/1593/1593 1592/1592/1592
f 1543/1543/1543 1544/1544/1544 1594/1594/1594 1593/1593/1593
f 1544/1544/1544 1545/1545/1545 1595/1595/1595 1594/1594/1594
f 1545/1545/1545 1546/1546/1546 1596/1596/1596 1595/1595/1595
f 1546/1546/1546 1547/1547/1547 1597/1597/1597 1596/1596/1596
f 1547/1547/1547 1548/1548/1548 1598/1598/1598 1597/1597/1597
f 1548/1548/1548 1549/1549/1549 1599/1599/1599 1598/1598/1598
f 1549/1549/1549 1550/1550/1550 1600/1600/1600 1599/1599/1599
f 1551/1552/1551 1552/1551/1552 1602/1601/1602 1601/1602/1601
f 1552/1551/1552 1553/1553/1553 1603/1603/1603 1602/1601/1602
f 1553/1553/1553 1554/1554/1554 1604/1604/1604 1603/1603/1603
f 1554/1554/1554 1555/1555/1555 1605/1605/1605 1604/1604/1604
f 1555/1555/1555 1556/1556/1556 1606/1606/1606 1605/1605/1605
f 1556/1556/1556 1557/1557/1557 1607/1607/1607 1606/1606/1606
f 1557/1557/1557 1558/1558/1558 1608/1608/1608 1607/1607/1607
f 1558/1558/1558 1559/1559/1559 1609/1609/1609 1608/1608/1608
f 1559/1559/1559 1560/1560/1560 1610/1610/1610 1609/1609/1609
f 1560/1560/1560 1561/1561/1561 1611/1611/1611 1610/1610/1610
f 1561/1561/1561 1562/1562/1562 1612/1612/1612 1611/1611/1611
f 1562/1562/1562 1563/1563/1563 1613/1613/1613 1612/1612/1612
f 1563/1563/1563 1564/1564/1564 1614/1614/1614 1613/1613/1613
f 1564/1564/1564 1565/1565/1565 1615/1615/1615 1614/1614/1614
f 1565/1565/1565 1566/1566/1566 1616/1616/1616 1615/1615/1615
f 1566/1566/1566 1567/1567/1567 1617/1617/1617 1616/1616/1616
f 1567/1567/1567 1568/1568/1568 1618/1618/1618 1617/1617/1617
f 1568/1568/1568 1569/1569/1569 1619/1619/1619 1618/1618/1618
f 1569/1569/1569 1570/1570/1570 1620/1620/1620 1619/1619/1619
f 1570/1570/1570 1571/1571/1571 1621/1621/1621 1620/1620/1620
f 1571/1571/1571 1572/1572/1572 1622/1622/1622 1621/1621/1621
f 1572/1572/1572 1573/1573/1573 1623/1623/1623 1622/1622/1622
f 1573/1573/1573 1574/1574/1574 1624/1624/1624 1623/1623/1623
f 1574/1574/1574 1575/1575/1575 1625/1625/1625 1624/1624/1624
f 1575/1575/1575 1576/1576/1576 1626/1626/1626 1625/1625/1625
f 1576/1576/1576 1577/1577/1577 1627/1627/1627 1626/1626/1626
f 1577/1577/1577 1578/1578/1578 1628/1628/1628 1627/1627/1627
f 1578/1578/1578 1579/1579/1579 1629/1629/1629 1628/1628/1628
f 1579/1579/1579 1580/1580/1580 1630/1630/1630 1629/1629/1629
f 1580/1580/1580 1581/1581/1581 1631/1631/1631 1630/1630/1630
f 1581/1581/1581 1582/1582/1582 1632/1632/1632 1631/1631/1631
f 1582/1582/1582 1583/1583/1583 1633/1633/1633 1632/1632/1632
f 1583/1583/1583 1584/1584/1584 1634/1634/1634 1633/1633/1633
f 1584/1584/1584 1585/1585/1585 1635/1635/1635 1634/1634/1634
f 1585/1585/1585 1586/1586/1586 1636/1636/1636 1635/1635/1635
f 1586/1586/1586 1587/1587/1587 1637/1637/1637 1636/1636/1636
f 1587/1587/1587 1588/1588/1588 1638/1638/1638 1637/1637/1637
f 1588/1588/1588 1589/1589/1589 1639/1639/1639 1638/1638/1638
f 1589/1589/1589 1590/1590/1590 1640/1640/1640 1639/1639/1639
f 1590/1590/1590 1591/1591/1591 1641/1641/1641 1640/1640/1640
f 1591/1591/1591 1592/1592/1592 1642/1642/1642 1641/1641/1641
f 1592/1592/1592 1593/1593/1593 1643/1643/1643 1642/1642/1642
f 1593/1593/1593 1594/1594/1594 1644/1644/1644 1643/1643/1643
f 1594/1594/1594 1595/1595/1595 1645/1645/1645 1644/1644/1644
f 1595/1595/1595 1596/1596/1596 1646/1646/1646 1645/1645/1645
f 1596/1596/1596 1597/1597/1597 1647/1647/1647 1646/1646/1646
f 1597/1597/1597 1598/1598/1598 1648/1648/1648 1647/1647/1647
f 1598/1598/1598 1599/1599/1599 1649/1649/1649 1648/1648/1648
f 1599/1599/1599 1600/1600/1600 1650/1650/1650 1649/1649/1649
f 1601/1602/1601 1602/1601/1602 1652/1651/1652 1651/1652/1651
f 1602/1601/1602 1603/1603/1603 1653/1653/1653 1652/1651/1652
f 1603/1603/1603 1604/1604/1604 1654/1654/1654 1653/1653/1653
f 1604/1604/1604 1605/1605/1605 1655/1655/1655 1654/1654/1654
f 1605/1605/1605 1606/1606/1606 1656/1656/1656 1655/1655/1655
f 1606/1606/1606 1607/1607/1607 1657/1657/1657 1656/1656/1656
f 1607/1607/1607 1608/1608/1608 1658/1658/1658 1657/1657/1657
f 1608/1608/1608 1609/1609/1609 1659/1659/1659 1658/1658/1658
f 1609/1609/1609 1610/1610/1610 1660/1660/1660 1659/1659/1659
f 1610/1610/1610 1611/1611/1611 1661/1661/1661 1660/1660/1660
f 1611/1611/1611 1612/1612/1612 1662/1662/1662 1661/1661/1661
f 1612/1612/1612 1613/1613/1613 1663/1663/1663 1662/1662/1662
f 1613/1613/1613 1614/1614/1614 1664/1664/1664 1663/1663/1663
f 1614/1614/1614 1615/1615/1615 1665/1665/1665 1664/1664/1664
f 1615/1615/1615 1616/1616/1616 1666/1666/1666 1665/1665/1665
f 1616/1616/1616 1617/1617/1617 1667/1667/1667 1666/1666/1666
f 1617/1617/1617 1618/1618/1618 1668/1668/1668 1667/1667/1667
f 1618/1618/1618 1619/1619/1619 1669/1669/1669 1668/1668/1668
f 1619/1619/1619 1620/1620/1620 1670/1670/1670 1669/1669/1669
f 1620/1620/1620 1621/1621/1621 1671/1671/1671 1670/1670/1670
f 1621/1621/1621 1622/1622/1622 1672/1672/1672 1671/1671/1671
f 1622/1622/1622 1623/1623/1623 1673/1673/1673 1672/1672/1672
f 1623/1623/1623 1624/1624/1624 1674/1674/1674 1673/1673/1673
f 1624/1624/1624 1625/1625/1625 1675/1675/1675 1674/1674/1674
f 1625/1625/1625 1626/1626/1626 1676/1676/1676 1675/1675/1675
f 1626/1626/1626 1627/1627/1627 1677/1677/1677 1676/1676/1676
f 1627/1627/1627 1628/1628/1628 1678/1678/1678 1677/1677/1677
f 1628/1628/1628 1629/1629/1629 1679/1679/1679 1678/1678/1678
f 1629/1629/1629 1630/1630/1630 1680/1680/1680 1679/1679/1679
f 1630/1630/1630 1631/1631/1631 1681/1681/1681 1680/1680/1680
f 1631/1631/1631 1632/1632/1632 1682/1682/1682 1681/1681/1681
f 1632/1632/1632 1633/1633/1633 1683/1683/1683 1682/1682/1682
f 1633/1633/1633 1634/1634/1634 1684/1684/1684 1683/1683/1683
f 1634/1634/1634 1635/1635/1635 1685/1685/1685 1684/1684/1684
f 1635/1635/1635 1636/1636/1636 1686/1686/1686 1685/1685/1685
f 1636/1636/1636 1637/1637/1637 1687/1687/1687 1686/1686/1686
f 1637/1637/1637 1638/1638/1638 1688/1688/1688 1687/1687/1687
f 1638/1638/1638 1639/1639/1639 1689/1689/1689 1688/1688/1688
f 1639/1639/1639 1640/1640/1640 1690/1690/1690 1689/1689/1689
f 1640/1640/1640 1641/1641/1641 1691/1691/1691 1690/1690/1690
f 1641/1641/1641 1642/1642/1642 1692/1692/1692 1691/1691/1691
f 1642/1642/1642 1643/1643/1643 1693/1693/1693 1692/1692/1692
f 1643/1643/1643 1644/1644/1644 1694/1694/1694 1693/1693/1693
f 1644/1644/1644 1645/1645/1645 1695/1695/1695 1694/1694/1694
f 1645/1645/1645 1646/1646/1646 1696/1696/1696 1695/1695/1695
f 1646/1646/1646 1647/1647/1647 1697/1697/1697 1696/1696/1696
f 1647/1647/1647 1648/1648/1648 1698/1698/1698 1697/1697/1697
f 1648/1648/1648 1649/1649/1649 1699/1699/1699 1698/1698/1698
f 1649/1649/1649 1650/1650/1650 1700/1700/1700 1699/1699/1699
f 1651/1652/1651 1652/1651/1652 1702/1701/1702 1701/1702/1701
f 1652/1651/1652 1653/1653/1653 1703/1703/1703 1702/1701/1702
f 1653/1653/1653 1654/1654/1654 1704/1704/1704 1703/1703/1703
f 1654/1654/1654 1655/1655/1655 1705/1705/1705 1704/1704/1704
f 1655/1655/1655 1656/1656/1656 1706/1706/1706 1705/1705/1705
f 1656/1656/1656 1657/1657/1657 1707/1707/1707 1706/1706/1706
f 1657/1657/1657 1658/1658/1658 1708/1708/1708 1707/1707/1707
f 1658/1658/1658 1659/1659/1659 1709/1709/1709 1708/1708/1708
f 1659/1659/1659 1660/1660/1660 1710/1710/1710 1709/1709/1709
f 1660/1660/1660 1661/1661/1661 1711/1711/1711 1710/1710/1710
f 1661/1661/1661 1662/1662/1662 1712/1712/1712 1711/1711/1711
f 1662/1662/1662 1663/1663/1663 1713/1713/1713 1712/1712/1712
f 1663/1663/1663 1664/1664/1664 1714/1714/1714 1713/1713/1713
f 1664/1664/1664 1665/1665/1665 1715/1715/1715 1714/1714/1714
f 1665/1665/1665 1666/1666/1666 1716/1716/1716 1715/1715/1715
f 1666/1666/1666 1667/1667/1667 1717/1717/1717 1716/1716/1716
f 1667/1667/1667 1668/1668/1668 1718/1718/1718 1717/1717/1717
f 1668/1668/1668 1669/1669/1669 1719/1719/1719 1718/1718/1718
f 1669/1669/1669 1670/1670/1670 1720/1720/1720 1719/1719/1719
f 1670/1670/1670 1671/1671/1671 1721/1721/1721 1720/1720/1720
f 1671/1671/1671 1672/1672/1672 1722/1722/1722 1721/1721/1721
f 1672/1672/1672 1673/1673/1673 1723/1723/1723 1722/1722/1722
f 1673/1673/1673 1674/1674/1674 1724/1724/1724 1723/1723/1723
f 1674/1674/1674 1675/1675/1675 1725/1725/1725 1724/1724/1724
f 1675/1675/1675 1676/1676/1676 1726/1726/1726 1725/1725/1725
f 1676/1676/1676 1677/1677/1677 1727/1727/1727 1726/1726/1726
f 1677/1677/1677 1678/1678/1678 1728/1728/1728 1727/1727/1727
f 1678/1678/1678 1679/1679/1679 1729/1729/1729 1728/1728/1728
f 1679/1679/1679 1680/1680/1680 1730/1730/1730 1729/1729/1729
f 1680/1680/1680 1681/1681/1681 1731/1731/1731 1730/1730/1730
f 1681/1681/1681 1682/1682/1682 1732/1732/1732 1731/1731/1731
f 1682/1682/1682 1683/1683/1683 1733/1733/1733 1732/1732/1732
f 1683/1683/1683 1684/1684/1684 1734/1734/1734 1733/1733/1733
f 1684/1684/1684 1685/1685/1685 1735/1735/1735 1734/1734/1734
f 1685/1685/1685 1686/1686/1686 1736/1736/1736 1735/1735/1735
f 1686/1686/1686 1687/1687/1687 1737/1737/1737 1736/1736/1736
f 1687/1687/1687 1688/1688/1688 1738/1738/1738 1737/1737/1737
f 1688/1688/1688 1689/1689/1689 1739/1739/1739 1738/1738/1738
f 1689/1689/1689 1690/1690/1690 1740/1740/1740 1739/1739/1739
f 1690/1690/1690 1691/1691/1691 1741/1741/1741 1740/1740/1740
f 1691/1691/1691 1692/1692/1692 1742/1742/1742 1741/1741/1741
f 1692/1692/1692 1693/1693/1693 1743/1743/1743 1742/1742/1742
f 1693/1693/1693 1694/1694/1694 1744/1744/1744 1743/1743/1743
f 1694/1694/1694 1695/1695/1695 1745/1745/1745 1744/1744/1744
f 1695/1695/1695 1696/1696/1696 1746/1746/1746 1745/1745/1745
f 1696/1696/1696 1697/1697/1697 1747/1747/1747 1746/1746/1746
f 1697/1697/1697 1698/1698/1698 1748/1748/1748 1747/1747/1747
f 1698/1698/1698 1699/1699/1699 1749/1749/1749 1748/1748/1748
f 1699/1699/1699 1700/1700/1700 1750/1750/1750 1749/1749/1749
f 1701/1702/1701 1702/1701/1702 1752/1751/1752 1751/1752/1751
f 1702/1701/1702 1703/1703/1703 1753/1753/1753 1752/1751/1752
f 1703/1703/1703 1704/1704/1704 1754/1754/1754 1753/1753/1753
f 1704/1704/1704 1705/1705/1705 1755/1755/1755 1754/1754/1754
f 1705/1705/1705 1706/1706/1706 1756/1756/1756 1755/1755/1755
f 1706/1706/1706 1707/1707/1707 1757/1757/1757 1756/1756/1756
f 1707/1707/1707 1708/1708/1708 1758/1758/1758 1757/1757/1757
f 1708/1708/1708 1709/1709/1709 1759/1759/1759 1758/1758/1758
f 1709/1709/1709 1710/1710/1710 1760/1760/1760 1759/1759/1759
f 1710/1710/1710 1711/1711/1711 1761/1761/1761 1760/1760/1760
f 1711/1711/1711 1712/1712/1712 1762/1762/1762 1761/1761/1761
f 1712/1712/1712 1713/1713/1713 1763/1763/1763 1762/1762/1762
f 1713/1713/1713 1714/1714/1714 1764/1764/1764 1763/1763/1763
f 1714/1714/1714 1715/1715/1715 1765/1765/1765 1764/1764/1764
f 1715/1715/1715 1716/1716/1716 1766/1766/1766 1765/1765/1765
f 1716/1716/1716 1717/1717/1717 1767/1767/1767 1766/1766/1766
f 1717/1717/1717 1718/1718/1718 1768/1768/1768 1767/1767/1767
f 1718/1718/1718 1719/1719/1719 1769/1769/1769 1768/1768/1768
f 1719/1719/1719 1720/1720/1720 1770/1770/1770 1769/1769/1769
f 1720/1720/1720 1721/1721/1721 1771/1771/1771 1770/1770/1770
f 1721/1721/1721 1722/1722/1722 1772/1772/1772 1771/1771/1771
f 1722/1722/1722 1723/1723/1723 1773/1773/1773 1772/1772/1772
f 1723/1723/1723 1724/1724/1724 1774/1774/1774 1773/1773/1773
f 1724/1724/1724 1725/1725/1725 1775/1775/1775 1774/1774/1774
f 1725/1725/1725 1726/1726/1726 1776/1776/1776 1775/1775/1775
f 1726/1726/1726 1727/1727/1727 1777/1777/1777 1776/1776/1776
f 1727/1727/1727 1728/1728/1728 1778/1778/1778 1777/1777/1777
f 1728/1728/1728 1729/1729/1729 1779/1779/1779 1778/1778/1778
f 1729/1729/1729 1730/1730/1730 1780/1780/1780 1779/1779/1779
f 1730/1730/1730 1731/1731/1731 1781/1781/1781 1780/1780/1780
f 1731/1731/1731 1732/1732/1732 1782/1782/1782 1781/1781/1781
f 1732/1732/1732 1733/1733/1733 1783/1783/1783 1782/1782/1782
f 1733/1733/1733 1734/1734/1734 1784/1784/1784 1783/1783/1783
f 1734/1734/1734 1735/1735/1735 1785/1785/1785 1784/1784/1784
f 1735/1735/1735 1736/1736/1736 1786/1786/1786 1785/1785/1785
f 1736/1736/1736 1737/1737/1737 1787/1787/1787 1786/1786/1786
f 1737/1737/1737 1738/1738/1738 1788/1788/1788 1787/1787/1787
f 1738/1738/1738 1739/1739/1739 1789/1789/1789 1788/1788/1788
f 1739/1739/1739 1740/1740/1740 1790/1790/1790 1789/1789/1789
f 1740/1740/1740 1741/1741/1741 1791/1791/1791 1790/1790/1790
f 1741/1741/1741 1742/1742/1742 1792/1792/1792 1791/1791/1791
f 1742/1742/1742 1743/1743/1743 1793/1793/1793 1792/1792/1792
f 1743/1743/1743 1744/1744/1744 1794/1794/1794 1793/1793/1793
f 1744/1744/1744 1745/1745/1745 1795/1795/1795 1794/1794/1794
f 1745/1745/1745 1746/1746/1746 1796/1796/1796 1795/1795/1795
f 1746/1746/1746 1747/1747/1747 1797/1797/1797 1796/1796/1796
f 1747/1747/1747 1748/1748/1748 1798/1798/1798 1797/1797/1797
f 1748/1748/1748 1749/1749/1749 1799/1799/1799 1798/1798/1798
f 1749/1749/1749 1750/1750/1750 1800/1800/1800 1799/1799/1799
f 1751/1752/1751 1752/1751/1752 1802/1801/1802 1801/1802/1801
f 1752/1751/1752 1753/1753/1753 1803/1803/1803 1802/1801/1802
f 1753/1753/1753 1754/1754/1754 1804/1804/1804 1803/1803/1803
f 1754/1754/1754 1755/1755/1755 1805/1805/1805 1804/1804/1804
f 1755/1755/1755 1756/1756/1756 1806/1806/1806 1805/1805/1805
f 1756/1756/1756 1757/1757/1757 1807/1807/1807 1806/1806/1806
f 1757/1757/1757 1758/1758/1758 1808/1808/1808 1807/1807/1807
f 1758/1758/1758 1759/1759/1759 1809/1809/1809 1808/1808/1808
f 1759/1759/1759 1760/1760/1760 1810/1810/1810 1809/1809/1809
f 1760/1760/1760 1761/1761/1761 1811/1811/1811 1810/1810/1810
f 1761/1761/1761 1762/1762/1762 1812/1812/1812 1811/1811/1811
f 1762/1762/1762 1763/1763/1763 1813/1813/1813 1812/1812/1812
f 1763/1763/1763 1764/1764/1764 1814/1814/1814 1813/1813/1813
f 1764/1764/1764 1765/1765/1765 1815/1815/1815 1814/1814/1814
f 1765/1765/1765 1766/1766/1766 1816/1816/1816 1815/1815/1815
f 1766/1766/1766 1767/1767/1767 1817/1817/1817 1816/1816/1816
f 1767/1767/1767 1768/1768/1768 1818/1818/1818 1817/1817/1817
f 1768/1768/1768 1769/1769/1769 1819/1819/1819 1818/1818/1818
f 1769/1769/1769 1770/1770/1770 1820/1820/1820 1819/1819/1819
f 1770/1770/1770 1771/1771/1771 1821/1821/1821 1820/1820/1820
f 1771/1771/1771 1772/1772/1772 1822/1822/1822 1821/1821/1821
f 1772/1772/1772 1773/1773/1773 1823/1823/1823 1822/1822/1822
f 1773/1773/1773 1774/1774/1774 1824/1824/1824 1823/1823/1823
f 1774/1774/1774 1775/1775/1775 1825/1825/1825 1824/1824/1824
f 1775/1775/1775 1776/1776/1776 1826/1826/1826 1825/1825/1825
f 1776/1776/1776 1777/1777/1777 1827/1827/1827 1826/1826/1826
f 1777/1777/1777 1778/1778/1778 1828/1828/1828 1827/1827/1827
f 1778/1778/1778 1779/1779/1779 1829/1829/1829 1828/1828/1828
f 1779/1779/1779 1780/1780/1780 1830/1830/1830 1829/1829/1829
f 1780/1780/1780 1781/1781/1781 1831/1831/1831 1830/1830/1830
f 1781/1781/1781 1782/1782/1782 1832/1832/1832 1831/1831/1831
f 1782/1782/1782 1783/1783/1783 1833/1833/1833 1832/1832/1832
f 1783/1783/1783 1784/1784/1784 1834/1834/1834 1833/1833/1833
f 1784/1784/1784 1785/1785/1785 1835/1835/1835 1834/1834/1834
f 1785/1785/1785 1786/1786/1786 1836/1836/1836 1835/1835/1835
f 1786/1786/1786 1787/1787/1787 1837/1837/1837 1836/1836/1836
f 1787/1787/1787 1788/1788/1788 1838/1838/1838 1837/1837/1837
f 1788/1788/1788 1789/1789/1789 1839/1839/1839 1838/1838/1838
f 1789/1789/1789 1790/1790/1790 1840/1840/1840 1839/1839/1839
f 1790/1790/1790 1791/1791/1791 1841/1841/1841 1840/1840/1840
f 1791/1791/1791 1792/1792/1792 1842/1842/1842 1841/1841/1841
f 1792/1792/1792 1793/1793/1793 1843/1843/1843 1842/1842/1842
f 1793/1793/1793 1794/1794/1794 1844/1844/1844 1843/1843/1843
f 1794/1794/1794 1795/1795/1795 1845/1845/1845 1844/1844/1844
f 1795/1795/1795 1796/1796/1796 1846/1846/1846 1845/1845/1845
f 1796/1796/1796 1797/1797/1797 1847/1847/1847 1846/1846/1846
f 1797/1797/1797 1798/1798/1798 1848/1848/1848 1847/1847/1847
f 1798/1798/1798 1799/1799/1799 1849/1849/1849 1848/1848/1848
f 1799/1799/1799 1800/1800/1800 1850/1850/1850 1849/1849/1849
f 1801/1802/1801 1802/1801/1802 1852/1851/1852 1851/1852/1851
f 1802/1801/1802 1803/1803/1803 1853/1853/1853 1852/1851/1852
f 1803/1803/1803 1804/1804/1804 1854/1854/1854 1853/1853/1853
f 1804/1804/1804 1805/1805/1805 1855/1855/1855 1854/1854/1854
f 1805/1805/1805 1806/1806/1806 1856/1856/1856 1855/1855/1855
f 1806/1806/1806 1807/1807/1807 1857/1857/1857 1856/1856/1856
f 1807/1807/1807 1808/1808/1808 1858/1858/1858 1857/1857/1857
f 1808/1808/1808 1809/1809/1809 1859/1859/1859 1858/1858/1858
f 1809/1809/1809 1810/1810/1810 1860/1860/1860 1859/1859/1859
f 1810/1810/1810 1811/1811/1811 1861/1861/1861 1860/1860/1860
f 1811/1811/1811 1812/1812/1812 1862/1862/1862 1861/1861/1861
f 1812/1812/1812 1813/1813/1813 1863/1863/1863 1862/1862/1862
f 1813/1813/1813 1814/1814/1814 1864/1864/1864 1863/1863/1863
f 1814/1814/1814 1815/1815/1815 1865/1865/1865 1864/1864/1864
f 1815/1815/1815 1816/1816/1816 1866/1866/1866 1865/1865/1865
f 1816/1816/1816 1817/1817/1817 1867/1867/1867 1866/1866/1866
f 1817/1817/1817 1818/1818/1818 1868/1868/1868 1867/1867/1867
f 1818/1818/1818 1819/1819/1819 1869/1869/1869 1868/1868/1868
f 1819/1819/1819 1820/1820/1820 1870/1870/1870 1869/1869/1869
f 1820/1820/1820 1821/1821/1821 1871/1871/1871 1870/1870/1870
f 1821/1821/1821 1822/1822/1822 1872/1872/1872 1871/1871/1871
f 1822/1822/1822 1823/1823/1823 1873/1873/1873 1872/1872/1872
f 1823/1823/1823 1824/1824/1824 1874/1874/1874 1873/1873/1873
f 1824/1824/1824 1825/1825/1825 1875/1875/1875 1874/1874/1874
f 1825/1825/1825 1826/1826/1826 1876/1876/1876 1875/1875/1875
f 1826/1826/1826 1827/1827/1827 1877/1877/1877 1876/1876/1876
f 1827/1827/1827 1828/1828/1828 1878/1878/1878 1877/1877/1877
f 1828/1828/1828 1829/1829/1829 1879/1879/1879 1878/1878/1878
f 1829/1829/1829 1830/1830/1830 1880/1880/1880 1879/1879/1879
f 1830/1830/1830 1831/1831/1831 1881/1881/1881 1880/1880/1880
f 1831/1831/1831 1832/1832/1832 1882/1882/1882 1881/1881/1881
f 1832/1832/1832 1833/1833/1833 1883/1883/1883 1882/1882/1882
f 1833/1833/1833 1834/1834/1834 1884/1884/1884 1883/1883/1883
f 1834/1834/1834 1835/1835/1835 1885/1885/1885 1884/1884/1884
f 1835/1835/1835 1836/1836/1836 1886/1886/1886 1885/1885/1885
f 1836/1836/1836 1837/1837/1837 1887/1887/1887 1886/1886/1886
f 1837/1837/1837 1838/1838/1838 1888/1888/1888 1887/1887/1887
f 1838/1838/1838 1839/1839/1839 1889/1889/1889 1888/1888/1888
f 1839/1839/1839 1840/1840/1840 1890/1890/1890 1889/1889/1889
f 1840/1840/1840 1841/1841/1841 1891/1891/1891 1890/1890/1890
f 1841/1841/1841 1842/1842/1842 1892/1892/1892 1891/1891/1891
f 1842/1842/1842 1843/1843/1843 1893/1893/1893 1892/1892/1892
f 1843/1843/1843 1844/1844/1844 1894/1894/1894 1893/1893/1893
f 1844/1844/1844 1845/1845/1845 1895/1895/1895 1894/1894/1894
f 1845/1845/1845 1846/1846/1846 1896/1896/1896 1895/1895/1895
f 1846/1846/1846 1847/1847/1847 1897/1897/1897 1896/1896/1896
f 1847/1847/1847 1848/1848/1848 1898/1898/1898 1897/1897/1897
f 1848/1848/1848 1849/1849/1849 1899/1899/1899 1898/1898/1898
f 1849/1849/1849 1850/1850/1850 1900/1900/1900 1899/1899/1899
f 1851/1852/1851 1852/1851/1852 1902/1901/1902 1901/1902/1901
f 1852/1851/1852 1853/1853/1853 1903/1903/1903 1902/1901/1902
f 1853/1853/1853 1854/1854/1854 1904/1904/1904 1903/1903/1903
f 1854/1854/1854 1855/1855/1855 1905/1905/1905 1904/1904/1904
f 1855/1855/1855 1856/1856/1856 1906/1906/1906 1905/1905/1905
f 1856/1856/1856 1857/1857/1857 1907/1907/1907 1906/1906/1906
f 1857/1857/1857 1858/1858/1858 1908/1908/1908 1907/1907/1907
f 1858/1858/1858 1859/1859/1859 1909/1909/1909 1908/1908/1908
f 1859/1859/1859 1860/1860/1860 1910/1910/1910 1909/1909/1909
f 1860/1860/1860 1861/1861/1861 1911/1911/1911 1910/1910/1910
f 1861/1861/1861 1862/1862/1862 1912/1912/1912 1911/1911/1911
f 1862/1862/1862 1863/1863/1863 1913/1913/1913 1912/1912/1912
f 1863/1863/1863 1864/1864/1864 1914/1914/1914 1913/1913/1913
f 1864/1864/1864 1865/1865/1865 1915/1915/1915 1914/1914/1914
f 1865/1865/1865 1866/1866/1866 1916/1916/1916 1915/1915/1915
f 1866/1866/1866 1867/1867/1867 1917/1917/1917 1916/1916/1916
f 1867/1867/1867 1868/1868/1868 1918/1918/1918 1917/1917/1917
f 1868/1868/1868 1869/1869/1869 1919/1919/1919 1918/1918/1918
f 1869/1869/1869 1870/1870/1870 1920/1920/1920 1919/1919/1919
f 1870/1870/1870 1871/1871/1871 1921/1921/1921 1920/1920/1920
f 1871/1871/1871 1872/1872/1872 1922/1922/1922 1921/1921/1921
f 1872/1872/1872 1873/1873/1873 1923/1923/1923 1922/1922/1922
f 1873/1873/1873 1874/1874/1874 1924/1924/1924 1923/1923/1923
f 1874/1874/1874 1875/1875/1875 1925/1925/1925 1924/1924/1924
f 1875/1875/1875 1876/1876/1876 1926/1926/1926 1925/1925/1925
f 1876/1876/1876 1877/1877/1877 1927/1927/1927 1926/1926/1926
f 1877/1877/1877 1878/1878/1878 1928/1928/1928 1927/1927/1927
f 1878/1878/1878 1879/1879/1879 1929/1929/1929 1928/1928/1928
f 1879/1879/1879 1880/1880/1880 1930/1930/1930 1929/1929/1929
f 1880/1880/1880 1881/1881/1881 1931/1931/1931 1930/1930/1930
f 1881/1881/1881 1882/1882/1882 1932/1932/1932 1931/1931/1931
f 1882/1882/1882 1883/1883/1883 1933/1933/1933 1932/1932/1932
f 1883/1883/1883 1884/1884/1884 1934/1934/1934 1933/1933/1933
f 1884/1884/1884 1885/1885/1885 1935/1935/1935 1934/1934/1934
f 1885/1885/1885 1886/1886/1886 1936/1936/1936 1935/1935/1935
f 1886/1886/1886 1887/1887/1887 1937/1937/1937 1936/1936/1936
f 1887/1887/1887 1888/1888/1888 1938/1938/1938 1937/1937/1937
f 1888/1888/1888 1889/1889/1889 1939/1939/1939 1938/1938/1938
f 1889/1889/1889 1890/1890/1890 1940/1940/1940 1939/1939/1939
f 1890/1890/1890 1891/1891/1891 1941/1941/1941 1940/1940/1940
f 1891/1891/1891 1892/1892/1892 1942/1942/1942 1941/1941/1941
f 1892/1892/1892 1893/1893/1893 1943/1943/1943 1942/1942/1942
f 1893/1893/1893 1894/1894/1894 1944/1944/1944 1943/1943/1943
f 1894/1894/1894 1895/1895/1895 1945/1945/1945 1944/1944/1944
f 1895/1895/1895 1896/1896/1896 1946/1946/1946 1945/1945/1945
f 1896/1896/1896 1897/1897/1897 1947/1947/1947 1946/1946/1946
f 1897/1897/1897 1898/1898/1898 1948/1948/1948 1947/1947/1947
f 1898/1898/1898 1899/1899/1899 1949/1949/1949 1948/1948/1948
f 1899/1899/1899 1900/1900/1900 1950/1950/1950 1949/1949/1949
f 1901/1902/1901 1902/1901/1902 1952/1951/1952 1951/1952/1951
f 1902/1901/1902 1903/1903/1903 1953/1953/1953 1952/1951/1952
f 1903/1903/1903 1904/1904/1904 1954/1954/1954 1953/1953/1953
f 1904/1904/1904 1905/1905/1905 1955/1955/1955 1954/1954/1954
f 1905/1905/1905 1906/1906/1906 1956/1956/1956 1955/1955/1955
f 1906/1906/1906 1907/1907/1907 1957/1957/1957 1956/1956/1956
f 1907/1907/1907 1908/1908/1908 1958/1958/1958 1957/1957/1957
f 1908/1908/1908 1909/1909/1909 1959/1959/1959 1958/1958/1958
f 1909/1909/1909 1910/1910/1910 1960/1960/1960 1959/1959/1959
f 1910/1910/1910 1911/1911/1911 1961/1961/1961 1960/1960/1960
f 1911/1911/1911 1912/1912/1912 1962/1962/1962 1961/1961/1961
f 1912/1912/1912 1913/1913/1913 1963/1963/1963 1962/1962/1962
f 1913/1913/1913 1914/1914/1914 1964/1964/1964 1963/1963/1963
f 1914/1914/1914 1915/1915/1915 1965/1965/1965 1964/1964/1964
f 1915/1915/1915 1916/1916/1916 1966/1966/1966 1965/1965/1965
f 1916/1916/1916 1917/1917/1917 1967/1967/1967 1966/1966/1966
f 1917/1917/1917 1918/1918/1918 1968/1968/1968 1967/1967/1967
f 1918/1918/1918 1919/1919/1919 1969/1969/1969 1968/1968/1968
f 1919/1919/1919 1920/1920/1920 1970/1970/1970 1969/1969/1969
f 1920/1920/1920 1921/1921/1921 1971/1971/1971 1970/1970/1970
f 1921/1921/1921 1922/1922/1922 1972/1972/1972 1971/1971/1971
f 1922/1922/1922 1923/1923/1923 1973/1973/1973 1972/1972/1972
f 1923/1923/1923 1924/1924/1924 1974/1974/1974 1973/1973/1973
f 1924/1924/1924 1925/1925/1925 1975/1975/1975 1974/1974/1974
f 1925/1925/1925 1926/1926/1926 1976/1976/1976 1975/1975/1975
f 1926/1926/1926 1927/1927/1927 1977/1977/1977 1976/1976/1976
f 1927/1927/1927 1928/1928/1928 1978/1978/1978 1977/1977/1977
f 1928/1928/1928 1929/1929/1929 1979/1979/1979 1978/1978/1978
f 1929/1929/1929 1930/1930/1930 1980/1980/1980 1979/1979/1979
f 1930/1930/1930 1931/1931/1931 1981/1981/1981 1980/1980/1980
f 1931/1931/1931 1932/1932/1932 1982/1982/1982 1981/1981/1981
f 1932/1932/1932 1933/1933/1933 1983/1983/1983 1982/1982/1982
f 1933/1933/1933 1934/1934/1934 1984/1984/1984 1983/1983/1983
f 1934/1934/1934 1935/1935/1935 1985/1985/1985 1984/1984/1984
f 1935/1935/1935 1936/1936/1936 1986/1986/1986 1985/1985/1985
f 1936/1936/1936 1937/1937/1937 1987/1987/1987 1986/1986/1986
f 1937/1937/1937 1938/1938/1938 1988/1988/1988 1987/1987/1987
f 1938/1938/1938 1939/1939/1939 1989/1989/1989 1988/1988/1988
f 1939/1939/1939 1940/1940/1940 1990/1990/1990 1989/1989/1989
f 1940/1940/1940 1941/1941/1941 1991/1991/1991 1990/1990/1990
f 1941/1941/1941 1942/1942/1942 1992/1992/1992 1991/1991/1991
f 1942/1942/1942 1943/1943/1943 1993/1993/1993 1992/1992/1992
f 1943/1943/1943 1944/1944/1944 1994/1994/1994 1993/1993/1993
f 1944/1944/1944 1945/1945/1945 1995/1995/1995 1994/1994/1994
f 1945/1945/1945 1946/1946/1946 1996/1996/1996 1995/1995/1995
f 1946/1946/1946 1947/1947/1947 1997/1997/1997 1996/1996/1996
f 1947/1947/1947 1948/1948/1948 1998/1998/1998 1997/1997/1997
f 1948/1948/1948 1949/1949/1949 1999/1999/1999 1998/1998/1998
f 1949/1949/1949 1950/1950/1950 2000/2000/2000 1999/1999/1999
f 1951/1952/1951 1952/1951/1952 2002/2001/2002 2001/2002/2001
f 1952/1951/1952 1953/1953/1953 2003/2003/2003 2002/2001/2002
f 1953/1953/1953 1954/1954/1954 2004/2004/2004 2003/2003/2003
f 1954/1954/1954 1955/1955/1955 2005/2005/2005 2004/2004/2004
f 1955/1955/1955 1956/1956/1956 2006/2006/2006 2005/2005/2005
f 1956/1956/1956 1957/1957/1957 2007/2007/2007 2006/2006/2006
f 1957/1957/1957 1958/1958/1958 2008/2008/2008 2007/2007/2007
f 1958/1958/1958 1959/1959/1959 2009/2009/2009 2008/2008/2008
f 1959/1959/1959 1960/1960/1960 2010/2010/2010 2009/2009/2009
f 1960/1960/1960 1961/1961/1961 2011/2011/2011 2010/2010/2010
f 1961/1961/1961 1962/1962/1962 2012/2012/2012 2011/2011/2011
f 1962/1962/1962 1963/1963/1963 2013/2013/2013 2012/2012/2012
f 1963/1963/1963 1964/1964/1964 2014/2014/2014 2013/2013/2013
f 1964/1964/1964 1965/1965/1965 2015/2015/2015 2014/2014/2014
f 1965/1965/1965 1966/1966/1966 2016/2016/2016 2015/2015/2015
f 1966/1966/1966 1967/1967/1967 2017/2017/2017 2016/2016/2016
f 1967/1967/1967 1968/1968/1968 2018/2018/2018 2017/2017/2017
f 1968/1968/1968 1969/1969/1969 2019/2019/2019 2018/2018/2018
f 1969/1969/1969 1970/1970/1970 2020/2020/2020 2019/2019/2019
f 1970/1970/1970 1971/1971/1971 2021/2021/2021 2020/2020/2020
f 1971/1971/1971 1972/1972/1972 2022/2022/2022 2021/2021/2021
f 1972/1972/1972 1973/1973/1973 2023/2023/2023 2022/2022/2022
f 1973/1973/1973 1974/1974/1974 2024/2024/2024 2023/2023/2023
f 1974/1974/1974 1975/1975/1975 2025/2025/2025 2024/2024/2024
f 1975/1975/1975 1976/1976/1976 2026/2026/2026 2025/2025/2025
f 1976/1976/1976 1977/1977/1977 2027/2027/2027 2026/2026/2026
f 1977/1977/1977 1978/1978/1978 2028/2028/2028 2027/2027/2027
f 1978/1978/1978 1979/1979/1979 2029/2029/2029 2028/2028/2028
f 1979/1979/1979 1980/1980/1980 2030/2030/2030 2029/2029/2029
f 1980/1980/1980 1981/1981/1981 2031/2031/2031 2030/2030/2030
f 1981/1981/1981 1982/1982/1982 2032/2032/2032 2031/2031/2031
f 1982/1982/1982 1983/1983/1983 2033/2033/2033 2032/2032/2032
f 1983/1983/1983 1984/1984/1984 2034/2034/2034 2033/2033/2033
f 1984/1984/1984 1985/1985/1985 2035/2035/2035 2034/2034/2034
f 1985/1985/1985 1986/1986/1986 2036/2036/2036 2035/2035/2035
f 1986/1986/1986 1987/1987/1987 2037/2037/2037 2036/2036/2036
f 1987/1987/1987 1988/1988/1988 2038/2038/2038 2037/2037/2037
f 1988/1988/1988 1989/1989/1989 2039/2039/2039 2038/2038/2038
f 1989/1989/1989 1990/1990/1990 2040/2040/2040 2039/2039/2039
f 1990/1990/1990 1991/1991/1991 2041/2041/2041 2040/2040/2040
f 1991/1991/1991 1992/1992/1992 2042/2042/2042 2041/2041/2041
f 1992/1992/1992 1993/1993/1993 2043/2043/2043 2042/2042/2042
f 1993/1993/1993 1994/1994/1994 2044/2044/2044 2043/2043/2043
f 1994/1994/1994 1995/1995/1995 2045/2045/2045 2044/2044/2044
f 1995/1995/1995 1996/1996/1996 2046/2046/2046 2045/2045/2045
f 1996/1996/1996 1997/1997/1997 2047/2047/2047 2046/2046/2046
f 1997/1997/1997 1998/1998/1998 2048/2048/2048 2047/2047/2047
f 1998/1998/1998 1999/1999/1999 2049/2049/2049 2048/2048/2048
f 1999/1999/1999 2000/2000/2000 2050/2050/2050 2049/2049/2049
f 2001/2002/2001 2002/2001/2002 2052/2051/2052 2051/2052/2051
f 2002/2001/2002 2003/2003/2003 2053/2053/2053 2052/2051/2052
f 2003/2003/2003 2004/2004/2004 2054/2054/2054 2053/2053/2053
f 2004/2004/2004 2005/2005/2005 2055/2055/2055 2054/2054/2054
f 2005/2005/2005 2006/2006/2006 2056/2056/2056 2055/2055/2055
f 2006/2006/2006 2007/2007/2007 2057/2057/2057 2056/2056/2056
f 2007/2007/2007 2008/2008/2008 2058/2058/2058 2057/2057/2057
f 2008/2008/2008 2009/2009/2009 2059/2059/2059 2058/2058/2058
f 2009/2009/2009 2010/2010/2010 2060/2060/2060 2059/2059/2059
f 2010/2010/2010 2011/2011/2011 2061/2061/2061 2060/2060/2060
f 2011/2011/2011 2012/2012/2012 2062/2062/2062 2061/2061/2061
f 2012/2012/2012 2013/2013/2013 2063/2063/2063 2062/2062/2062
f 2013/2013/2013 2014/2014/2014 2064/2064/2064 2063/2063/2063
f 2014/2014/2014 2015/2015/2015 2065/2065/2065 2064/2064/2064
f 2015/2015/2015 2016/2016/2016 2066/2066/2066 2065/2065/2065
f 2016/2016/2016 2017/2017/2017 2067/2067/2067 2066/2066/2066
f 2017/2017/2017 2018/2018/2018 2068/2068/2068 2067/2067/2067
f 2018/2018/2018 2019/2019/2019 2069/2069/2069 2068/2068/2068
f 2019/2019/2019 2020/2020/2020 2070/2070/2070 2069/2069/2069
f 2020/2020/2020 2021/2021/2021 2071/2071/2071 2070/2070/2070
f 2021/2021/2021 2022/2022/2022 2072/2072/2072 2071/2071/2071
f 2022/2022/2022 2023/2023/2023 2073/2073/2073 2072/2072/2072
f 2023/2023/2023 2024/2024/2024 2074/2074/2074 2073/2073/2073
f 2024/2024/2024 2025/2025/2025 2075/2075/2075 2074/2074/2074
f 2025/2025/2025 2026/2026/2026 2076/2076/2076 2075/2075/2075
f 2026/2026/2026 2027/2027/2027 2077/2077/2077 2076/2076/2076
f 2027/2027/2027 2028/2028/2028 2078/2078/2078 2077/2077/2077
f 2028/2028/2028 2029/2029/2029 2079/2079/2079 2078/2078/2078
f 2029/2029/2029 2030/2030/2030 2080/2080/2080 2079/2079/2079
f 2030/2030/2030 2031/2031/2031 2081/2081/2081 2080/2080/2080
f 2031/2031/2031 2032/2032/2032 2082/2082/2082 2081/2081/2081
f 2032/2032/2032 2033/2033/2033 2083/2083/2083 2082/2082/2082
f 2033/2033/2033 2034/2034/2034 2084/2084/2084 2083/2083/2083
f 2034/2034/2034 2035/2035/2035 2085/2085/2085 2084/2084/2084
f 2035/2035/2035 2036/2036/2036 2086/2086/2086 2085/2085/2085
f 2036/2036/2036 2037/2037/2037 2087/2087/2087 2086/2086/2086
f 2037/2037/2037 2038/2038/2038 2088/2088/2088 2087/2087/2087
f 2038/2038/2038 2039/2039/2039 2089/2089/2089 2088/2088/2088
f 2039/2039/2039 2040/2040/2040 2090/2090/2090 2089/2089/2089
f 2040/2040/2040 2041/2041/2041 2091/2091/2091 2090/2090/2090
f 2041/2041/2041 2042/2042/2042 2092/2092/2092 2091/2091/2091
f 2042/2042/2042 2043/2043/2043 2093/2093/2093 2092/2092/2092
f 2043/2043/2043 2044/2044/2044 2094/2094/2094 2093/2093/2093
f 2044/2044/2044 2045/2045/2045 2095/2095/2095 2094/2094/2094
f 2045/2045/2045 2046/2046/2046 2096/2096/2096 2095/2095/2095
f 2046/2046/2046 2047/2047/2047 2097/2097/2097 2096/2096/2096
f 2047/2047/2047 2048/2048/2048 2098/2098/2098 2097/2097/2097
f 2048/2048/2048 2049/2049/2049 2099/2099/2099 2098/2098/2098
f 2049/2049/2049 2050/2050/2050 2100/2100/2100 2099/2099/2099
f 2051/2052/2051 2052/2051/2052 2102/2101/2102 2101/2102/2101
f 2052/2051/2052 2053/2053/2053 2103/2103/2103 2102/2101/2102
f 2053/2053/2053 2054/2054/2054 2104/2104/2104 2103/2103/2103
f 2054/2054/2054 2055/2055/2055 2105/2105/2105 2104/2104/2104
f 2055/2055/2055 2056/2056/2056 2106/2106/2106 2105/2105/2105
f 2056/2056/2056 2057/2057/2057 2107/2107/2107 2106/2106/2106
f 2057/2057/2057 2058/2058/2058 2108/2108/2108 2107/2107/2107
f 2058/2058/2058 2059/2059/2059 2109/2109/2109 2108/2108/2108
f 2059/2059/2059 2060/2060/2060 2110/2110/2110 2109/2109/2109
f 2060/2060/2060 2061/2061/2061 2111/2111/2111 2110/2110/2110
f 2061/2061/2061 2062/2062/2062 2112/2112/2112 2111/2111/2111
f 2062/2062/2062 2063/2063/2063 2113/2113/2113 2112/2112/2112
f 2063/2063/2063 2064/2064/2064 2114/2114/2114 2113/2113/2113
f 2064/2064/2064 2065/2065/2065 2115/2115/2115 2114/2114/2114
f 2065/2065/2065 2066/2066/2066 2116/2116/2116 2115/2115/2115
f 2066/2066/2066 2067/2067/2067 2117/2117/2117 2116/2116/2116
f 2067/2067/2067 2068/2068/2068 2118/2118/2118 2117/2117/2117
f 2068/2068/2068 2069/2069/2069 2119/2119/2119 2118/2118/2118
f 2069/2069/2069 2070/2070/2070 2120/2120/2120 2119/2119/2119
f 2070/2070/2070 2071/2071/2071 2121/2121/2121 2120/2120/2120
f 2071/2071/2071 2072/2072/2072 2122/2122/2122 2121/2121/2121
f 2072/2072/2072 2073/2073/2073 2123/2123/2123 2122/2122/2122
f 2073/2073/2073 2074/2074/2074 2124/2124/2124 2123/2123/2123
f 2074/2074/2074 2075/2075/2075 2125/2125/2125 2124/2124/2124
f 2075/2075/2075 2076/2076/2076 2126/2126/2126 2125/2125/2125
f 2076/2076/2076 2077/2077/2077 2127/2127/2127 2126/2126/2126
f 2077/2077/2077 2078/2078/2078 2128/2128/2128 2127/2127/2127
f 2078/2078/2078 2079/2079/2079 2129/2129/2129 2128/2128/2128
f 2079/2079/2079 2080/2080/2080 2130/2130/2130 2129/2129/2129
f 2080/2080/2080 2081/2081/2081 2131/2131/2131 2130/2130/2130
f 2081/2081/2081 2082/2082/2082 2132/2132/2132 2131/2131/2131
f 2082/2082/2082 2083/2083/2083 2133/2133/2133 2132/2132/2132
f 2083/2083/2083 2084/2084/2084 2134/2134/2134 2133/2133/2133
f 2084/2084/2084 2085/2085/2085 2135/2135/2135 2134/2134/2134
f 2085/2085/2085 2086/2086/2086 2136/2136/2136 2135/2135/2135
f 2086/2086/2086 2087/2087/2087 2137/2137/2137 2136/2136/2136
f 2087/2087/2087 2088/2088/2088 2138/2138/2138 2137/2137/2137
f 2088/2088/2088 2089/2089/2089 2139/2139/2139 2138/2138/2138
f 2089/2089/2089 2090/2090/2090 2140/2140/2140 2139/2139/2139
f 2090/2090/2090 2091/2091/2091 2141/2141/2141 2140/2140/2140
f 2091/2091/2091 2092/2092/2092 2142/2142/2142 2141/2141/2141
f 2092/2092/2092 2093/2093/2093 2143/2143/2143 2142/2142/2142
f 2093/2093/2093 2094/2094/2094 2144/2144/2144 2143/2143/2143
f 2094/2094/2094 2095/2095/2095 2145/2145/2145 2144/2144/2144
f 2095/2095/2095 2096/2096/2096 2146/2146/2146 2145/2145/2145
f 2096/2096/2096 2097/2097/2097 2147/2147/2147 2146/2146/2146
f 2097/2097/2097 2098/2098/2098 2148/2148/2148 2147/2147/2147
f 2098/2098/2098 2099/2099/2099 2149/2149/2149 2148/2148/2148
f 2099/2099/2099 2100/2100/2100 2150/2150/2150 2149/2149/2149
f 2101/2102/2101 2102/2101/2102 2152/2151/2152 2151/2152/2151
f 2102/2101/2102 2103/2103/2103 2153/2153/2153 2152/2151/2152
f 2103/2103/2103 2104/2104/2104 2154/2154/2154 2153/2153/2153
f 2104/2104/2104 2105/2105/2105 2155/2155/2155 2154/2154/2154
f 2105/2105/2105 2106/2106/2106 2156/2156/2156 2155/2155/2155
f 2106/2106/2106 2107/2107/2107 2157/2157/2157 2156/2156/2156
f 2107/2107/2107 2108/2108/2108 2158/2158/2158 2157/2157/2157
f 2108/2108/2108 2109/2109/2109 2159/2159/2159 2158/2158/2158
f 2109/2109/2109 2110/2110/2110 2160/2160/2160 2159/2159/2159
f 2110/2110/2110 2111/2111/2111 2161/2161/2161 2160/2160/2160
f 2111/2111/2111 2112/2112/2112 2162/2162/2162 2161/2161/2161
f 2112/2112/2112 2113/2113/2113 2163/2163/2163 2162/2162/2162
f 2113/2113/2113 2114/2114/2114 2164/2164/2164 2163/2163/2163
f 2114/2114/2114 2115/2115/2115 2165/2165/2165 2164/2164/2164
f 2115/2115/2115 2116/2116/2116 2166/2166/2166 2165/2165/2165
f 2116/2116/2116 2117/2117/2117 2167/2167/2167 2166/2166/2166
f 2117/2117/2117 2118/2118/2118 2168/2168/2168 2167/2167/2167
f 2118/2118/2118 2119/2119/2119 2169/2169/2169 2168/2168/2168
f 2119/2119/2119 2120/2120/2120 2170/2170/2170 2169/2169/2169
f 2120/2120/2120 2121/2121/2121 2171/2171/2171 2170/2170/2170
f 2121/2121/2121 2122/2122/2122 2172/2172/2172 2171/2171/2171
f 2122/2122/2122 2123/2123/2123 2173/2173/2173 2172/2172/2172
f 2123/2123/2123 2124/2124/2124 2174/2174/2174 2173/2173/2173
f 2124/2124/2124 2125/2125/2125 2175/2175/2175 2174/2174/2174
f 2125/2125/2125 2126/2126/2126 2176/2176/2176 2175/2175/2175
f 2126/2126/2126 2127/2127/2127 2177/2177/2177 2176/2176/2176
f 2127/2127/2127 2128/2128/2128 2178/2178/2178 2177/2177/2177
f 2128/2128/2128 2129/2129/2129 2179/2179/2179 2178/2178/2178
f 2129/2129/2129 2130/2130/2130 2180/2180/2180 2179/2179/2179
f 2130/2130/2130 2131/2131/2131 2181/2181/2181 2180/2180/2180
f 2131/2131/2131 2132/2132/2132 2182/2182/2182 2181/2181/2181
f 2132/2132/2132 2133/2133/2133 2183/2183/2183 2182/2182/2182
f 2133/2133/2133 2134/2134/2134 2184/2184/2184 2183/2183/2183
f 2134/2134/2134 2135/2135/2135 2185/2185/2185 2184/2184/2184
f 2135/2135/2135 2136/2136/2136 2186/2186/2186 2185/2185/2185
f 2136/2136/2136 2137/2137/2137 2187/2187/2187 2186/2186/2186
f 2137/2137/2137 2138/2138/2138 2188/2188/2188 2187/2187/2187
f 2138/2138/2138 2139/2139/2139 2189/2189/2189 2188/2188/2188
f 2139/2139/2139 2140/2140/2140 2190/2190/2190 2189/2189/2189
f 2140/2140/2140 2141/2141/2141 2191/2191/2191 2190/2190/2190
f 2141/2141/2141 2142/2142/2142 2192/2192/2192 2191/2191/2191
f 2142/2142/2142 2143/2143/2143 2193/2193/2193 2192/2192/2192
f 2143/2143/2143 2144/2144/2144 2194/2194/2194 2193/2193/2193
f 2144/2144/2144 2145/2145/2145 2195/2195/2195 2194/2194/2194
f 2145/2145/2145 2146/2146/2146 2196/2196/2196 2195/2195/2195
f 2146/2146/2146 2147/2147/2147 2197/2197/2197 2196/2196/2196
f 2147/2147/2147 2148/2148/2148 2198/2198/2198 2197/2197/2197
f 2148/2148/2148 2149/2149/2149 2199/2199/2199 2198/2198/2198
f 2149/2149/2149 2150/2150/2150 2200/2200/2200 2199/2199/2199
f 2151/2152/2151 2152/2151/2152 2202/2201/2202 2201/2202/2201
f 2152/2151/2152 2153/2153/2153 2203/2203/2203 2202/2201/2202
f 2153/2153/2153 2154/2154/2154 2204/2204/2204 2203/2203/2203
f 2154/2154/2154 2155/2155/2155 2205/2205/2205 2204/2204/2204
f 2155/2155/2155 2156/2156/2156 2206/2206/2206 2205/2205/2205
f 2156/2156/2156 2157/2157/2157 2207/2207/2207 2206/2206/2206
f 2157/2157/2157 2158/2158/2158 2208/2208/2208 2207/2207/2207
f 2158/2158/2158 2159/2159/2159 2209/2209/2209 2208/2208/2208
f 2159/2159/2159 2160/2160/2160 2210/2210/2210 2209/2209/2209
f 2160/2160/2160 2161/2161/2161 2211/2211/2211 2210/2210/2210
f 2161/2161/2161 2162/2162/2162 2212/2212/2212 2211/2211/2211
f 2162/2162/2162 2163/2163/2163 2213/2213/2213 2212/2212/2212
f 2163/2163/2163 2164/2164/2164 2214/2214/2214 2213/2213/2213
f 2164/2164/2164 2165/2165/2165 2215/2215/2215 2214/2214/2214
f 2165/2165/2165 2166/2166/2166 2216/2216/2216 2215/2215/2215
f 2166/2166/2166 2167/2167/2167 2217/2217/2217 2216/2216/2216
f 2167/2167/2167 2168/2168/2168 2218/2218/2218 2217/2217/2217
f 2168/2168/2168 2169/2169/2169 2219/2219/2219 2218/2218/2218
f 2169/2169/2169 2170/2170/2170 2220/2220/2220 2219/2219/2219
f 2170/2170/2170 2171/2171/2171 2221/2221/2221 2220/2220/2220
f 2171/2171/2171 2172/2172/2172 2222/2222/2222 2221/2221/2221
f 2172/2172/2172 2173/2173/2173 2223/2223/2223 2222/2222/2222
f 2173/2173/2173 2174/2174/2174 2224/2224/2224 2223/2223/2223
f 2174/2174/2174 2175/2175/2175 2225/2225/2225 2224/2224/2224
f 2175/2175/2175 2176/2176/2176 2226/2226/2226 2225/2225/2225
f 2176/2176/2176 2177/2177/2177 2227/2227/2227 2226/2226/2226
f 2177/2177/2177 2178/2178/2178 2228/2228/2228 2227/2227/2227
f 2178/2178/2178 2179/2179/2179 2229/2229/2229 2228/2228/2228
f 2179/2179/2179 2180/2180/2180 2230/2230/2230 2229/2229/2229
f 2180/2180/2180 2181/2181/2181 2231/2231/2231 2230/2230/2230
f 2181/2181/2181 2182/2182/2182 2232/2232/2232 2231/2231/2231
f 2182/2182/2182 2183/2183/2183 2233/2233/2233 2232/2232/2232
f 2183/2183/2183 2184/2184/2184 2234/2234/2234 2233/2233/2233
f 2184/2184/2184 2185/2185/2185 2235/2235/2235 2234/2234/2234
f 2185/2185/2185 2186/2186/2186 2236/2236/2236 2235/2235/2235
f 2186/2186/2186 2187/2187/2187 2237/2237/2237 2236/2236/2236
f 2187/2187/2187 2188/2188/2188 2238/2238/2238 2237/2237/2237
f 2188/2188/2188 2189/2189/2189 2239/2239/2239 2238/2238/2238
f 2189/2189/2189 2190/2190/2190 2240/2240/2240 2239/2239/2239
f 2190/2190/2190 2191/2191/2191 2241/2241/2241 2240/2240/2240
f 2191/2191/2191 2192/2192/2192 2242/2242/2242 2241/2241/2241
f 2192/2192/2192 2193/2193/2193 2243/2243/2243 2242/2242/2242
f 2193/2193/2193 2194/2194/2194 2244/2244/2244 2243/2243/2243
f 2194/2194/2194 2195/2195/2195 2245/2245/2245 2244/2244/2244
f 2195/2195/2195 2196/2196/2196 2246/2246/2246 2245/2245/2245
f 2196/2196/2196 2197/2197/2197 2247/2247/2247 2246/2246/2246
f 2197/2197/2197 2198/2198/2198 2248/2248/2248 2247/2247/2247
f 2198/2198/2198 2199/2199/2199 2249/2249/2249 2248/2248/2248
f 2199/2199/2199 2200/2200/2200 2250/2250/2250 2249/2249/2249
f 2201/2202/2201 2202/2201/2202 2252/2251/2252 2251/2252/2251
f 2202/2201/2202 2203/2203/2203 2253/2253/2253 2252/2251/2252
f 2203/2203/2203 2204/2204/2204 2254/2254/2254 2253/2253/2253
f 2204/2204/2204 2205/2205/2205 2255/2255/2255 2254/2254/2254
f 2205/2205/2205 2206/2206/2206 2256/2256/2256 2255/2255/2255
f 2206/2206/2206 2207/2207/2207 2257/2257/2257 2256/2256/2256
f 2207/2207/2207 2208/2208/2208 2258/2258/2258 2257/2257/2257
f 2208/2208/2208 2209/2209/2209 2259/2259/2259 2258/2258/2258
f 2209/2209/2209 2210/2210/2210 2260/2260/2260 2259/2259/2259
f 2210/2210/2210 2211/2211/2211 2261/2261/2261 2260/2260/2260
f 2211/2211/2211 2212/2212/2212 2262/2262/2262 2261/2261/2261
f 2212/2212/2212 2213/2213/2213 2263/2263/2263 2262/2262/2262
f 2213/2213/2213 2214/2214/2214 2264/2264/2264 2263/2263/2263
f 2214/2214/2214 2215/2215/2215 2265/2265/2265 2264/2264/2264
f 2215/2215/2215 2216/2216/2216 2266/2266/2266 2265/2265/2265
f 2216/2216/2216 2217/2217/2217 2267/2267/2267 2266/2266/2266
f 2217/2217/2217 2218/2218/2218 2268/2268/2268 2267/2267/2267
f 2218/2218/2218 2219/2219/2219 2269/2269/2269 2268/2268/2268
f 2219/2219/2219 2220/2220/2220 2270/2270/2270 2269/2269/2269
f 2220/2220/2220 2221/2221/2221 2271/2271/2271 2270/2270/2270
f 2221/2221/2221 2222/2222/2222 2272/2272/2272 2271/2271/2271
f 2222/2222/2222 2223/2223/2223 2273/2273/2273 2272/2272/2272
f 2223/2223/2223 2224/2224/2224 2274/2274/2274 2273/2273/2273
f 2224/2224/2224 2225/2225/2225 2275/2275/2275 2274/2274/2274
f 2225/2225/2225 2226/2226/2226 2276/2276/2276 2275/2275/2275
f 2226/2226/2226 2227/2227/2227 2277/2277/2277 2276/2276/2276
f 2227/2227/2227 2228/2228/2228 2278/2278/2278 2277/2277/2277
f 2228/2228/2228 2229/2229/2229 2279/2279/2279 2278/2278/2278
f 2229/2229/2229 2230/2230/2230 2280/2280/2280 2279/2279/2279
f 2230/2230/2230 2231/2231/2231 2281/2281/2281 2280/2280/2280
f 2231/2231/2231 2232/2232/2232 2282/2282/2282 2281/2281/2281
f 2232/2232/2232 2233/2233/2233 2283/2283/2283 2282/2282/2282
f 2233/2233/2233 2234/2234/2234 2284/2284/2284 2283/2283/2283
f 2234/2234/2234 2235/2235/2235 2285/2285/2285 2284/2284/2284
f 2235/2235/2235 2236/2236/2236 2286/2286/2286 2285/2285/2285
f 2236/2236/2236 2237/2237/2237 2287/2287/2287 2286/2286/2286
f 2237/2237/2237 2238/2238/2238 2288/2288/2288 2287/2287/2287
f 2238/2238/2238 2239/2239/2239 2289/2289/2289 2288/2288/2288
f 2239/2239/2239 2240/2240/2240 2290/2290/2290 2289/2289/2289
f 2240/2240/2240 2241/2241/2241 2291/2291/2291 2290/2290/2290
f 2241/2241/2241 2242/2242/2242 2292/2292/2292 2291/2291/2291
f 2242/2242/2242 2243/2243/2243 2293/2293/2293 2292/2292/2292
f 2243/2243/2243 2244/2244/2244 2294/2294/2294 2293/2293/2293
f 2244/2244/2244 2245/2245/2245 2295/2295/2295 2294/2294/2294
f 2245/2245/2245 2246/2246/2246 2296/2296/2296 2295/2295/2295
f 2246/2246/2246 2247/2247/2247 2297/2297/2297 2296/2296/2296
f 2247/2247/2247 2248/2248/2248 2298/2298/2298 2297/2297/2297
f 2248/2248/2248 2249/2249/2249 2299/2299/2299 2298/2298/2298
f 2249/2249/2249 2250/2250/2250 2300/2300/2300 2299/2299/2299
f 2251/2252/2251 2252/2251/2252 2302/2301/2302 2301/2302/2301
f 2252/2251/2252 2253/2253/2253 2303/2303/2303 2302/2301/2302
f 2253/2253/2253 2254/2254/2254 2304/2304/2304 2303/2303/2303
f 2254/2254/2254 2255/2255/2255 2305/2305/2305 2304/2304/2304
f 2255/2255/2255 2256/2256/2256 2306/2306/2306 2305/2305/2305
f 2256/2256/2256 2257/2257/2257 2307/2307/2307 2306/2306/2306
f 2257/2257/2257 2258/2258/2258 2308/2308/2308 2307/2307/2307
f 2258/2258/2258 2259/2259/2259 2309/2309/2309 2308/2308/2308
f 2259/2259/2259 2260/2260/2260 2310/2310/2310 2309/2309/2309
f 2260/2260/2260 2261/2261/2261 2311/2311/2311 2310/2310/2310
f 2261/2261/2261 2262/2262/2262 2312/2312/2312 2311/2311/2311
f 2262/2262/2262 2263/2263/2263 2313/2313/2313 2312/2312/2312
f 2263/2263/2263 2264/2264/2264 2314/2314/2314 2313/2313/2313
f 2264/2264/2264 2265/2265/2265 2315/2315/2315 2314/2314/2314
f 2265/2265/2265 2266/2266/2266 2316/2316/2316 2315/2315/2315
f 2266/2266/2266 2267/2267/2267 2317/2317/2317 2316/2316/2316
f 2267/2267/2267 2268/2268/2268 2318/2318/2318 2317/2317/2317
f 2268/2268/2268 2269/2269/2269 2319/2319/2319 2318/2318/2318
f 2269/2269/2269 2270/2270/2270 2320/2320/2320 2319/2319/2319
f 2270/2270/2270 2271/2271/2271 2321/2321/2321 2320/2320/2320
f 2271/2271/2271 2272/2272/2272 2322/2322/2322 2321/2321/2321
f 2272/2272/2272 2273/2273/2273 2323/2323/2323 2322/2322/2322
f 2273/2273/2273 2274/2274/2274 2324/2324/2324 2323/2323/2323
f 2274/2274/2274 2275/2275/2275 2325/2325/2325 2324/2324/2324
f 2275/2275/2275 2276/2276/2276 2326/2326/2326 2325/2325/2325
f 2276/2276/2276 2277/2277/2277 2327/2327/2327 2326/2326/2326
f 2277/2277/2277 2278/2278/2278 2328/2328/2328 2327/2327/2327
f 2278/2278/2278 2279/2279/2279 2329/2329/2329 2328/2328/2328
f 2279/2279/2279 2280/2280/2280 2330/2330/2330 2329/2329/2329
f 2280/2280/2280 2281/2281/2281 2331/2331/2331 2330/2330/2330
f 2281/2281/2281 2282/2282/2282 2332/2332/2332 2331/2331/2331
f 2282/2282/2282 2283/2283/2283 2333/2333/2333 2332/2332/2332
f 2283/2283/2283 2284/2284/2284 2334/2334/2334 2333/2333/2333
f 2284/2284/2284 2285/2285/2285 2335/2335/2335 2334/2334/2334
f 2285/2285/2285 2286/2286/2286 2336/2336/2336 2335/2335/2335
f 2286/2286/2286 2287/2287/2287 2337/2337/2337 2336/2336/2336
f 2287/2287/2287 2288/2288/2288 2338/2338/2338 2337/2337/2337
f 2288/2288/2288 2289/2289/2289 2339/2339/2339 2338/2338/2338
f 2289/2289/2289 2290/2290/2290 2340/2340/2340 2339/2339/2339
f 2290/2290/2290 2291/2291/2291 2341/2341/2341 2340/2340/2340
f 2291/2291/2291 2292/2292/2292 2342/2342/2342 2341/2341/2341
f 2292/2292/2292 2293/2293/2293 2343/2343/2343 2342/2342/2342
f 2293/2293/2293 2294/2294/2294 2344/2344/2344 2343/2343/2343
f 2294/2294/2294 2295/2295/2295 2345/2345/2345 2344/2344/2344
f 2295/2295/2295 2296/2296/2296 2346/2346/2346 2345/2345/2345
f 2296/2296/2296 2297/2297/2297 2347/2347/2347 2346/2346/2346
f 2297/2297/2297 2298/2298/2298 2348/2348/2348 2347/2347/2347
f 2298/2298/2298 2299/2299/2299 2349/2349/2349 2348/2348/2348
f 2299/2299/2299 2300/2300/2300 2350/2350/2350 2349/2349/2349
f 2301/2302/2301 2302/2301/2302 2352/2351/2352 2351/2352/2351
f 2302/2301/2302 2303/2303/2303 2353/2353/2353 2352/2351/2352
f 2303/2303/2303 2304/2304/2304 2354/2354/2354 2353/2353/2353
f 2304/2304/2304 2305/2305/2305 2355/2355/2355 2354/2354/2354
f 2305/2305/2305 2306/2306/2306 2356/2356/2356 2355/2355/2355
f 2306/2306/2306 2307/2307/2307 2357/2357/2357 2356/2356/2356
f 2307/2307/2307 2308/2308/2308 2358/2358/2358 2357/2357/2357
f 2308/2308/2308 2309/2309/2309 2359/2359/2359 2358/2358/2358
f 2309/2309/2309 2310/2310/2310 2360/2360/2360 2359/2359/2359
f 2310/2310/2310 2311/2311/2311 2361/2361/2361 2360/2360/2360
f 2311/2311/2311 2312/2312/2312 2362/2362/2362 2361/2361/2361
f 2312/2312/2312 2313/2313/2313 2363/2363/2363 2362/2362/2362
f 2313/2313/2313 2314/2314/2314 2364/2364/2364 2363/2363/2363
f 2314/2314/2314 2315/2315/2315 2365/2365/2365 2364/2364/2364
f 2315/2315/2315 2316/2316/2316 2366/2366/2366 2365/2365/2365
f 2316/2316/2316 2317/2317/2317 2367/2367/2367 2366/2366/2366
f 2317/2317/2317 2318/2318/2318 2368/2368/2368 2367/2367/2367
f 2318/2318/2318 2319/2319/2319 2369/2369/2369 2368/2368/2368
f 2319/2319/2319 2320/2320/2320 2370/2370/2370 2369/2369/2369
f 2320/2320/2320 2321/2321/2321 2371/2371/2371 2370/2370/2370
f 2321/2321/2321 2322/2322/2322 2372/2372/2372 2371/2371/2371
f 2322/2322/2322 2323/2323/2323 2373/2373/2373 2372/2372/2372
f 2323/2323/2323 2324/2324/2324 2374/2374/2374 2373/2373/2373
f 2324/2324/2324 2325/2325/2325 2375/2375/2375 2374/2374/2374
f 2325/2325/2325 2326/2326/2326 2376/2376/2376 2375/2375/2375
f 2326/2326/2326 2327/2327/2327 2377/2377/2377 2376/2376/2376
f 2327/2327/2327 2328/2328/2328 2378/2378/2378 2377/2377/2377
f 2328/2328/2328 2329/2329/2329 2379/2379/2379 2378/2378/2378
f 2329/2329/2329 2330/2330/2330 2380/2380/2380 2379/2379/2379
f 2330/2330/2330 2331/2331/2331 2381/2381/2381 2380/2380/2380
f 2331/2331/2331 2332/2332/2332 2382/2382/2382 2381/2381/2381
f 2332/2332/2332 2333/2333/2333 2383/2383/2383 2382/2382/2382
f 2333/2333/2333 2334/2334/2334 2384/2384/2384 2383/2383/2383
f 2334/2334/2334 2335/2335/2335 2385/2385/2385 2384/2384/2384
f 2335/2335/2335 2336/2336/2336 2386/2386/2386 2385/2385/2385
f 2336/2336/2336 2337/2337/2337 2387/2387/2387 2386/2386/2386
f 2337/2337/2337 2338/2338/2338 2388/2388/2388 2387/2387/2387
f 2338/2338/2338 2339/2339/2339 2389/2389/2389 2388/2388/2388
f 2339/2339/2339 2340/2340/2340 2390/2390/2390 2389/2389/2389
f 2340/2340/2340 2341/2341/2341 2391/2391/2391 2390/2390/2390
f 2341/2341/2341 2342/2342/2342 2392/2392/2392 2391/2391/2391
f 2342/2342/2342 2343/2343/2343 2393/2393/2393 2392/2392/2392
f 2343/2343/2343 2344/2344/2344 2394/2394/2394 2393/2393/2393
f 2344/2344/2344 2345/2345/2345 2395/2395/2395 2394/2394/2394
f 2345/2345/2345 2346/2346/2346 2396/2396/2396 2395/2395/2395
f 2346/2346/2346 2347/2347/2347 2397/2397/2397 2396/2396/2396
f 2347/2347/2347 2348/2348/2348 2398/2398/2398 2397/2397/2397
f 2348/2348/2348 2349/2349/2349 2399/2399/2399 2398/2398/2398
f 2349/2349/2349 2350/2350/2350 2400/2400/2400 2399/2399/2399
f 2351/2352/2351 2352/2351/2352 2402/2401/2402 2401/2402/2401
f 2352/2351/2352 2353/2353/2353 2403/2403/2403 2402/2401/2402
f 2353/2353/2353 2354/2354/2354 2404/2404/2404 2403/2403/2403
f 2354/2354/2354 2355/2355/2355 2405/2405/2405 2404/2404/2404
f 2355/2355/2355 2356/2356/2356 2406/2406/2406 2405/2405/2405
f 2356/2356/2356 2357/2357/2357 2407/2407/2407 2406/2406/2406
f 2357/2357/2357 2358/2358/2358 2408/2408/2408 2407/2407/2407
f 2358/2358/2358 2359/2359/2359 2409/2409/2409 2408/2408/2408
f 2359/2359/2359 2360/2360/2360 2410/2410/2410 2409/2409/2409
f 2360/2360/2360 2361/2361/2361 2411/2411/2411 2410/2410/2410
f 2361/2361/2361 2362/2362/2362 2412/2412/2412 2411/2411/2411
f 2362/2362/2362 2363/2363/2363 2413/2413/2413 2412/2412/2412
f 2363/2363/2363 2364/2364/2364 2414/2414/2414 2413/2413/2413
f 2364/2364/2364 2365/2365/2365 2415/2415/2415 2414/2414/2414
f 2365/2365/2365 2366/2366/2366 2416/2416/2416 2415/2415/2415
f 2366/2366/2366 2367/2367/2367 2417/2417/2417 2416/2416/2416
f 2367/2367/2367 2368/2368/2368 2418/2418/2418 2417/2417/2417
f 2368/2368/2368 2369/2369/2369 2419/2419/2419 2418/2418/2418
f 2369/2369/2369 2370/2370/2370 2420/2420/2420 2419/2419/2419
f 2370/2370/2370 2371/2371/2371 2421/2421/2421 2420/2420/2420
f 2371/2371/2371 2372/2372/2372 2422/2422/2422 2421/2421/2421
f 2372/2372/2372 2373/2373/2373 2423/2423/2423 2422/2422/2422
f 2373/2373/2373 2374/2374/2374 2424/2424/2424 2423/2423/2423
f 2374/2374/2374 2375/2375/2375 2425/2425/2425 2424/2424/2424
f 2375/2375/2375 2376/2376/2376 2426/2426/2426 2425/2425/2425
f 2376/2376/2376 2377/2377/2377 2427/2427/2427 2426/2426/2426
f 2377/2377/2377 2378/2378/2378 2428/2428/2428 2427/2427/2427
f 2378/2378/2378 2379/2379/2379 2429/2429/2429 2428/2428/2428
f 2379/2379/2379 2380/2380/2380 2430/2430/2430 2429/2429/2429
f 2380/2380/2380 2381/2381/2381 2431/2431/2431 2430/2430/2430
f 2381/2381/2381 2382/2382/2382 2432/2432/2432 2431/2431/2431
f 2382/2382/2382 2383/2383/2383 2433/2433/2433 2432/2432/2432
f 2383/2383/2383 2384/2384/2384 2434/2434/2434 2433/2433/2433
f 2384/2384/2384 2385/2385/2385 2435/2435/2435 2434/2434/2434
f 2385/2385/2385 2386/2386/2386 2436/2436/2436 2435/2435/2435
f 2386/2386/2386 2387/2387/2387 2437/2437/2437 2436/2436/2436
f 2387/2387/2387 2388/2388/2388 2438/2438/2438 2437/2437/2437
f 2388/2388/2388 2389/2389/2389 2439/2439/2439 2438/2438/2438
f 2389/2389/2389 2390/2390/2390 2440/2440/2440 2439/2439/2439
f 2390/2390/2390 2391/2391/2391 2441/2441/2441 2440/2440/2440
f 2391/2391/2391 2392/2392/2392 2442/2442/2442 2441/2441/2441
f 2392/2392/2392 2393/2393/2393 2443/2443/2443 2442/2442/2442
f 2393/2393/2393 2394/2394/2394 2444/2444/2444 2443/2443/2443
f 2394/2394/2394 2395/2395/2395 2445/2445/2445 2444/2444/2444
f 2395/2395/2395 2396/2396/2396 2446/2446/2446 2445/2445/2445
f 2396/2396/2396 2397/2397/2397 2447/2447/2447 2446/2446/2446
f 2397/2397/2397 2398/2398/2398 2448/2448/2448 2447/2447/2447
f 2398/2398/2398 2399/2399/2399 2449/2449/2449 2448/2448/2448
f 2399/2399/2399 2400/2400/2400 2450/2450/2450 2449/2449/2449
f 2401/2402/2401 2402/2401/2402 2452/2451/2452 2451/2452/2451
f 2402/2401/2402 2403/2403/2403 2453/2453/2453 2452/2451/2452
f 2403/2403/2403 2404/2404/2404 2454/2454/2454 2453/2453/2453
f 2404/2404/2404 2405/2405/2405 2455/2455/2455 2454/2454/2454
f 2405/2405/2405 2406/2406/2406 2456/2456/2456 2455/2455/2455
f 2406/2406/2406 2407/2407/2407 2457/2457/2457 2456/2456/2456
f 2407/2407/2407 2408/2408/2408 2458/2458/2458 2457/2457/2457
f 2408/2408/2408 2409/2409/2409 2459/2459/2459 2458/2458/2458
f 2409/2409/2409 2410/2410/2410 2460/2460/2460 2459/2459/2459
f 2410/2410/2410 2411/2411/2411 2461/2461/2461 2460/2460/2460
f 2411/2411/2411 2412/2412/2412 2462/2462/2462 2461/2461/2461
f 2412/2412/2412 2413/2413/2413 2463/2463/2463 2462/2462/2462
f 2413/2413/2413 2414/2414/2414 2464/2464/2464 2463/2463/2463
f 2414/2414/2414 2415/2415/2415 2465/2465/2465 2464/2464/2464
f 2415/2415/2415 2416/2416/2416 2466/2466/2466 2465/2465/2465
f 2416/2416/2416 2417/2417/2417 2467/2467/2467 2466/2466/2466
f 2417/2417/2417 2418/2418/2418 2468/2468/2468 2467/2467/2467
f 2418/2418/2418 2419/2419/2419 2469/2469/2469 2468/2468/2468
f 2419/2419/2419 2420/2420/2420 2470/2470/2470 2469/2469/2469
f 2420/2420/2420 2421/2421/2421 2471/2471/2471 2470/2470/2470
f 2421/2421/2421 2422/2422/2422 2472/2472/2472 2471/2471/2471
f 2422/2422/2422 2423/2423/2423 2473/2473/2473 2472/2472/2472
f 2423/2423/2423 2424/2424/2424 2474/2474/2474 2473/2473/2473
f 2424/2424/2424 2425/2425/2425 2475/2475/2475 2474/2474/2474
f 2425/2425/2425 2426/2426/2426 2476/2476/2476 2475/2475/2475
f 2426/2426/2426 2427/2427/2427 2477/2477/2477 2476/2476/2476
f 2427/2427/2427 2428/2428/2428 2478/2478/2478 2477/2477/2477
f 2428/2428/2428 2429/2429/2429 2479/2479/2479 2478/2478/2478
f 2429/2429/2429 2430/2430/2430 2480/2480/2480 2479/2479/2479
f 2430/2430/2430 2431/2431/2431 2481/2481/2481 2480/2480/2480
f 2431/2431/2431 2432/2432/2432 2482/2482/2482 2481/2481/2481
f 2432/2432/2432 2433/2433/2433 2483/2483/2483 2482/2482/2482
f 2433/2433/2433 2434/2434/2434 2484/2484/2484 2483/2483/2483
f 2434/2434/2434 2435/2435/2435 2485/2485/2485 2484/2484/2484
f 2435/2435/2435 2436/2436/2436 2486/2486/2486 2485/2485/2485
f 2436/2436/2436 2437/2437/2437 2487/2487/2487 2486/2486/2486
f 2437/2437/2437 2438/2438/2438 2488/2488/2488 2487/2487/2487
f 2438/2438/2438 2439/2439/2439 2489/2489/2489 2488/2488/2488
f 2439/2439/2439 2440/2440/2440 2490/2490/2490 2489/2489/2489
f 2440/2440/2440 2441/2441/2441 2491/2491/2491 2490/2490/2490
f 2441/2441/2441 2442/2442/2442 2492/2492/2492 2491/2491/2491
f 2442/2442/2442 2443/2443/2443 2493/2493/2493 2492/2492/2492
f 2443/2443/2443 2444/2444/2444 2494/2494/2494 2493/2493/2493
f 2444/2444/2444 2445/2445/2445 2495/2495/2495 2494/2494/2494
f 2445/2445/2445 2446/2446/2446 2496/2496/2496 2495/2495/2495
f 2446/2446/2446 2447/2447/2447 2497/2497/2497 2496/2496/2496
f 2447/2447/2447 2448/2448/2448 2498/2498/2498 2497/2497/2497
f 2448/2448/2448 2449/2449/2449 2499/2499/2499 2498/2498/2498
f 2449/2449/2449 2450/2450/2450 2500/2500/2500 2499/2499/2499
